City,Date,AQI,PM2.5,PM10,NO2,SO2,CO
Delhi,2019-01-01,289,176,351,77,26,1
Delhi,2019-01-02,268,138,346,92,28,2
Delhi,2019-01-03,297,162,373,47,11,1
Delhi,2019-01-04,291,162,206,40,21,4
Delhi,2019-01-05,259,196,302,66,34,1
Delhi,2019-01-06,282,296,325,56,16,0
Delhi,2019-01-07,252,224,93,58,38,2
Delhi,2019-01-08,273,157,182,65,39,0
Delhi,2019-01-09,283,288,117,64,40,3
Delhi,2019-01-10,261,139,320,22,26,4
Delhi,2019-01-11,244,58,314,61,19,1
Delhi,2019-01-12,277,154,369,20,29,0
Delhi,2019-01-13,273,107,174,40,40,0
Delhi,2019-01-14,274,68,302,51,10,0
Delhi,2019-01-15,270,109,134,72,17,4
Delhi,2019-01-16,280,116,92,57,37,3
Delhi,2019-01-17,268,285,243,79,10,2
Delhi,2019-01-18,299,225,228,61,30,3
Delhi,2019-01-19,260,53,125,23,7,1
Delhi,2019-01-20,280,111,340,96,8,1
Delhi,2019-01-21,271,109,298,72,40,4
Delhi,2019-01-22,278,291,376,26,6,3
Delhi,2019-01-23,256,205,86,35,16,4
Delhi,2019-01-24,255,119,307,50,36,3
Delhi,2019-01-25,295,187,166,20,49,0
Delhi,2019-01-26,269,264,357,67,40,0
Delhi,2019-01-27,268,60,188,50,27,4
Delhi,2019-01-28,254,99,367,79,28,0
Delhi,2019-01-29,289,180,91,71,33,3
Delhi,2019-01-30,264,150,246,63,43,0
Delhi,2019-01-31,286,286,114,91,25,2
Delhi,2019-02-01,207,157,304,77,40,2
Delhi,2019-02-02,201,144,380,46,49,4
Delhi,2019-02-03,223,121,385,40,39,4
Delhi,2019-02-04,228,65,326,77,26,3
Delhi,2019-02-05,227,167,228,65,27,4
Delhi,2019-02-06,222,125,280,82,32,2
Delhi,2019-02-07,238,208,377,66,25,1
Delhi,2019-02-08,242,102,311,31,34,0
Delhi,2019-02-09,222,217,226,44,22,3
Delhi,2019-02-10,212,258,112,99,11,0
Delhi,2019-02-11,201,289,99,73,20,4
Delhi,2019-02-12,212,92,395,68,33,1
Delhi,2019-02-13,212,114,316,72,8,2
Delhi,2019-02-14,243,132,258,78,31,2
Delhi,2019-02-15,229,267,393,50,20,0
Delhi,2019-02-16,215,111,225,39,36,1
Delhi,2019-02-17,214,183,376,89,5,4
Delhi,2019-02-18,196,286,198,72,26,3
Delhi,2019-02-19,247,92,86,44,17,2
Delhi,2019-02-20,213,264,213,34,37,4
Delhi,2019-02-21,224,283,172,90,40,3
Delhi,2019-02-22,221,102,150,58,32,0
Delhi,2019-02-23,231,200,125,27,28,1
Delhi,2019-02-24,205,224,373,42,37,3
Delhi,2019-02-25,230,99,132,96,10,2
Delhi,2019-02-26,206,108,214,29,14,0
Delhi,2019-02-27,205,69,90,25,10,2
Delhi,2019-02-28,209,125,341,31,30,0
Delhi,2019-03-01,191,90,256,23,18,0
Delhi,2019-03-02,236,193,319,92,41,0
Delhi,2019-03-03,224,64,177,30,16,3
Delhi,2019-03-04,212,102,206,28,14,1
Delhi,2019-03-05,232,229,134,60,32,1
Delhi,2019-03-06,201,142,220,89,12,1
Delhi,2019-03-07,231,132,318,27,41,2
Delhi,2019-03-08,229,101,312,72,48,0
Delhi,2019-03-09,218,149,181,42,39,1
Delhi,2019-03-10,222,158,336,46,19,3
Delhi,2019-03-11,192,152,136,98,20,4
Delhi,2019-03-12,198,106,224,24,7,3
Delhi,2019-03-13,217,281,161,29,46,4
Delhi,2019-03-14,192,80,311,62,39,3
Delhi,2019-03-15,248,52,310,81,6,3
Delhi,2019-03-16,200,272,267,47,31,0
Delhi,2019-03-17,235,161,200,23,11,2
Delhi,2019-03-18,227,136,131,31,47,1
Delhi,2019-03-19,202,129,177,34,26,3
Delhi,2019-03-20,238,241,236,94,37,3
Delhi,2019-03-21,204,180,151,68,43,0
Delhi,2019-03-22,219,107,140,71,21,0
Delhi,2019-03-23,242,206,324,70,24,3
Delhi,2019-03-24,241,246,148,38,37,0
Delhi,2019-03-25,192,148,351,45,21,1
Delhi,2019-03-26,219,119,289,88,29,2
Delhi,2019-03-27,202,222,151,33,45,2
Delhi,2019-03-28,211,205,315,79,45,4
Delhi,2019-03-29,196,266,217,45,18,2
Delhi,2019-03-30,209,87,262,38,38,0
Delhi,2019-03-31,207,76,113,41,21,3
Delhi,2019-04-01,243,218,361,98,11,2
Delhi,2019-04-02,230,95,91,29,14,2
Delhi,2019-04-03,212,137,323,75,15,4
Delhi,2019-04-04,238,299,187,88,26,3
Delhi,2019-04-05,217,252,242,32,33,2
Delhi,2019-04-06,240,295,231,79,29,3
Delhi,2019-04-07,231,73,276,78,30,0
Delhi,2019-04-08,218,119,392,63,13,1
Delhi,2019-04-09,207,236,388,94,9,2
Delhi,2019-04-10,247,259,159,84,25,3
Delhi,2019-04-11,211,163,390,56,38,3
Delhi,2019-04-12,192,257,234,31,34,4
Delhi,2019-04-13,205,161,386,98,6,2
Delhi,2019-04-14,194,88,316,96,13,1
Delhi,2019-04-15,225,98,300,56,37,0
Delhi,2019-04-16,238,143,293,84,11,1
Delhi,2019-04-17,248,84,160,94,40,1
Delhi,2019-04-18,247,260,201,53,39,1
Delhi,2019-04-19,240,179,80,20,35,3
Delhi,2019-04-20,217,208,228,51,26,2
Delhi,2019-04-21,218,133,302,40,40,2
Delhi,2019-04-22,248,147,140,30,38,0
Delhi,2019-04-23,227,54,152,22,43,2
Delhi,2019-04-24,224,110,314,32,29,4
Delhi,2019-04-25,233,194,266,59,12,2
Delhi,2019-04-26,198,188,145,94,32,0
Delhi,2019-04-27,199,95,262,46,33,4
Delhi,2019-04-28,229,277,379,72,29,1
Delhi,2019-04-29,210,174,151,24,44,2
Delhi,2019-04-30,231,265,230,22,36,0
Delhi,2019-05-01,219,169,110,92,17,1
Delhi,2019-05-02,245,211,254,48,18,4
Delhi,2019-05-03,207,98,377,88,43,1
Delhi,2019-05-04,227,170,183,36,48,0
Delhi,2019-05-05,212,224,357,26,40,1
Delhi,2019-05-06,220,64,131,78,34,4
Delhi,2019-05-07,233,74,104,50,32,1
Delhi,2019-05-08,202,284,180,26,46,4
Delhi,2019-05-09,214,265,198,94,28,4
Delhi,2019-05-10,206,271,267,83,16,2
Delhi,2019-05-11,235,131,302,39,32,4
Delhi,2019-05-12,211,252,175,47,32,4
Delhi,2019-05-13,211,109,193,33,26,4
Delhi,2019-05-14,230,193,103,86,11,0
Delhi,2019-05-15,230,284,367,81,19,0
Delhi,2019-05-16,215,159,356,27,49,1
Delhi,2019-05-17,227,238,349,85,35,1
Delhi,2019-05-18,233,75,124,50,35,2
Delhi,2019-05-19,245,209,304,28,36,2
Delhi,2019-05-20,221,252,228,98,48,4
Delhi,2019-05-21,199,199,197,37,34,0
Delhi,2019-05-22,222,189,327,68,36,0
Delhi,2019-05-23,196,95,95,84,6,2
Delhi,2019-05-24,236,297,164,27,9,1
Delhi,2019-05-25,225,52,191,66,37,3
Delhi,2019-05-26,193,224,238,69,15,3
Delhi,2019-05-27,246,129,207,20,26,4
Delhi,2019-05-28,245,243,123,82,14,4
Delhi,2019-05-29,210,152,252,64,31,1
Delhi,2019-05-30,242,51,396,51,37,4
Delhi,2019-05-31,196,51,226,50,30,2
Delhi,2019-06-01,202,62,365,83,34,4
Delhi,2019-06-02,185,292,276,50,48,2
Delhi,2019-06-03,188,290,344,65,10,3
Delhi,2019-06-04,188,119,203,26,32,2
Delhi,2019-06-05,176,209,358,74,23,4
Delhi,2019-06-06,198,199,157,62,21,2
Delhi,2019-06-07,170,112,254,34,5,0
Delhi,2019-06-08,189,124,217,47,6,0
Delhi,2019-06-09,193,198,317,65,43,4
Delhi,2019-06-10,177,145,144,85,25,3
Delhi,2019-06-11,204,280,102,92,8,4
Delhi,2019-06-12,223,204,115,32,42,0
Delhi,2019-06-13,211,54,281,57,5,2
Delhi,2019-06-14,188,56,343,44,27,2
Delhi,2019-06-15,199,183,95,97,6,2
Delhi,2019-06-16,213,75,140,21,16,3
Delhi,2019-06-17,201,168,285,26,5,2
Delhi,2019-06-18,171,77,320,81,20,1
Delhi,2019-06-19,202,156,102,31,49,4
Delhi,2019-06-20,214,241,109,35,35,2
Delhi,2019-06-21,221,140,224,64,35,3
Delhi,2019-06-22,216,125,348,77,37,1
Delhi,2019-06-23,222,99,190,41,37,1
Delhi,2019-06-24,207,209,298,34,42,2
Delhi,2019-06-25,224,247,377,41,15,2
Delhi,2019-06-26,174,276,343,52,43,0
Delhi,2019-06-27,204,276,95,95,33,1
Delhi,2019-06-28,221,106,212,57,18,0
Delhi,2019-06-29,191,108,158,61,24,1
Delhi,2019-06-30,182,203,111,68,12,1
Delhi,2019-07-01,224,259,149,51,14,3
Delhi,2019-07-02,200,114,322,74,31,3
Delhi,2019-07-03,215,164,312,87,18,2
Delhi,2019-07-04,174,201,195,98,41,3
Delhi,2019-07-05,203,163,180,50,42,0
Delhi,2019-07-06,180,160,234,70,7,0
Delhi,2019-07-07,216,226,271,56,49,0
Delhi,2019-07-08,200,285,92,35,34,3
Delhi,2019-07-09,220,156,383,31,48,1
Delhi,2019-07-10,179,203,116,44,36,3
Delhi,2019-07-11,184,137,145,47,43,1
Delhi,2019-07-12,212,245,253,34,39,0
Delhi,2019-07-13,215,220,173,49,32,1
Delhi,2019-07-14,219,56,316,99,18,2
Delhi,2019-07-15,181,237,353,93,6,1
Delhi,2019-07-16,228,115,334,37,15,0
Delhi,2019-07-17,183,216,285,33,17,0
Delhi,2019-07-18,182,131,112,20,33,1
Delhi,2019-07-19,197,295,320,94,15,3
Delhi,2019-07-20,222,157,101,90,38,4
Delhi,2019-07-21,197,154,294,41,42,1
Delhi,2019-07-22,219,286,113,79,14,2
Delhi,2019-07-23,200,229,308,92,6,2
Delhi,2019-07-24,202,203,354,70,31,4
Delhi,2019-07-25,226,125,173,83,28,4
Delhi,2019-07-26,194,88,200,63,28,4
Delhi,2019-07-27,183,286,381,61,43,1
Delhi,2019-07-28,204,98,134,44,45,4
Delhi,2019-07-29,223,101,201,61,44,4
Delhi,2019-07-30,218,268,168,44,47,4
Delhi,2019-07-31,226,126,111,42,13,4
Delhi,2019-08-01,209,201,184,73,9,0
Delhi,2019-08-02,196,202,292,62,39,2
Delhi,2019-08-03,201,246,384,63,21,1
Delhi,2019-08-04,215,264,261,51,8,1
Delhi,2019-08-05,182,66,80,75,14,2
Delhi,2019-08-06,221,289,253,30,12,4
Delhi,2019-08-07,221,91,385,53,49,0
Delhi,2019-08-08,183,68,150,91,5,2
Delhi,2019-08-09,175,172,220,69,9,3
Delhi,2019-08-10,224,87,243,21,18,2
Delhi,2019-08-11,201,56,189,99,9,2
Delhi,2019-08-12,199,206,184,90,19,0
Delhi,2019-08-13,225,239,316,49,32,4
Delhi,2019-08-14,217,74,259,50,21,4
Delhi,2019-08-15,173,131,289,74,34,2
Delhi,2019-08-16,210,99,277,86,21,3
Delhi,2019-08-17,214,287,360,34,16,4
Delhi,2019-08-18,226,230,368,23,24,4
Delhi,2019-08-19,194,150,206,21,44,0
Delhi,2019-08-20,193,256,174,41,21,1
Delhi,2019-08-21,176,247,83,53,18,2
Delhi,2019-08-22,215,288,350,47,21,0
Delhi,2019-08-23,213,130,182,99,28,2
Delhi,2019-08-24,188,262,194,21,24,1
Delhi,2019-08-25,211,117,368,76,5,2
Delhi,2019-08-26,173,149,160,37,36,3
Delhi,2019-08-27,215,90,202,52,41,3
Delhi,2019-08-28,170,87,347,45,38,4
Delhi,2019-08-29,213,91,329,96,26,1
Delhi,2019-08-30,229,217,228,51,11,2
Delhi,2019-08-31,186,259,83,97,29,1
Delhi,2019-09-01,202,132,398,64,32,4
Delhi,2019-09-02,241,136,229,79,5,1
Delhi,2019-09-03,210,125,324,42,25,1
Delhi,2019-09-04,237,128,177,87,37,1
Delhi,2019-09-05,198,267,330,63,23,2
Delhi,2019-09-06,216,267,283,88,39,2
Delhi,2019-09-07,239,217,273,29,35,1
Delhi,2019-09-08,220,237,88,25,27,4
Delhi,2019-09-09,249,253,307,52,36,3
Delhi,2019-09-10,198,255,388,51,39,2
Delhi,2019-09-11,224,126,244,98,13,4
Delhi,2019-09-12,191,211,275,51,32,3
Delhi,2019-09-13,243,217,397,87,25,2
Delhi,2019-09-14,192,101,390,50,33,4
Delhi,2019-09-15,195,61,299,25,48,0
Delhi,2019-09-16,239,252,354,36,25,2
Delhi,2019-09-17,231,168,256,93,9,4
Delhi,2019-09-18,243,62,155,49,42,4
Delhi,2019-09-19,246,241,99,63,8,3
Delhi,2019-09-20,230,297,286,48,37,4
Delhi,2019-09-21,196,61,196,40,47,2
Delhi,2019-09-22,213,221,349,83,33,3
Delhi,2019-09-23,191,119,168,53,31,1
Delhi,2019-09-24,241,69,160,62,38,1
Delhi,2019-09-25,233,185,212,34,37,2
Delhi,2019-09-26,194,226,264,20,24,2
Delhi,2019-09-27,226,167,197,85,23,3
Delhi,2019-09-28,249,238,201,48,49,0
Delhi,2019-09-29,203,207,320,37,38,2
Delhi,2019-09-30,195,117,227,59,29,4
Delhi,2019-10-01,241,112,360,46,38,4
Delhi,2019-10-02,245,114,161,94,37,3
Delhi,2019-10-03,235,233,349,35,49,0
Delhi,2019-10-04,236,169,377,47,18,4
Delhi,2019-10-05,241,100,351,67,12,3
Delhi,2019-10-06,220,227,294,31,36,4
Delhi,2019-10-07,248,279,106,74,34,1
Delhi,2019-10-08,234,276,155,20,33,1
Delhi,2019-10-09,242,159,81,48,39,1
Delhi,2019-10-10,221,68,290,26,22,0
Delhi,2019-10-11,242,221,105,46,12,4
Delhi,2019-10-12,247,157,382,88,22,1
Delhi,2019-10-13,231,248,386,32,24,4
Delhi,2019-10-14,208,96,203,76,22,0
Delhi,2019-10-15,195,223,156,68,23,3
Delhi,2019-10-16,209,125,85,78,28,0
Delhi,2019-10-17,208,197,148,44,30,2
Delhi,2019-10-18,231,185,232,78,29,1
Delhi,2019-10-19,239,82,242,62,6,1
Delhi,2019-10-20,242,207,356,56,49,4
Delhi,2019-10-21,209,172,131,64,37,2
Delhi,2019-10-22,190,197,114,59,41,3
Delhi,2019-10-23,249,286,207,79,5,1
Delhi,2019-10-24,192,142,154,71,18,2
Delhi,2019-10-25,221,60,162,24,9,3
Delhi,2019-10-26,200,84,149,97,9,3
Delhi,2019-10-27,204,146,88,96,23,1
Delhi,2019-10-28,191,164,322,90,32,0
Delhi,2019-10-29,205,179,163,28,46,4
Delhi,2019-10-30,240,77,157,70,23,4
Delhi,2019-10-31,226,262,395,57,27,4
Delhi,2019-11-01,261,90,106,89,15,2
Delhi,2019-11-02,281,269,136,37,40,4
Delhi,2019-11-03,292,285,277,94,33,3
Delhi,2019-11-04,279,201,369,57,14,4
Delhi,2019-11-05,295,201,222,38,40,1
Delhi,2019-11-06,244,67,231,42,24,1
Delhi,2019-11-07,295,147,108,73,30,0
Delhi,2019-11-08,276,246,291,41,28,2
Delhi,2019-11-09,245,221,375,61,30,1
Delhi,2019-11-10,270,220,331,25,25,1
Delhi,2019-11-11,271,278,126,50,13,3
Delhi,2019-11-12,272,108,215,49,35,0
Delhi,2019-11-13,276,146,250,26,18,2
Delhi,2019-11-14,246,275,182,28,13,1
Delhi,2019-11-15,250,245,142,45,14,3
Delhi,2019-11-16,256,140,224,20,21,4
Delhi,2019-11-17,247,118,395,50,41,4
Delhi,2019-11-18,292,66,229,52,35,4
Delhi,2019-11-19,265,189,251,69,6,3
Delhi,2019-11-20,295,279,366,81,18,4
Delhi,2019-11-21,296,282,91,94,13,0
Delhi,2019-11-22,274,123,272,37,16,0
Delhi,2019-11-23,299,104,375,74,9,4
Delhi,2019-11-24,279,169,218,91,22,0
Delhi,2019-11-25,264,297,202,69,40,1
Delhi,2019-11-26,247,206,324,98,36,0
Delhi,2019-11-27,288,96,329,40,31,0
Delhi,2019-11-28,259,52,192,37,23,0
Delhi,2019-11-29,244,186,263,30,35,1
Delhi,2019-11-30,272,135,140,51,12,4
Delhi,2019-12-01,254,66,183,61,20,2
Delhi,2019-12-02,258,70,298,64,38,3
Delhi,2019-12-03,277,119,376,30,45,4
Delhi,2019-12-04,245,135,300,71,10,0
Delhi,2019-12-05,263,124,105,80,23,4
Delhi,2019-12-06,282,243,176,76,38,0
Delhi,2019-12-07,260,55,93,49,37,3
Delhi,2019-12-08,270,128,359,30,16,1
Delhi,2019-12-09,248,227,338,37,8,2
Delhi,2019-12-10,240,216,84,52,45,2
Delhi,2019-12-11,279,178,136,24,11,0
Delhi,2019-12-12,268,171,176,24,18,2
Delhi,2019-12-13,256,258,243,98,43,3
Delhi,2019-12-14,246,174,171,61,9,3
Delhi,2019-12-15,283,199,256,25,46,4
Delhi,2019-12-16,266,143,386,56,42,0
Delhi,2019-12-17,252,229,372,72,33,3
Delhi,2019-12-18,266,119,266,60,37,0
Delhi,2019-12-19,293,244,218,45,12,3
Delhi,2019-12-20,283,251,174,47,46,3
Delhi,2019-12-21,251,292,367,42,15,2
Delhi,2019-12-22,287,229,289,51,41,2
Delhi,2019-12-23,262,71,326,20,47,2
Delhi,2019-12-24,269,245,102,38,35,0
Delhi,2019-12-25,294,126,297,95,19,1
Delhi,2019-12-26,284,138,346,26,29,1
Delhi,2019-12-27,299,62,318,66,41,0
Delhi,2019-12-28,253,274,388,39,47,0
Delhi,2019-12-29,261,144,300,49,22,3
Delhi,2019-12-30,279,210,293,83,39,4
Delhi,2019-12-31,276,255,96,27,28,1
Delhi,2020-01-01,271,275,231,24,45,4
Delhi,2020-01-02,297,106,383,74,6,2
Delhi,2020-01-03,246,107,120,53,47,4
Delhi,2020-01-04,257,240,198,49,26,4
Delhi,2020-01-05,279,278,172,54,35,4
Delhi,2020-01-06,295,250,84,53,47,3
Delhi,2020-01-07,255,60,125,28,36,4
Delhi,2020-01-08,246,217,125,30,38,2
Delhi,2020-01-09,294,181,80,25,25,0
Delhi,2020-01-10,292,249,84,26,24,4
Delhi,2020-01-11,253,191,84,39,41,0
Delhi,2020-01-12,245,185,155,38,14,0
Delhi,2020-01-13,255,261,360,63,17,1
Delhi,2020-01-14,240,248,167,21,37,3
Delhi,2020-01-15,297,135,366,95,49,0
Delhi,2020-01-16,277,198,199,44,6,1
Delhi,2020-01-17,292,214,376,25,32,2
Delhi,2020-01-18,246,244,195,71,41,2
Delhi,2020-01-19,298,238,293,46,17,2
Delhi,2020-01-20,280,58,188,35,24,4
Delhi,2020-01-21,297,231,90,90,29,2
Delhi,2020-01-22,272,299,233,27,9,4
Delhi,2020-01-23,262,194,126,75,38,2
Delhi,2020-01-24,269,299,354,61,24,1
Delhi,2020-01-25,255,256,306,32,38,1
Delhi,2020-01-26,294,255,264,32,33,3
Delhi,2020-01-27,242,66,245,77,36,4
Delhi,2020-01-28,292,231,341,68,6,3
Delhi,2020-01-29,263,166,257,91,35,0
Delhi,2020-01-30,297,86,132,55,40,2
Delhi,2020-01-31,250,76,286,49,41,1
Delhi,2020-02-01,205,246,322,98,32,2
Delhi,2020-02-02,245,134,221,69,7,1
Delhi,2020-02-03,216,73,304,48,15,3
Delhi,2020-02-04,202,78,355,87,21,0
Delhi,2020-02-05,226,146,304,95,27,3
Delhi,2020-02-06,201,256,195,34,16,0
Delhi,2020-02-07,243,286,245,36,11,0
Delhi,2020-02-08,239,113,107,98,19,2
Delhi,2020-02-09,239,225,291,53,38,4
Delhi,2020-02-10,202,53,194,90,37,2
Delhi,2020-02-11,220,299,87,93,40,3
Delhi,2020-02-12,197,219,215,54,47,3
Delhi,2020-02-13,235,101,383,25,35,1
Delhi,2020-02-14,225,290,372,56,37,0
Delhi,2020-02-15,227,201,305,76,38,1
Delhi,2020-02-16,240,213,346,56,34,0
Delhi,2020-02-17,216,258,220,43,16,1
Delhi,2020-02-18,202,284,97,92,12,3
Delhi,2020-02-19,236,175,306,98,38,2
Delhi,2020-02-20,192,185,112,50,30,1
Delhi,2020-02-21,228,135,130,38,14,4
Delhi,2020-02-22,212,77,366,72,16,2
Delhi,2020-02-23,222,169,112,39,13,1
Delhi,2020-02-24,211,255,365,61,11,0
Delhi,2020-02-25,230,210,194,51,16,3
Delhi,2020-02-26,243,274,151,69,48,0
Delhi,2020-02-27,220,242,94,84,8,1
Delhi,2020-02-28,209,261,118,87,8,4
Delhi,2020-02-29,219,65,233,45,28,1
Delhi,2020-03-01,195,90,364,86,28,3
Delhi,2020-03-02,234,100,215,84,30,1
Delhi,2020-03-03,248,95,98,98,48,0
Delhi,2020-03-04,192,261,362,85,38,4
Delhi,2020-03-05,211,231,211,91,36,2
Delhi,2020-03-06,231,227,234,52,23,4
Delhi,2020-03-07,216,125,150,45,19,4
Delhi,2020-03-08,200,75,339,80,47,0
Delhi,2020-03-09,206,281,396,34,23,1
Delhi,2020-03-10,237,52,358,93,47,1
Delhi,2020-03-11,226,54,354,37,17,0
Delhi,2020-03-12,228,261,233,74,17,2
Delhi,2020-03-13,197,248,379,54,25,0
Delhi,2020-03-14,195,273,264,79,19,1
Delhi,2020-03-15,223,230,257,83,46,0
Delhi,2020-03-16,238,217,380,32,7,3
Delhi,2020-03-17,196,131,309,48,28,4
Delhi,2020-03-18,214,190,215,81,31,3
Delhi,2020-03-19,190,135,360,40,39,2
Delhi,2020-03-20,248,209,81,85,29,0
Delhi,2020-03-21,223,288,369,89,30,2
Delhi,2020-03-22,210,295,303,78,39,2
Delhi,2020-03-23,218,279,373,81,49,4
Delhi,2020-03-24,191,195,206,69,7,3
Delhi,2020-03-25,212,80,368,25,17,0
Delhi,2020-03-26,238,268,372,79,44,4
Delhi,2020-03-27,246,74,380,94,10,2
Delhi,2020-03-28,245,140,119,75,39,2
Delhi,2020-03-29,242,184,390,92,26,4
Delhi,2020-03-30,247,133,112,30,43,0
Delhi,2020-03-31,222,150,132,29,47,0
Delhi,2020-04-01,220,155,143,59,18,3
Delhi,2020-04-02,218,165,171,29,43,1
Delhi,2020-04-03,246,177,344,52,48,1
Delhi,2020-04-04,247,164,186,20,35,2
Delhi,2020-04-05,208,281,171,94,37,4
Delhi,2020-04-06,220,167,265,63,16,0
Delhi,2020-04-07,202,182,261,35,24,1
Delhi,2020-04-08,209,284,343,57,37,4
Delhi,2020-04-09,226,202,130,49,46,4
Delhi,2020-04-10,246,112,396,37,9,1
Delhi,2020-04-11,228,99,260,99,33,1
Delhi,2020-04-12,223,72,344,50,41,4
Delhi,2020-04-13,229,287,391,85,27,3
Delhi,2020-04-14,202,66,383,47,23,4
Delhi,2020-04-15,235,197,317,21,5,4
Delhi,2020-04-16,222,66,371,97,21,4
Delhi,2020-04-17,226,110,391,92,7,1
Delhi,2020-04-18,239,235,301,53,26,3
Delhi,2020-04-19,233,235,391,90,28,4
Delhi,2020-04-20,191,108,368,83,43,2
Delhi,2020-04-21,232,82,221,95,12,3
Delhi,2020-04-22,211,261,162,89,34,2
Delhi,2020-04-23,198,230,325,36,33,3
Delhi,2020-04-24,201,101,354,36,8,4
Delhi,2020-04-25,238,259,217,69,8,1
Delhi,2020-04-26,211,267,109,77,5,3
Delhi,2020-04-27,229,88,137,44,23,4
Delhi,2020-04-28,237,69,81,20,14,1
Delhi,2020-04-29,202,296,203,74,49,4
Delhi,2020-04-30,230,108,206,23,47,3
Delhi,2020-05-01,233,100,347,60,22,2
Delhi,2020-05-02,210,176,92,23,46,0
Delhi,2020-05-03,235,250,200,26,7,1
Delhi,2020-05-04,246,156,184,41,29,0
Delhi,2020-05-05,227,53,110,82,33,2
Delhi,2020-05-06,210,266,353,90,8,4
Delhi,2020-05-07,238,183,102,20,15,4
Delhi,2020-05-08,238,182,112,63,19,3
Delhi,2020-05-09,205,136,390,99,7,1
Delhi,2020-05-10,220,227,192,76,47,2
Delhi,2020-05-11,194,240,399,99,32,3
Delhi,2020-05-12,206,291,296,39,31,0
Delhi,2020-05-13,211,237,188,65,10,2
Delhi,2020-05-14,246,223,100,76,8,3
Delhi,2020-05-15,211,213,358,30,13,3
Delhi,2020-05-16,241,162,198,29,45,0
Delhi,2020-05-17,245,227,247,28,49,0
Delhi,2020-05-18,200,169,301,31,37,1
Delhi,2020-05-19,203,52,221,74,23,0
Delhi,2020-05-20,211,64,82,93,45,3
Delhi,2020-05-21,235,114,386,92,9,2
Delhi,2020-05-22,194,289,214,80,16,2
Delhi,2020-05-23,235,194,217,99,21,1
Delhi,2020-05-24,196,193,148,89,45,4
Delhi,2020-05-25,219,208,397,92,27,1
Delhi,2020-05-26,223,141,347,45,17,1
Delhi,2020-05-27,200,215,168,74,34,0
Delhi,2020-05-28,241,216,374,52,30,0
Delhi,2020-05-29,200,50,246,26,39,3
Delhi,2020-05-30,192,256,281,94,42,3
Delhi,2020-05-31,245,212,362,65,35,0
Delhi,2020-06-01,184,90,394,49,19,1
Delhi,2020-06-02,188,158,264,62,44,2
Delhi,2020-06-03,189,80,152,56,24,2
Delhi,2020-06-04,224,232,186,56,44,0
Delhi,2020-06-05,215,60,120,41,28,2
Delhi,2020-06-06,186,73,368,63,26,2
Delhi,2020-06-07,178,84,390,28,11,4
Delhi,2020-06-08,191,196,89,55,34,2
Delhi,2020-06-09,220,133,339,78,41,0
Delhi,2020-06-10,223,146,178,36,25,3
Delhi,2020-06-11,178,81,222,60,18,3
Delhi,2020-06-12,220,190,201,64,15,2
Delhi,2020-06-13,200,182,158,89,9,2
Delhi,2020-06-14,217,130,148,38,35,4
Delhi,2020-06-15,194,176,216,75,25,3
Delhi,2020-06-16,193,140,278,70,40,0
Delhi,2020-06-17,191,80,327,99,33,2
Delhi,2020-06-18,191,180,129,89,44,2
Delhi,2020-06-19,188,93,106,76,48,1
Delhi,2020-06-20,193,77,112,24,12,2
Delhi,2020-06-21,199,61,230,95,14,0
Delhi,2020-06-22,212,70,354,96,49,3
Delhi,2020-06-23,193,214,88,82,11,0
Delhi,2020-06-24,221,267,143,92,48,2
Delhi,2020-06-25,178,76,137,25,20,4
Delhi,2020-06-26,180,145,301,57,9,3
Delhi,2020-06-27,213,243,262,29,36,2
Delhi,2020-06-28,182,280,256,71,40,2
Delhi,2020-06-29,215,125,278,76,44,2
Delhi,2020-06-30,224,271,192,35,18,3
Delhi,2020-07-01,170,162,311,54,8,3
Delhi,2020-07-02,192,159,242,20,14,3
Delhi,2020-07-03,172,58,142,57,38,1
Delhi,2020-07-04,191,139,107,56,14,1
Delhi,2020-07-05,184,135,302,50,23,2
Delhi,2020-07-06,213,187,137,43,32,4
Delhi,2020-07-07,207,296,294,31,17,0
Delhi,2020-07-08,201,78,262,63,33,3
Delhi,2020-07-09,189,83,206,62,22,0
Delhi,2020-07-10,227,183,394,90,16,1
Delhi,2020-07-11,170,145,379,47,21,4
Delhi,2020-07-12,210,204,225,53,11,0
Delhi,2020-07-13,223,121,225,42,31,0
Delhi,2020-07-14,207,286,159,89,38,4
Delhi,2020-07-15,191,250,186,86,49,3
Delhi,2020-07-16,198,136,378,78,36,4
Delhi,2020-07-17,199,51,212,71,28,1
Delhi,2020-07-18,203,132,320,29,29,1
Delhi,2020-07-19,205,144,361,77,48,4
Delhi,2020-07-20,198,81,351,26,44,2
Delhi,2020-07-21,201,272,191,45,31,4
Delhi,2020-07-22,192,207,211,30,31,3
Delhi,2020-07-23,208,244,176,83,46,4
Delhi,2020-07-24,204,91,394,54,45,2
Delhi,2020-07-25,214,109,287,77,12,4
Delhi,2020-07-26,203,223,220,49,25,4
Delhi,2020-07-27,185,131,199,32,29,4
Delhi,2020-07-28,192,64,333,79,22,4
Delhi,2020-07-29,205,209,149,60,23,0
Delhi,2020-07-30,178,269,298,52,19,2
Delhi,2020-07-31,219,131,390,63,30,3
Delhi,2020-08-01,171,67,143,98,42,1
Delhi,2020-08-02,201,66,130,23,43,4
Delhi,2020-08-03,216,130,276,60,40,2
Delhi,2020-08-04,223,91,199,75,19,4
Delhi,2020-08-05,225,165,201,51,41,0
Delhi,2020-08-06,189,281,372,35,8,2
Delhi,2020-08-07,206,289,389,59,9,0
Delhi,2020-08-08,205,190,146,53,38,1
Delhi,2020-08-09,182,192,200,82,26,1
Delhi,2020-08-10,222,292,187,79,14,0
Delhi,2020-08-11,172,242,212,34,5,2
Delhi,2020-08-12,185,130,132,32,22,1
Delhi,2020-08-13,225,297,150,53,15,4
Delhi,2020-08-14,183,209,364,60,28,1
Delhi,2020-08-15,223,268,93,44,46,2
Delhi,2020-08-16,178,101,81,49,13,4
Delhi,2020-08-17,177,114,347,48,8,1
Delhi,2020-08-18,178,79,164,34,32,3
Delhi,2020-08-19,175,244,271,97,12,4
Delhi,2020-08-20,219,258,248,94,44,1
Delhi,2020-08-21,222,145,165,94,47,1
Delhi,2020-08-22,214,249,130,92,36,0
Delhi,2020-08-23,183,249,293,94,22,2
Delhi,2020-08-24,213,53,297,58,39,2
Delhi,2020-08-25,190,189,219,74,11,3
Delhi,2020-08-26,228,234,208,72,11,4
Delhi,2020-08-27,216,166,386,56,7,4
Delhi,2020-08-28,181,225,303,52,9,0
Delhi,2020-08-29,210,106,268,83,25,1
Delhi,2020-08-30,214,71,167,96,8,4
Delhi,2020-08-31,223,153,135,41,49,4
Delhi,2020-09-01,246,91,111,68,40,1
Delhi,2020-09-02,207,289,228,93,30,1
Delhi,2020-09-03,194,271,367,68,38,3
Delhi,2020-09-04,196,118,380,60,20,1
Delhi,2020-09-05,193,141,206,96,22,0
Delhi,2020-09-06,198,197,207,41,15,0
Delhi,2020-09-07,206,265,260,36,37,2
Delhi,2020-09-08,241,219,103,30,11,4
Delhi,2020-09-09,227,166,378,35,47,0
Delhi,2020-09-10,211,278,251,20,16,1
Delhi,2020-09-11,223,214,189,45,46,4
Delhi,2020-09-12,218,58,308,85,40,4
Delhi,2020-09-13,248,93,388,71,24,4
Delhi,2020-09-14,200,221,137,56,38,1
Delhi,2020-09-15,227,126,213,65,47,3
Delhi,2020-09-16,204,69,381,26,44,0
Delhi,2020-09-17,238,138,354,53,26,3
Delhi,2020-09-18,201,69,319,20,34,2
Delhi,2020-09-19,236,283,247,29,11,2
Delhi,2020-09-20,198,288,399,23,17,1
Delhi,2020-09-21,201,105,294,70,26,2
Delhi,2020-09-22,240,81,106,82,31,2
Delhi,2020-09-23,200,237,220,68,32,0
Delhi,2020-09-24,209,116,344,24,32,0
Delhi,2020-09-25,249,293,184,84,32,4
Delhi,2020-09-26,226,97,219,51,20,4
Delhi,2020-09-27,232,93,146,28,41,2
Delhi,2020-09-28,229,185,395,71,15,2
Delhi,2020-09-29,221,240,340,47,12,4
Delhi,2020-09-30,206,198,148,33,15,3
Delhi,2020-10-01,248,92,82,50,46,0
Delhi,2020-10-02,209,295,234,34,38,4
Delhi,2020-10-03,217,55,139,73,25,4
Delhi,2020-10-04,232,240,96,62,18,2
Delhi,2020-10-05,246,58,82,69,11,2
Delhi,2020-10-06,229,248,302,51,41,0
Delhi,2020-10-07,241,117,290,81,32,3
Delhi,2020-10-08,244,124,219,30,8,4
Delhi,2020-10-09,196,245,321,68,10,2
Delhi,2020-10-10,231,254,82,31,19,3
Delhi,2020-10-11,206,64,257,75,35,1
Delhi,2020-10-12,228,211,277,99,42,0
Delhi,2020-10-13,197,92,157,52,9,3
Delhi,2020-10-14,192,277,242,60,31,4
Delhi,2020-10-15,197,174,332,35,34,0
Delhi,2020-10-16,197,292,238,36,24,3
Delhi,2020-10-17,213,204,134,28,26,3
Delhi,2020-10-18,228,51,242,60,42,2
Delhi,2020-10-19,193,218,223,31,16,4
Delhi,2020-10-20,216,222,137,86,34,1
Delhi,2020-10-21,225,203,111,56,43,4
Delhi,2020-10-22,248,158,372,55,13,3
Delhi,2020-10-23,219,279,125,71,48,4
Delhi,2020-10-24,233,139,127,31,27,4
Delhi,2020-10-25,247,236,87,38,43,4
Delhi,2020-10-26,209,253,210,33,31,1
Delhi,2020-10-27,230,298,135,95,41,2
Delhi,2020-10-28,190,276,238,26,33,3
Delhi,2020-10-29,223,58,342,27,44,2
Delhi,2020-10-30,232,157,172,60,32,3
Delhi,2020-10-31,210,259,254,70,6,4
Delhi,2020-11-01,270,297,110,21,36,3
Delhi,2020-11-02,251,293,351,41,34,2
Delhi,2020-11-03,274,199,275,25,8,1
Delhi,2020-11-04,259,105,327,21,40,0
Delhi,2020-11-05,246,148,323,66,9,3
Delhi,2020-11-06,282,160,350,61,32,4
Delhi,2020-11-07,243,151,257,92,6,1
Delhi,2020-11-08,242,117,357,63,46,0
Delhi,2020-11-09,287,71,344,30,32,0
Delhi,2020-11-10,256,85,288,75,49,4
Delhi,2020-11-11,273,131,283,91,42,4
Delhi,2020-11-12,241,268,114,43,49,4
Delhi,2020-11-13,265,158,278,35,5,0
Delhi,2020-11-14,284,116,327,45,49,4
Delhi,2020-11-15,289,187,161,90,44,0
Delhi,2020-11-16,293,65,304,81,38,4
Delhi,2020-11-17,267,54,281,60,34,2
Delhi,2020-11-18,285,72,173,20,46,1
Delhi,2020-11-19,280,124,282,65,21,2
Delhi,2020-11-20,274,180,124,64,21,3
Delhi,2020-11-21,276,269,155,49,41,3
Delhi,2020-11-22,268,238,331,78,6,2
Delhi,2020-11-23,241,147,265,75,5,2
Delhi,2020-11-24,282,129,137,23,43,4
Delhi,2020-11-25,242,128,297,24,11,2
Delhi,2020-11-26,258,282,234,21,35,3
Delhi,2020-11-27,292,299,211,47,16,2
Delhi,2020-11-28,271,59,392,63,10,2
Delhi,2020-11-29,261,151,167,90,5,1
Delhi,2020-11-30,279,72,121,85,6,3
Delhi,2020-12-01,274,285,197,99,9,1
Delhi,2020-12-02,245,152,179,82,46,4
Delhi,2020-12-03,292,108,80,90,28,1
Delhi,2020-12-04,272,180,260,74,31,0
Delhi,2020-12-05,299,200,109,84,47,2
Delhi,2020-12-06,285,253,272,72,8,1
Delhi,2020-12-07,284,187,159,79,27,4
Delhi,2020-12-08,292,142,203,88,11,0
Delhi,2020-12-09,256,261,224,32,43,0
Delhi,2020-12-10,286,182,132,84,24,2
Delhi,2020-12-11,274,147,140,48,19,3
Delhi,2020-12-12,252,125,343,26,38,3
Delhi,2020-12-13,278,293,86,39,26,1
Delhi,2020-12-14,273,138,263,73,21,1
Delhi,2020-12-15,290,279,301,46,47,2
Delhi,2020-12-16,278,164,230,26,47,0
Delhi,2020-12-17,295,63,188,76,22,1
Delhi,2020-12-18,250,281,160,94,39,4
Delhi,2020-12-19,259,271,182,96,36,3
Delhi,2020-12-20,282,291,393,33,19,0
Delhi,2020-12-21,296,127,202,62,38,2
Delhi,2020-12-22,281,83,363,26,9,2
Delhi,2020-12-23,271,248,350,86,5,1
Delhi,2020-12-24,291,209,284,29,19,3
Delhi,2020-12-25,271,244,249,79,7,3
Delhi,2020-12-26,270,52,200,93,48,3
Delhi,2020-12-27,292,79,113,21,30,0
Delhi,2020-12-28,268,161,92,99,9,0
Delhi,2020-12-29,281,76,271,49,6,2
Delhi,2020-12-30,276,242,129,88,42,0
Delhi,2020-12-31,297,243,385,96,20,3
Delhi,2021-01-01,265,210,360,25,20,2
Delhi,2021-01-02,250,199,163,53,39,4
Delhi,2021-01-03,243,293,153,99,6,1
Delhi,2021-01-04,255,213,106,50,25,3
Delhi,2021-01-05,256,219,108,97,31,1
Delhi,2021-01-06,278,64,279,27,18,2
Delhi,2021-01-07,292,159,359,81,37,2
Delhi,2021-01-08,298,118,285,68,10,1
Delhi,2021-01-09,260,208,98,91,48,3
Delhi,2021-01-10,272,263,208,87,31,3
Delhi,2021-01-11,283,126,264,95,40,0
Delhi,2021-01-12,247,248,183,61,39,1
Delhi,2021-01-13,273,293,173,57,32,4
Delhi,2021-01-14,275,215,394,52,35,0
Delhi,2021-01-15,254,206,284,46,45,0
Delhi,2021-01-16,274,239,128,29,8,1
Delhi,2021-01-17,263,253,80,35,20,0
Delhi,2021-01-18,269,132,287,60,41,0
Delhi,2021-01-19,276,91,374,44,11,3
Delhi,2021-01-20,295,264,156,37,44,1
Delhi,2021-01-21,256,222,108,32,41,4
Delhi,2021-01-22,291,253,157,91,49,0
Delhi,2021-01-23,277,279,285,67,23,4
Delhi,2021-01-24,259,145,383,83,8,0
Delhi,2021-01-25,261,204,372,91,41,1
Delhi,2021-01-26,293,76,316,69,18,4
Delhi,2021-01-27,279,216,90,85,41,4
Delhi,2021-01-28,285,124,262,34,8,0
Delhi,2021-01-29,253,283,239,82,47,2
Delhi,2021-01-30,264,95,128,34,38,4
Delhi,2021-01-31,293,218,228,46,12,4
Delhi,2021-02-01,204,266,231,73,14,2
Delhi,2021-02-02,225,50,391,62,36,3
Delhi,2021-02-03,246,191,216,35,22,0
Delhi,2021-02-04,243,198,184,61,33,0
Delhi,2021-02-05,213,69,252,66,15,4
Delhi,2021-02-06,211,91,264,38,5,2
Delhi,2021-02-07,198,174,312,73,32,4
Delhi,2021-02-08,245,148,138,92,34,2
Delhi,2021-02-09,192,175,198,68,21,2
Delhi,2021-02-10,196,159,271,43,21,1
Delhi,2021-02-11,195,111,277,65,10,0
Delhi,2021-02-12,239,180,87,46,35,4
Delhi,2021-02-13,229,132,249,39,47,0
Delhi,2021-02-14,201,95,149,59,44,0
Delhi,2021-02-15,230,225,387,84,19,1
Delhi,2021-02-16,209,283,138,94,49,2
Delhi,2021-02-17,208,53,129,66,40,2
Delhi,2021-02-18,224,104,244,95,24,0
Delhi,2021-02-19,191,283,215,70,43,4
Delhi,2021-02-20,232,248,205,20,45,1
Delhi,2021-02-21,241,264,113,75,6,0
Delhi,2021-02-22,205,222,133,71,20,2
Delhi,2021-02-23,249,136,139,54,7,0
Delhi,2021-02-24,190,148,324,84,14,1
Delhi,2021-02-25,234,182,108,24,49,1
Delhi,2021-02-26,205,141,107,97,45,0
Delhi,2021-02-27,195,133,300,22,45,1
Delhi,2021-02-28,194,70,255,85,30,4
Delhi,2021-03-01,242,282,230,64,32,2
Delhi,2021-03-02,231,89,219,37,44,3
Delhi,2021-03-03,203,155,146,30,31,2
Delhi,2021-03-04,238,261,376,44,5,0
Delhi,2021-03-05,194,225,211,42,14,0
Delhi,2021-03-06,213,216,261,23,7,4
Delhi,2021-03-07,212,185,98,77,47,1
Delhi,2021-03-08,226,277,160,52,10,0
Delhi,2021-03-09,191,114,138,32,34,1
Delhi,2021-03-10,207,278,221,78,16,2
Delhi,2021-03-11,233,247,345,56,27,0
Delhi,2021-03-12,204,133,102,78,47,3
Delhi,2021-03-13,236,254,379,92,44,0
Delhi,2021-03-14,225,64,141,67,30,4
Delhi,2021-03-15,233,166,232,86,46,3
Delhi,2021-03-16,235,214,114,80,27,4
Delhi,2021-03-17,200,104,312,75,8,1
Delhi,2021-03-18,214,152,257,87,23,0
Delhi,2021-03-19,196,273,117,37,36,3
Delhi,2021-03-20,241,270,332,98,14,1
Delhi,2021-03-21,198,269,250,35,13,0
Delhi,2021-03-22,214,185,225,40,41,1
Delhi,2021-03-23,201,73,157,47,26,1
Delhi,2021-03-24,237,189,216,80,37,4
Delhi,2021-03-25,220,161,321,40,15,3
Delhi,2021-03-26,224,94,381,62,35,2
Delhi,2021-03-27,191,102,359,87,14,3
Delhi,2021-03-28,191,228,121,56,8,4
Delhi,2021-03-29,242,287,372,28,34,1
Delhi,2021-03-30,218,207,386,21,33,4
Delhi,2021-03-31,221,160,120,90,44,2
Delhi,2021-04-01,233,167,314,30,49,3
Delhi,2021-04-02,244,234,324,66,19,4
Delhi,2021-04-03,232,290,331,28,32,2
Delhi,2021-04-04,190,111,120,60,49,2
Delhi,2021-04-05,199,261,233,72,17,1
Delhi,2021-04-06,234,250,87,73,43,3
Delhi,2021-04-07,248,299,312,97,15,0
Delhi,2021-04-08,244,88,175,77,28,3
Delhi,2021-04-09,202,130,217,73,41,3
Delhi,2021-04-10,236,193,216,53,10,2
Delhi,2021-04-11,192,97,140,83,5,4
Delhi,2021-04-12,206,120,86,49,13,2
Delhi,2021-04-13,203,283,240,81,45,3
Delhi,2021-04-14,249,50,286,74,22,1
Delhi,2021-04-15,223,70,282,55,39,1
Delhi,2021-04-16,237,181,202,20,45,2
Delhi,2021-04-17,199,265,129,68,43,1
Delhi,2021-04-18,215,162,259,54,37,3
Delhi,2021-04-19,219,110,209,23,32,3
Delhi,2021-04-20,240,292,88,44,47,1
Delhi,2021-04-21,244,125,131,37,40,0
Delhi,2021-04-22,191,117,88,32,29,0
Delhi,2021-04-23,241,260,132,92,31,2
Delhi,2021-04-24,244,150,119,53,29,2
Delhi,2021-04-25,234,287,308,65,47,1
Delhi,2021-04-26,229,193,315,68,32,1
Delhi,2021-04-27,231,58,241,76,34,3
Delhi,2021-04-28,204,76,290,57,49,2
Delhi,2021-04-29,235,85,146,99,9,0
Delhi,2021-04-30,201,260,106,45,46,3
Delhi,2021-05-01,206,289,192,92,35,0
Delhi,2021-05-02,222,169,110,95,8,2
Delhi,2021-05-03,197,283,104,58,23,4
Delhi,2021-05-04,221,150,304,90,17,3
Delhi,2021-05-05,213,296,90,83,13,4
Delhi,2021-05-06,207,212,212,22,39,2
Delhi,2021-05-07,237,188,225,92,7,0
Delhi,2021-05-08,212,244,238,90,42,0
Delhi,2021-05-09,247,119,144,47,12,0
Delhi,2021-05-10,211,273,167,83,15,3
Delhi,2021-05-11,194,215,146,53,7,2
Delhi,2021-05-12,242,283,390,75,41,3
Delhi,2021-05-13,235,253,85,39,49,4
Delhi,2021-05-14,241,95,221,61,49,1
Delhi,2021-05-15,211,75,199,29,37,3
Delhi,2021-05-16,214,189,243,74,37,0
Delhi,2021-05-17,193,176,97,63,15,2
Delhi,2021-05-18,229,82,179,63,12,3
Delhi,2021-05-19,243,125,112,56,8,1
Delhi,2021-05-20,235,75,207,79,21,1
Delhi,2021-05-21,192,249,154,47,22,3
Delhi,2021-05-22,214,248,136,61,33,3
Delhi,2021-05-23,236,211,274,96,30,3
Delhi,2021-05-24,197,136,246,45,25,1
Delhi,2021-05-25,248,280,200,64,20,3
Delhi,2021-05-26,226,203,368,46,31,4
Delhi,2021-05-27,244,64,119,66,6,0
Delhi,2021-05-28,240,109,337,97,34,1
Delhi,2021-05-29,240,159,329,86,46,0
Delhi,2021-05-30,212,149,372,32,21,0
Delhi,2021-05-31,224,126,243,20,27,3
Delhi,2021-06-01,187,216,178,62,22,0
Delhi,2021-06-02,214,166,296,47,34,0
Delhi,2021-06-03,208,267,377,99,13,3
Delhi,2021-06-04,222,278,167,74,33,3
Delhi,2021-06-05,217,135,364,98,23,3
Delhi,2021-06-06,173,291,252,28,34,1
Delhi,2021-06-07,189,287,367,21,9,0
Delhi,2021-06-08,223,117,214,89,9,4
Delhi,2021-06-09,202,273,215,24,21,1
Delhi,2021-06-10,188,78,330,55,25,4
Delhi,2021-06-11,211,222,240,88,18,0
Delhi,2021-06-12,203,58,107,75,45,1
Delhi,2021-06-13,187,288,194,43,49,0
Delhi,2021-06-14,178,258,336,29,33,0
Delhi,2021-06-15,214,273,309,74,13,1
Delhi,2021-06-16,210,185,349,44,47,3
Delhi,2021-06-17,179,181,191,98,18,0
Delhi,2021-06-18,194,85,244,67,27,2
Delhi,2021-06-19,175,68,128,84,14,1
Delhi,2021-06-20,187,268,341,76,24,3
Delhi,2021-06-21,184,160,384,46,32,0
Delhi,2021-06-22,182,198,149,70,21,4
Delhi,2021-06-23,222,107,189,46,48,4
Delhi,2021-06-24,197,177,175,95,20,0
Delhi,2021-06-25,209,225,376,83,43,0
Delhi,2021-06-26,173,114,317,93,31,1
Delhi,2021-06-27,208,201,293,99,35,2
Delhi,2021-06-28,220,134,218,64,29,0
Delhi,2021-06-29,202,256,372,48,25,0
Delhi,2021-06-30,209,175,301,95,14,3
Delhi,2021-07-01,202,144,88,78,9,4
Delhi,2021-07-02,181,115,150,47,29,0
Delhi,2021-07-03,221,183,376,76,45,2
Delhi,2021-07-04,199,211,350,23,7,3
Delhi,2021-07-05,177,95,156,61,27,0
Delhi,2021-07-06,193,190,389,77,31,1
Delhi,2021-07-07,200,282,266,29,21,1
Delhi,2021-07-08,171,62,305,82,41,3
Delhi,2021-07-09,214,207,146,91,30,1
Delhi,2021-07-10,218,231,110,42,30,3
Delhi,2021-07-11,181,268,270,82,24,0
Delhi,2021-07-12,179,220,211,59,41,0
Delhi,2021-07-13,190,107,235,83,46,4
Delhi,2021-07-14,218,193,239,57,17,4
Delhi,2021-07-15,210,269,280,67,20,3
Delhi,2021-07-16,196,78,259,85,6,4
Delhi,2021-07-17,198,294,157,58,27,3
Delhi,2021-07-18,215,193,371,92,41,1
Delhi,2021-07-19,208,88,107,42,11,2
Delhi,2021-07-20,178,246,274,37,27,2
Delhi,2021-07-21,202,73,293,48,41,3
Delhi,2021-07-22,209,257,333,76,14,2
Delhi,2021-07-23,201,254,91,54,35,3
Delhi,2021-07-24,194,248,207,55,11,3
Delhi,2021-07-25,194,162,148,61,23,0
Delhi,2021-07-26,189,111,207,38,24,3
Delhi,2021-07-27,207,98,204,98,43,4
Delhi,2021-07-28,194,74,187,93,45,1
Delhi,2021-07-29,197,140,140,34,27,0
Delhi,2021-07-30,203,250,173,25,13,3
Delhi,2021-07-31,171,82,109,54,42,4
Delhi,2021-08-01,195,118,336,40,46,0
Delhi,2021-08-02,208,241,130,61,22,1
Delhi,2021-08-03,216,243,309,66,25,3
Delhi,2021-08-04,170,172,339,70,21,4
Delhi,2021-08-05,189,213,199,97,34,0
Delhi,2021-08-06,191,119,392,62,43,1
Delhi,2021-08-07,219,237,310,63,7,1
Delhi,2021-08-08,221,261,200,67,8,4
Delhi,2021-08-09,207,268,93,45,8,1
Delhi,2021-08-10,171,217,234,86,37,2
Delhi,2021-08-11,171,162,399,34,5,1
Delhi,2021-08-12,213,250,379,47,22,1
Delhi,2021-08-13,184,183,392,90,13,4
Delhi,2021-08-14,213,84,203,93,23,2
Delhi,2021-08-15,216,222,137,52,34,2
Delhi,2021-08-16,180,175,342,80,47,1
Delhi,2021-08-17,173,244,399,59,41,1
Delhi,2021-08-18,181,235,210,99,14,1
Delhi,2021-08-19,226,124,213,21,38,4
Delhi,2021-08-20,182,57,94,84,26,0
Delhi,2021-08-21,196,211,166,85,5,2
Delhi,2021-08-22,212,83,332,81,10,0
Delhi,2021-08-23,180,264,117,79,5,1
Delhi,2021-08-24,174,83,298,24,15,0
Delhi,2021-08-25,180,160,385,86,12,1
Delhi,2021-08-26,170,199,120,45,11,1
Delhi,2021-08-27,197,247,296,53,25,1
Delhi,2021-08-28,195,85,362,83,5,4
Delhi,2021-08-29,209,167,380,83,14,3
Delhi,2021-08-30,207,297,150,62,28,2
Delhi,2021-08-31,206,191,298,29,36,1
Delhi,2021-09-01,197,273,222,81,41,4
Delhi,2021-09-02,216,270,123,74,20,0
Delhi,2021-09-03,201,257,377,32,36,2
Delhi,2021-09-04,238,155,383,89,39,3
Delhi,2021-09-05,236,113,376,92,5,1
Delhi,2021-09-06,204,270,106,63,11,1
Delhi,2021-09-07,244,89,257,23,38,2
Delhi,2021-09-08,228,153,163,89,13,0
Delhi,2021-09-09,210,101,97,33,12,0
Delhi,2021-09-10,215,133,262,32,22,0
Delhi,2021-09-11,212,266,165,96,30,2
Delhi,2021-09-12,198,128,171,30,41,0
Delhi,2021-09-13,243,297,84,49,30,4
Delhi,2021-09-14,218,281,139,85,37,4
Delhi,2021-09-15,218,152,359,96,14,1
Delhi,2021-09-16,208,145,313,61,31,3
Delhi,2021-09-17,218,57,190,44,6,0
Delhi,2021-09-18,190,192,108,65,29,1
Delhi,2021-09-19,245,188,261,66,43,0
Delhi,2021-09-20,218,74,341,65,9,2
Delhi,2021-09-21,231,267,111,25,20,2
Delhi,2021-09-22,211,286,208,61,33,2
Delhi,2021-09-23,202,214,214,69,11,0
Delhi,2021-09-24,224,230,222,30,43,3
Delhi,2021-09-25,212,291,342,74,24,1
Delhi,2021-09-26,206,265,219,36,24,1
Delhi,2021-09-27,235,91,268,85,31,0
Delhi,2021-09-28,190,213,271,49,10,2
Delhi,2021-09-29,229,128,202,44,8,1
Delhi,2021-09-30,248,104,244,73,31,4
Delhi,2021-10-01,234,200,372,99,13,2
Delhi,2021-10-02,216,297,199,56,11,0
Delhi,2021-10-03,198,173,184,81,37,0
Delhi,2021-10-04,226,186,294,76,47,4
Delhi,2021-10-05,229,202,280,44,25,4
Delhi,2021-10-06,210,91,243,82,32,3
Delhi,2021-10-07,208,270,346,63,15,4
Delhi,2021-10-08,239,265,223,98,19,0
Delhi,2021-10-09,198,160,222,24,14,1
Delhi,2021-10-10,216,117,320,65,25,4
Delhi,2021-10-11,219,261,289,27,34,3
Delhi,2021-10-12,208,124,92,78,30,2
Delhi,2021-10-13,219,55,90,36,40,2
Delhi,2021-10-14,193,162,357,90,49,0
Delhi,2021-10-15,193,271,361,84,21,3
Delhi,2021-10-16,232,153,309,85,8,2
Delhi,2021-10-17,213,292,379,94,31,4
Delhi,2021-10-18,206,92,224,79,13,2
Delhi,2021-10-19,190,139,126,25,43,4
Delhi,2021-10-20,196,160,112,23,32,2
Delhi,2021-10-21,235,287,282,34,15,1
Delhi,2021-10-22,216,84,92,63,13,4
Delhi,2021-10-23,234,107,89,88,45,1
Delhi,2021-10-24,192,56,271,42,23,4
Delhi,2021-10-25,226,144,263,86,35,3
Delhi,2021-10-26,204,215,106,90,49,1
Delhi,2021-10-27,212,178,246,44,33,0
Delhi,2021-10-28,249,173,215,34,33,1
Delhi,2021-10-29,216,215,252,36,7,4
Delhi,2021-10-30,198,53,321,86,17,4
Delhi,2021-10-31,206,252,398,64,18,2
Delhi,2021-11-01,251,208,267,67,21,2
Delhi,2021-11-02,275,222,189,36,9,4
Delhi,2021-11-03,247,236,197,80,17,1
Delhi,2021-11-04,289,268,205,26,30,2
Delhi,2021-11-05,248,202,388,73,12,0
Delhi,2021-11-06,244,266,166,32,45,4
Delhi,2021-11-07,284,99,199,43,44,3
Delhi,2021-11-08,243,282,355,78,30,0
Delhi,2021-11-09,290,101,197,71,29,1
Delhi,2021-11-10,253,108,213,37,27,3
Delhi,2021-11-11,249,190,90,71,22,2
Delhi,2021-11-12,277,72,290,22,43,4
Delhi,2021-11-13,247,97,313,46,21,2
Delhi,2021-11-14,260,235,144,52,22,0
Delhi,2021-11-15,278,283,265,48,19,0
Delhi,2021-11-16,244,162,202,51,40,2
Delhi,2021-11-17,290,210,374,25,28,1
Delhi,2021-11-18,251,118,154,51,44,0
Delhi,2021-11-19,270,75,167,21,45,0
Delhi,2021-11-20,290,139,262,49,48,1
Delhi,2021-11-21,251,291,313,55,47,4
Delhi,2021-11-22,297,64,219,80,21,2
Delhi,2021-11-23,258,274,311,36,14,0
Delhi,2021-11-24,298,154,283,96,5,0
Delhi,2021-11-25,245,236,260,66,33,0
Delhi,2021-11-26,281,177,82,49,31,1
Delhi,2021-11-27,255,202,332,40,41,2
Delhi,2021-11-28,290,175,102,49,34,1
Delhi,2021-11-29,297,149,186,28,13,1
Delhi,2021-11-30,287,172,372,51,41,2
Delhi,2021-12-01,258,200,317,31,37,2
Delhi,2021-12-02,264,174,105,23,10,4
Delhi,2021-12-03,264,231,209,58,36,0
Delhi,2021-12-04,279,240,348,85,31,2
Delhi,2021-12-05,269,139,115,36,15,4
Delhi,2021-12-06,240,268,138,65,8,4
Delhi,2021-12-07,261,247,258,65,20,0
Delhi,2021-12-08,259,280,319,48,26,4
Delhi,2021-12-09,297,63,330,51,12,1
Delhi,2021-12-10,260,234,206,72,18,2
Delhi,2021-12-11,256,299,211,54,13,3
Delhi,2021-12-12,243,118,351,82,28,2
Delhi,2021-12-13,276,151,145,26,11,2
Delhi,2021-12-14,248,192,387,21,45,3
Delhi,2021-12-15,269,117,327,88,20,0
Delhi,2021-12-16,274,148,155,56,8,0
Delhi,2021-12-17,299,180,270,79,45,4
Delhi,2021-12-18,270,124,254,44,17,3
Delhi,2021-12-19,249,121,395,81,17,1
Delhi,2021-12-20,268,165,392,51,49,3
Delhi,2021-12-21,259,66,204,29,9,3
Delhi,2021-12-22,257,215,372,36,28,2
Delhi,2021-12-23,284,63,150,82,24,1
Delhi,2021-12-24,240,128,203,97,20,3
Delhi,2021-12-25,278,137,217,84,28,1
Delhi,2021-12-26,251,76,136,47,7,1
Delhi,2021-12-27,249,194,222,39,35,1
Delhi,2021-12-28,257,152,359,82,40,1
Delhi,2021-12-29,250,256,368,90,11,1
Delhi,2021-12-30,280,121,199,50,10,2
Delhi,2021-12-31,262,60,392,74,42,0
Delhi,2022-01-01,284,289,161,75,7,0
Delhi,2022-01-02,293,138,370,84,34,0
Delhi,2022-01-03,276,117,335,88,8,0
Delhi,2022-01-04,288,53,86,90,37,1
Delhi,2022-01-05,249,213,362,59,48,3
Delhi,2022-01-06,279,214,357,55,16,1
Delhi,2022-01-07,288,219,360,80,40,0
Delhi,2022-01-08,276,101,226,72,44,1
Delhi,2022-01-09,284,144,164,81,32,1
Delhi,2022-01-10,287,266,157,90,33,1
Delhi,2022-01-11,262,191,217,48,45,4
Delhi,2022-01-12,294,50,349,43,18,3
Delhi,2022-01-13,245,78,104,53,39,3
Delhi,2022-01-14,246,132,111,74,27,2
Delhi,2022-01-15,277,108,234,20,19,1
Delhi,2022-01-16,290,231,248,63,7,1
Delhi,2022-01-17,287,247,105,66,25,1
Delhi,2022-01-18,260,201,97,33,20,3
Delhi,2022-01-19,284,269,131,83,33,1
Delhi,2022-01-20,271,99,82,66,26,0
Delhi,2022-01-21,240,50,142,50,9,1
Delhi,2022-01-22,245,93,354,71,40,3
Delhi,2022-01-23,262,197,98,64,11,4
Delhi,2022-01-24,295,227,224,76,35,4
Delhi,2022-01-25,255,75,334,28,14,1
Delhi,2022-01-26,254,264,263,48,14,0
Delhi,2022-01-27,251,231,395,73,12,2
Delhi,2022-01-28,248,198,386,23,14,3
Delhi,2022-01-29,249,239,86,99,40,1
Delhi,2022-01-30,260,204,127,91,7,2
Delhi,2022-01-31,246,147,274,84,5,4
Delhi,2022-02-01,231,150,239,49,43,0
Delhi,2022-02-02,239,214,285,96,12,0
Delhi,2022-02-03,202,225,232,77,29,0
Delhi,2022-02-04,232,241,250,36,10,3
Delhi,2022-02-05,248,283,264,51,10,3
Delhi,2022-02-06,214,112,227,30,11,4
Delhi,2022-02-07,195,116,287,49,20,1
Delhi,2022-02-08,199,118,326,51,34,4
Delhi,2022-02-09,190,253,373,54,37,0
Delhi,2022-02-10,223,91,261,98,12,1
Delhi,2022-02-11,226,172,386,64,46,1
Delhi,2022-02-12,230,232,248,67,23,3
Delhi,2022-02-13,228,85,337,80,19,0
Delhi,2022-02-14,225,163,122,34,41,0
Delhi,2022-02-15,206,142,383,39,15,3
Delhi,2022-02-16,212,244,219,88,9,0
Delhi,2022-02-17,230,227,296,26,15,2
Delhi,2022-02-18,194,182,230,48,33,4
Delhi,2022-02-19,245,283,398,82,47,3
Delhi,2022-02-20,207,204,317,57,44,3
Delhi,2022-02-21,205,288,122,95,25,1
Delhi,2022-02-22,249,223,260,94,24,4
Delhi,2022-02-23,192,101,335,71,7,2
Delhi,2022-02-24,204,223,181,86,12,1
Delhi,2022-02-25,214,266,255,75,32,4
Delhi,2022-02-26,202,219,312,56,40,2
Delhi,2022-02-27,211,268,287,33,36,3
Delhi,2022-02-28,202,69,360,43,5,0
Delhi,2022-03-01,235,99,275,36,29,0
Delhi,2022-03-02,241,217,102,73,40,3
Delhi,2022-03-03,244,208,122,26,34,3
Delhi,2022-03-04,235,122,381,44,26,3
Delhi,2022-03-05,236,269,286,96,38,2
Delhi,2022-03-06,201,97,113,69,45,4
Delhi,2022-03-07,221,199,131,27,47,3
Delhi,2022-03-08,235,278,213,43,20,4
Delhi,2022-03-09,194,249,302,55,44,0
Delhi,2022-03-10,235,202,371,47,26,3
Delhi,2022-03-11,200,62,99,87,30,3
Delhi,2022-03-12,194,157,148,59,46,0
Delhi,2022-03-13,209,136,183,43,21,1
Delhi,2022-03-14,236,51,199,41,46,0
Delhi,2022-03-15,191,205,135,97,32,3
Delhi,2022-03-16,249,74,138,89,22,1
Delhi,2022-03-17,217,201,81,72,16,1
Delhi,2022-03-18,219,263,312,64,5,2
Delhi,2022-03-19,206,228,143,97,11,2
Delhi,2022-03-20,232,67,284,97,28,1
Delhi,2022-03-21,239,115,137,81,11,2
Delhi,2022-03-22,206,111,111,97,37,2
Delhi,2022-03-23,212,74,328,78,44,3
Delhi,2022-03-24,242,252,174,28,18,3
Delhi,2022-03-25,197,64,157,69,13,4
Delhi,2022-03-26,225,198,232,37,46,1
Delhi,2022-03-27,208,197,271,58,9,2
Delhi,2022-03-28,228,51,290,46,37,0
Delhi,2022-03-29,228,162,212,67,44,0
Delhi,2022-03-30,239,61,147,86,49,0
Delhi,2022-03-31,235,198,312,45,27,0
Delhi,2022-04-01,203,259,378,61,12,0
Delhi,2022-04-02,203,220,356,67,15,4
Delhi,2022-04-03,214,73,206,43,9,2
Delhi,2022-04-04,214,185,255,87,29,3
Delhi,2022-04-05,248,229,168,83,8,4
Delhi,2022-04-06,198,254,132,82,30,4
Delhi,2022-04-07,244,210,217,37,46,0
Delhi,2022-04-08,228,233,318,55,28,3
Delhi,2022-04-09,231,205,97,53,8,0
Delhi,2022-04-10,209,64,150,26,36,1
Delhi,2022-04-11,239,166,205,63,24,1
Delhi,2022-04-12,191,152,279,78,18,1
Delhi,2022-04-13,231,181,319,65,27,0
Delhi,2022-04-14,214,101,311,48,14,2
Delhi,2022-04-15,242,265,262,78,23,2
Delhi,2022-04-16,242,188,196,65,7,0
Delhi,2022-04-17,207,85,130,89,47,3
Delhi,2022-04-18,208,148,191,93,47,1
Delhi,2022-04-19,225,215,256,96,35,3
Delhi,2022-04-20,196,250,332,22,47,3
Delhi,2022-04-21,201,220,179,53,30,0
Delhi,2022-04-22,197,146,210,88,21,3
Delhi,2022-04-23,210,72,392,86,41,0
Delhi,2022-04-24,210,175,163,74,15,4
Delhi,2022-04-25,202,231,173,65,21,2
Delhi,2022-04-26,225,240,138,21,26,0
Delhi,2022-04-27,235,174,181,89,8,3
Delhi,2022-04-28,235,166,399,61,11,2
Delhi,2022-04-29,229,265,313,67,12,4
Delhi,2022-04-30,240,143,368,32,42,1
Delhi,2022-05-01,224,113,259,43,27,0
Delhi,2022-05-02,235,235,128,94,12,1
Delhi,2022-05-03,237,237,236,69,17,1
Delhi,2022-05-04,192,256,211,86,48,2
Delhi,2022-05-05,218,295,250,35,33,2
Delhi,2022-05-06,221,146,314,39,20,1
Delhi,2022-05-07,212,185,362,24,30,3
Delhi,2022-05-08,209,154,316,94,41,2
Delhi,2022-05-09,205,285,358,79,31,3
Delhi,2022-05-10,224,51,311,43,44,3
Delhi,2022-05-11,242,254,88,50,9,3
Delhi,2022-05-12,191,168,199,82,34,4
Delhi,2022-05-13,222,58,211,29,11,0
Delhi,2022-05-14,201,146,384,56,34,3
Delhi,2022-05-15,227,222,84,88,9,0
Delhi,2022-05-16,197,137,137,98,20,2
Delhi,2022-05-17,212,165,325,67,32,3
Delhi,2022-05-18,245,265,306,42,13,0
Delhi,2022-05-19,221,166,261,65,45,4
Delhi,2022-05-20,190,184,122,96,24,1
Delhi,2022-05-21,248,150,239,32,48,3
Delhi,2022-05-22,195,276,183,54,20,2
Delhi,2022-05-23,239,202,318,57,35,1
Delhi,2022-05-24,226,145,113,62,9,3
Delhi,2022-05-25,207,165,85,28,6,2
Delhi,2022-05-26,219,112,94,44,40,1
Delhi,2022-05-27,225,181,257,62,28,0
Delhi,2022-05-28,222,98,334,65,48,4
Delhi,2022-05-29,210,141,160,64,38,4
Delhi,2022-05-30,243,131,208,74,26,0
Delhi,2022-05-31,207,60,255,99,9,0
Delhi,2022-06-01,208,58,242,24,33,4
Delhi,2022-06-02,213,137,244,34,12,0
Delhi,2022-06-03,171,63,329,37,8,1
Delhi,2022-06-04,202,240,352,67,32,3
Delhi,2022-06-05,200,120,285,45,15,2
Delhi,2022-06-06,208,267,107,22,31,3
Delhi,2022-06-07,190,197,241,58,46,0
Delhi,2022-06-08,174,214,219,64,21,0
Delhi,2022-06-09,216,227,291,78,36,0
Delhi,2022-06-10,222,251,355,45,36,3
Delhi,2022-06-11,171,168,143,67,14,1
Delhi,2022-06-12,206,288,118,30,29,1
Delhi,2022-06-13,213,207,369,85,47,0
Delhi,2022-06-14,190,233,374,28,11,1
Delhi,2022-06-15,214,63,379,38,18,1
Delhi,2022-06-16,200,62,96,81,13,3
Delhi,2022-06-17,227,218,294,76,46,4
Delhi,2022-06-18,185,294,272,81,11,3
Delhi,2022-06-19,217,81,93,96,37,2
Delhi,2022-06-20,186,178,94,78,23,0
Delhi,2022-06-21,199,278,245,48,6,0
Delhi,2022-06-22,204,83,266,84,33,2
Delhi,2022-06-23,198,55,307,72,32,2
Delhi,2022-06-24,227,238,346,38,31,3
Delhi,2022-06-25,223,240,186,31,33,2
Delhi,2022-06-26,223,215,311,41,22,1
Delhi,2022-06-27,180,121,289,24,14,4
Delhi,2022-06-28,206,208,81,30,47,3
Delhi,2022-06-29,177,140,365,87,11,3
Delhi,2022-06-30,175,244,258,23,41,4
Delhi,2022-07-01,217,249,149,75,19,0
Delhi,2022-07-02,211,185,152,68,8,4
Delhi,2022-07-03,180,232,115,67,33,2
Delhi,2022-07-04,219,289,242,33,30,1
Delhi,2022-07-05,204,69,106,88,46,2
Delhi,2022-07-06,225,182,232,24,13,4
Delhi,2022-07-07,187,139,370,35,49,3
Delhi,2022-07-08,209,252,351,77,10,0
Delhi,2022-07-09,186,82,156,65,25,2
Delhi,2022-07-10,177,240,123,79,6,2
Delhi,2022-07-11,229,233,263,91,11,4
Delhi,2022-07-12,227,81,217,34,45,3
Delhi,2022-07-13,186,84,383,91,10,0
Delhi,2022-07-14,173,262,317,30,19,4
Delhi,2022-07-15,193,234,287,23,49,4
Delhi,2022-07-16,206,50,352,23,5,2
Delhi,2022-07-17,184,59,273,39,39,2
Delhi,2022-07-18,219,241,215,20,8,0
Delhi,2022-07-19,195,160,324,48,9,0
Delhi,2022-07-20,179,139,365,43,32,2
Delhi,2022-07-21,181,171,278,92,39,0
Delhi,2022-07-22,226,161,204,31,7,4
Delhi,2022-07-23,220,130,302,91,24,3
Delhi,2022-07-24,211,192,101,32,10,2
Delhi,2022-07-25,192,292,197,29,45,0
Delhi,2022-07-26,193,292,135,48,41,1
Delhi,2022-07-27,212,137,97,35,36,0
Delhi,2022-07-28,225,171,293,21,14,0
Delhi,2022-07-29,193,241,174,70,32,4
Delhi,2022-07-30,225,67,208,53,15,4
Delhi,2022-07-31,215,72,320,59,25,2
Delhi,2022-08-01,228,85,198,39,8,0
Delhi,2022-08-02,193,208,342,58,17,4
Delhi,2022-08-03,183,265,330,28,18,4
Delhi,2022-08-04,209,267,356,75,48,2
Delhi,2022-08-05,174,251,251,81,9,3
Delhi,2022-08-06,194,141,192,56,10,4
Delhi,2022-08-07,226,109,309,54,49,1
Delhi,2022-08-08,205,101,158,69,7,4
Delhi,2022-08-09,172,245,108,83,14,2
Delhi,2022-08-10,177,154,329,61,36,2
Delhi,2022-08-11,215,60,159,22,25,1
Delhi,2022-08-12,195,93,328,47,37,0
Delhi,2022-08-13,209,59,208,30,33,0
Delhi,2022-08-14,220,127,326,62,36,0
Delhi,2022-08-15,175,284,146,33,43,1
Delhi,2022-08-16,227,166,313,21,12,1
Delhi,2022-08-17,178,101,316,89,16,4
Delhi,2022-08-18,199,183,391,39,29,1
Delhi,2022-08-19,201,290,187,53,21,1
Delhi,2022-08-20,184,130,355,53,45,4
Delhi,2022-08-21,186,64,363,91,9,0
Delhi,2022-08-22,207,281,214,83,22,4
Delhi,2022-08-23,194,128,210,21,17,4
Delhi,2022-08-24,209,124,182,40,21,4
Delhi,2022-08-25,197,240,271,76,23,4
Delhi,2022-08-26,198,144,176,94,48,2
Delhi,2022-08-27,226,248,195,90,31,3
Delhi,2022-08-28,202,118,186,82,9,3
Delhi,2022-08-29,217,59,321,83,35,4
Delhi,2022-08-30,221,125,139,66,46,0
Delhi,2022-08-31,211,107,318,76,49,3
Delhi,2022-09-01,249,146,192,69,10,0
Delhi,2022-09-02,190,276,393,97,39,2
Delhi,2022-09-03,203,199,220,84,28,4
Delhi,2022-09-04,222,180,246,26,20,4
Delhi,2022-09-05,245,213,344,98,6,4
Delhi,2022-09-06,208,293,295,59,6,0
Delhi,2022-09-07,231,210,304,54,36,1
Delhi,2022-09-08,231,127,235,43,7,2
Delhi,2022-09-09,205,252,93,31,8,4
Delhi,2022-09-10,204,182,207,32,35,0
Delhi,2022-09-11,228,237,315,35,5,4
Delhi,2022-09-12,228,282,317,40,23,2
Delhi,2022-09-13,193,246,219,61,39,1
Delhi,2022-09-14,225,109,185,70,31,1
Delhi,2022-09-15,221,74,381,65,22,4
Delhi,2022-09-16,241,139,354,50,28,4
Delhi,2022-09-17,199,99,343,34,45,3
Delhi,2022-09-18,241,184,298,80,8,2
Delhi,2022-09-19,207,168,313,56,12,3
Delhi,2022-09-20,225,107,133,28,33,0
Delhi,2022-09-21,212,111,95,49,46,1
Delhi,2022-09-22,233,278,263,32,36,0
Delhi,2022-09-23,220,197,185,91,34,3
Delhi,2022-09-24,212,283,101,97,39,1
Delhi,2022-09-25,231,267,149,35,18,3
Delhi,2022-09-26,198,289,376,81,27,4
Delhi,2022-09-27,232,226,396,55,17,1
Delhi,2022-09-28,241,176,99,88,20,1
Delhi,2022-09-29,206,298,268,79,28,3
Delhi,2022-09-30,202,119,185,53,37,0
Delhi,2022-10-01,233,271,224,61,24,3
Delhi,2022-10-02,248,260,256,61,32,4
Delhi,2022-10-03,207,179,288,37,17,3
Delhi,2022-10-04,236,85,128,66,5,3
Delhi,2022-10-05,236,106,321,22,7,2
Delhi,2022-10-06,233,299,278,23,13,2
Delhi,2022-10-07,243,267,342,59,23,0
Delhi,2022-10-08,213,203,239,55,7,1
Delhi,2022-10-09,194,166,87,82,46,3
Delhi,2022-10-10,224,170,119,75,43,0
Delhi,2022-10-11,235,158,138,47,33,1
Delhi,2022-10-12,243,245,292,27,41,0
Delhi,2022-10-13,210,240,230,49,11,3
Delhi,2022-10-14,237,276,248,33,5,2
Delhi,2022-10-15,197,216,230,45,24,3
Delhi,2022-10-16,242,193,262,81,41,1
Delhi,2022-10-17,225,285,232,90,26,0
Delhi,2022-10-18,197,204,203,65,9,2
Delhi,2022-10-19,198,278,356,86,23,4
Delhi,2022-10-20,191,174,194,37,28,4
Delhi,2022-10-21,237,82,287,87,6,4
Delhi,2022-10-22,208,211,197,60,29,0
Delhi,2022-10-23,240,179,214,21,5,1
Delhi,2022-10-24,249,155,171,46,11,0
Delhi,2022-10-25,202,211,267,96,35,0
Delhi,2022-10-26,240,232,84,56,16,0
Delhi,2022-10-27,243,76,213,45,48,0
Delhi,2022-10-28,197,134,203,26,31,4
Delhi,2022-10-29,242,136,109,48,18,1
Delhi,2022-10-30,192,256,286,27,19,4
Delhi,2022-10-31,225,213,97,76,15,2
Delhi,2022-11-01,270,65,329,58,29,4
Delhi,2022-11-02,264,77,255,83,27,3
Delhi,2022-11-03,286,70,370,35,18,2
Delhi,2022-11-04,297,233,167,38,44,4
Delhi,2022-11-05,269,80,381,32,17,4
Delhi,2022-11-06,244,180,263,39,32,4
Delhi,2022-11-07,270,239,260,70,29,1
Delhi,2022-11-08,288,217,133,89,16,2
Delhi,2022-11-09,274,119,95,66,43,0
Delhi,2022-11-10,263,142,372,94,32,2
Delhi,2022-11-11,292,194,343,65,30,1
Delhi,2022-11-12,293,217,159,48,29,4
Delhi,2022-11-13,247,147,246,31,32,4
Delhi,2022-11-14,273,109,100,94,47,1
Delhi,2022-11-15,266,298,186,69,43,4
Delhi,2022-11-16,270,193,320,25,27,4
Delhi,2022-11-17,250,281,180,71,10,4
Delhi,2022-11-18,295,294,323,65,48,4
Delhi,2022-11-19,248,122,80,87,13,0
Delhi,2022-11-20,251,169,87,31,45,3
Delhi,2022-11-21,290,212,395,72,25,0
Delhi,2022-11-22,289,276,160,61,39,4
Delhi,2022-11-23,245,226,167,37,12,3
Delhi,2022-11-24,280,296,370,93,10,3
Delhi,2022-11-25,252,166,312,24,40,1
Delhi,2022-11-26,254,250,310,62,22,4
Delhi,2022-11-27,274,63,325,24,28,1
Delhi,2022-11-28,284,76,352,59,15,3
Delhi,2022-11-29,276,174,364,37,24,4
Delhi,2022-11-30,254,254,366,47,33,3
Delhi,2022-12-01,294,235,83,49,24,2
Delhi,2022-12-02,253,296,233,61,7,4
Delhi,2022-12-03,262,237,398,44,40,0
Delhi,2022-12-04,293,175,252,54,12,0
Delhi,2022-12-05,264,251,230,94,44,0
Delhi,2022-12-06,247,217,177,94,13,3
Delhi,2022-12-07,264,261,358,64,43,0
Delhi,2022-12-08,279,74,191,51,45,4
Delhi,2022-12-09,252,208,278,93,17,4
Delhi,2022-12-10,255,154,265,43,26,0
Delhi,2022-12-11,298,291,211,36,18,4
Delhi,2022-12-12,291,160,221,38,46,4
Delhi,2022-12-13,285,99,122,40,17,2
Delhi,2022-12-14,280,66,190,90,6,1
Delhi,2022-12-15,270,53,227,73,26,2
Delhi,2022-12-16,256,275,322,99,28,2
Delhi,2022-12-17,299,226,208,44,24,0
Delhi,2022-12-18,270,154,336,69,24,1
Delhi,2022-12-19,257,259,252,41,22,3
Delhi,2022-12-20,270,257,127,20,13,1
Delhi,2022-12-21,246,183,377,71,37,0
Delhi,2022-12-22,244,163,297,36,49,4
Delhi,2022-12-23,295,184,105,20,7,1
Delhi,2022-12-24,279,79,385,33,12,3
Delhi,2022-12-25,299,189,137,60,26,4
Delhi,2022-12-26,278,59,99,20,27,4
Delhi,2022-12-27,283,92,100,50,10,0
Delhi,2022-12-28,241,123,195,59,22,4
Delhi,2022-12-29,267,170,237,21,11,1
Delhi,2022-12-30,255,185,276,47,44,2
Delhi,2022-12-31,271,261,225,79,44,3
Delhi,2023-01-01,268,258,130,30,36,4
Delhi,2023-01-02,244,253,124,21,42,4
Delhi,2023-01-03,283,77,278,74,5,3
Delhi,2023-01-04,281,176,373,50,45,2
Delhi,2023-01-05,247,267,337,60,39,2
Delhi,2023-01-06,298,73,194,74,17,3
Delhi,2023-01-07,280,146,151,94,40,2
Delhi,2023-01-08,260,234,358,87,36,3
Delhi,2023-01-09,267,298,228,81,24,3
Delhi,2023-01-10,262,184,376,95,19,0
Delhi,2023-01-11,246,283,276,34,29,3
Delhi,2023-01-12,276,197,297,33,12,0
Delhi,2023-01-13,256,262,191,31,15,3
Delhi,2023-01-14,267,244,222,54,36,3
Delhi,2023-01-15,253,293,347,35,44,4
Delhi,2023-01-16,273,290,168,30,47,0
Delhi,2023-01-17,285,257,200,34,35,0
Delhi,2023-01-18,257,184,242,65,24,0
Delhi,2023-01-19,263,184,346,91,44,4
Delhi,2023-01-20,267,264,389,51,16,0
Delhi,2023-01-21,261,121,367,43,22,0
Delhi,2023-01-22,293,294,192,55,30,2
Delhi,2023-01-23,258,84,340,27,7,1
Delhi,2023-01-24,275,119,333,81,24,4
Delhi,2023-01-25,275,121,352,80,44,1
Delhi,2023-01-26,251,177,315,68,21,2
Delhi,2023-01-27,265,218,228,28,9,3
Delhi,2023-01-28,291,195,312,98,7,2
Delhi,2023-01-29,277,162,90,85,16,0
Delhi,2023-01-30,292,89,354,27,19,4
Delhi,2023-01-31,271,198,325,85,26,0
Delhi,2023-02-01,222,58,159,55,14,4
Delhi,2023-02-02,237,105,142,20,30,1
Delhi,2023-02-03,236,67,82,94,29,0
Delhi,2023-02-04,226,234,257,41,11,4
Delhi,2023-02-05,249,197,328,90,35,3
Delhi,2023-02-06,216,239,381,79,10,2
Delhi,2023-02-07,200,75,154,64,14,1
Delhi,2023-02-08,214,223,333,55,29,3
Delhi,2023-02-09,199,210,123,99,35,1
Delhi,2023-02-10,209,112,309,95,12,1
Delhi,2023-02-11,198,56,255,76,32,0
Delhi,2023-02-12,200,201,337,66,31,2
Delhi,2023-02-13,244,115,188,81,13,1
Delhi,2023-02-14,214,241,189,32,16,3
Delhi,2023-02-15,221,148,85,48,48,4
Delhi,2023-02-16,223,163,212,92,34,3
Delhi,2023-02-17,227,237,93,36,20,4
Delhi,2023-02-18,191,198,282,23,34,1
Delhi,2023-02-19,220,239,106,98,14,1
Delhi,2023-02-20,249,186,164,50,35,3
Delhi,2023-02-21,192,108,340,55,17,0
Delhi,2023-02-22,203,141,220,82,17,3
Delhi,2023-02-23,206,235,99,90,47,1
Delhi,2023-02-24,246,174,378,70,29,1
Delhi,2023-02-25,197,261,139,20,44,1
Delhi,2023-02-26,242,261,247,47,35,3
Delhi,2023-02-27,236,218,367,39,24,2
Delhi,2023-02-28,233,75,190,87,46,3
Delhi,2023-03-01,196,172,97,71,38,1
Delhi,2023-03-02,191,72,247,21,47,4
Delhi,2023-03-03,230,222,298,25,24,0
Delhi,2023-03-04,217,172,348,26,34,4
Delhi,2023-03-05,235,248,277,46,15,1
Delhi,2023-03-06,227,111,232,85,6,3
Delhi,2023-03-07,236,127,83,87,35,3
Delhi,2023-03-08,219,136,263,25,28,1
Delhi,2023-03-09,211,127,380,43,21,4
Delhi,2023-03-10,220,76,294,83,16,0
Delhi,2023-03-11,224,98,333,31,32,4
Delhi,2023-03-12,233,104,222,52,21,3
Delhi,2023-03-13,237,91,329,95,28,0
Delhi,2023-03-14,202,266,341,46,42,4
Delhi,2023-03-15,223,61,386,20,23,3
Delhi,2023-03-16,222,132,103,50,48,4
Delhi,2023-03-17,217,286,297,68,32,0
Delhi,2023-03-18,196,168,280,70,32,2
Delhi,2023-03-19,235,213,163,36,34,3
Delhi,2023-03-20,234,145,333,41,12,4
Delhi,2023-03-21,220,249,283,89,24,1
Delhi,2023-03-22,193,219,239,23,47,2
Delhi,2023-03-23,220,130,359,59,29,2
Delhi,2023-03-24,216,51,153,66,39,0
Delhi,2023-03-25,230,98,342,74,43,0
Delhi,2023-03-26,222,173,380,73,49,0
Delhi,2023-03-27,238,233,357,20,43,1
Delhi,2023-03-28,237,148,351,91,24,2
Delhi,2023-03-29,242,55,301,84,33,2
Delhi,2023-03-30,225,276,296,80,11,2
Delhi,2023-03-31,243,77,237,93,9,0
Delhi,2023-04-01,232,149,221,37,14,3
Delhi,2023-04-02,231,125,156,30,43,0
Delhi,2023-04-03,221,262,123,35,13,3
Delhi,2023-04-04,206,149,297,57,20,2
Delhi,2023-04-05,221,262,204,96,23,1
Delhi,2023-04-06,235,179,311,49,41,1
Delhi,2023-04-07,239,173,301,57,21,0
Delhi,2023-04-08,242,84,348,29,32,3
Delhi,2023-04-09,223,267,114,63,42,3
Delhi,2023-04-10,233,217,241,90,9,4
Delhi,2023-04-11,236,273,296,43,40,0
Delhi,2023-04-12,235,67,308,23,27,2
Delhi,2023-04-13,247,52,117,51,14,1
Delhi,2023-04-14,243,185,376,73,9,2
Delhi,2023-04-15,233,184,132,28,6,0
Delhi,2023-04-16,236,136,152,26,49,2
Delhi,2023-04-17,226,118,218,93,30,4
Delhi,2023-04-18,211,153,332,40,39,0
Delhi,2023-04-19,241,274,291,38,22,4
Delhi,2023-04-20,210,246,116,25,20,1
Delhi,2023-04-21,224,174,265,81,37,2
Delhi,2023-04-22,196,136,341,97,36,3
Delhi,2023-04-23,243,106,310,53,36,2
Delhi,2023-04-24,227,154,135,63,24,0
Delhi,2023-04-25,241,97,302,87,37,1
Delhi,2023-04-26,239,64,183,69,36,3
Delhi,2023-04-27,233,145,113,56,35,0
Delhi,2023-04-28,243,275,297,33,24,4
Delhi,2023-04-29,246,284,110,59,32,1
Delhi,2023-04-30,200,163,262,92,7,4
Delhi,2023-05-01,222,82,230,59,41,3
Delhi,2023-05-02,202,261,107,86,12,3
Delhi,2023-05-03,200,277,230,81,14,1
Delhi,2023-05-04,234,292,280,31,23,4
Delhi,2023-05-05,226,234,227,27,16,2
Delhi,2023-05-06,225,122,174,26,7,2
Delhi,2023-05-07,198,216,343,42,13,3
Delhi,2023-05-08,231,267,372,62,25,0
Delhi,2023-05-09,210,55,167,74,11,0
Delhi,2023-05-10,242,63,220,31,19,2
Delhi,2023-05-11,215,199,311,70,44,3
Delhi,2023-05-12,192,115,398,54,27,2
Delhi,2023-05-13,238,277,179,85,9,4
Delhi,2023-05-14,211,143,210,51,16,4
Delhi,2023-05-15,238,233,180,64,10,1
Delhi,2023-05-16,226,108,124,60,7,3
Delhi,2023-05-17,226,97,354,68,32,2
Delhi,2023-05-18,212,193,117,56,42,4
Delhi,2023-05-19,246,116,386,86,40,3
Delhi,2023-05-20,225,150,152,31,30,0
Delhi,2023-05-21,215,267,153,84,14,3
Delhi,2023-05-22,219,152,310,87,28,4
Delhi,2023-05-23,218,74,271,94,44,0
Delhi,2023-05-24,199,216,310,78,17,4
Delhi,2023-05-25,220,264,389,66,8,4
Delhi,2023-05-26,247,88,207,35,25,1
Delhi,2023-05-27,192,235,307,83,12,0
Delhi,2023-05-28,218,267,130,92,44,1
Delhi,2023-05-29,211,258,99,99,18,0
Delhi,2023-05-30,249,156,305,33,36,3
Delhi,2023-05-31,225,100,233,32,19,4
Delhi,2023-06-01,188,273,349,53,17,0
Delhi,2023-06-02,174,296,172,29,20,4
Delhi,2023-06-03,176,203,271,91,44,3
Delhi,2023-06-04,186,205,283,94,46,1
Delhi,2023-06-05,184,117,226,48,23,1
Delhi,2023-06-06,181,52,363,44,29,1
Delhi,2023-06-07,175,282,252,77,35,3
Delhi,2023-06-08,197,218,339,51,39,3
Delhi,2023-06-09,223,51,397,44,14,4
Delhi,2023-06-10,200,82,160,83,45,1
Delhi,2023-06-11,192,221,385,93,7,1
Delhi,2023-06-12,207,133,380,94,31,2
Delhi,2023-06-13,221,143,85,64,26,1
Delhi,2023-06-14,179,68,301,63,46,4
Delhi,2023-06-15,188,251,294,60,43,2
Delhi,2023-06-16,196,91,236,32,22,2
Delhi,2023-06-17,191,137,305,50,48,4
Delhi,2023-06-18,174,238,137,26,42,2
Delhi,2023-06-19,210,215,294,36,32,2
Delhi,2023-06-20,170,271,83,38,23,2
Delhi,2023-06-21,213,243,249,74,21,3
Delhi,2023-06-22,182,232,257,73,44,2
Delhi,2023-06-23,214,68,384,28,42,1
Delhi,2023-06-24,184,289,152,47,49,3
Delhi,2023-06-25,207,81,253,49,48,1
Delhi,2023-06-26,185,89,231,82,35,4
Delhi,2023-06-27,189,280,399,39,12,2
Delhi,2023-06-28,206,69,277,61,30,2
Delhi,2023-06-29,207,82,307,46,37,1
Delhi,2023-06-30,195,67,340,70,18,2
Delhi,2023-07-01,221,142,301,81,36,1
Delhi,2023-07-02,226,105,165,30,42,4
Delhi,2023-07-03,206,288,338,50,19,3
Delhi,2023-07-04,191,277,124,53,37,2
Delhi,2023-07-05,176,168,104,80,35,2
Delhi,2023-07-06,181,240,336,51,23,1
Delhi,2023-07-07,206,199,337,28,40,3
Delhi,2023-07-08,172,216,141,77,6,0
Delhi,2023-07-09,194,55,82,90,45,2
Delhi,2023-07-10,177,276,366,30,15,4
Delhi,2023-07-11,200,115,247,21,45,2
Delhi,2023-07-12,214,74,102,71,17,3
Delhi,2023-07-13,216,294,111,97,41,3
Delhi,2023-07-14,204,159,173,97,41,4
Delhi,2023-07-15,188,266,316,21,5,2
Delhi,2023-07-16,194,114,206,79,40,4
Delhi,2023-07-17,206,175,370,47,37,3
Delhi,2023-07-18,176,164,156,25,11,0
Delhi,2023-07-19,180,103,378,83,5,4
Delhi,2023-07-20,226,256,139,36,26,0
Delhi,2023-07-21,183,223,270,26,49,4
Delhi,2023-07-22,180,114,130,88,33,3
Delhi,2023-07-23,225,135,245,97,25,4
Delhi,2023-07-24,223,166,257,64,30,1
Delhi,2023-07-25,177,186,318,72,14,2
Delhi,2023-07-26,174,228,154,29,44,2
Delhi,2023-07-27,198,107,115,88,17,1
Delhi,2023-07-28,211,219,146,97,45,1
Delhi,2023-07-29,203,295,141,51,42,4
Delhi,2023-07-30,229,296,396,72,8,1
Delhi,2023-07-31,225,98,154,86,40,2
Delhi,2023-08-01,212,274,150,51,22,4
Delhi,2023-08-02,203,60,262,42,7,3
Delhi,2023-08-03,210,289,165,65,9,3
Delhi,2023-08-04,171,108,390,76,34,2
Delhi,2023-08-05,194,158,306,63,16,0
Delhi,2023-08-06,214,150,274,82,43,0
Delhi,2023-08-07,207,177,320,71,22,0
Delhi,2023-08-08,181,279,317,37,44,3
Delhi,2023-08-09,227,274,335,52,41,4
Delhi,2023-08-10,179,260,342,62,42,2
Delhi,2023-08-11,229,242,300,93,46,2
Delhi,2023-08-12,183,216,283,83,12,3
Delhi,2023-08-13,183,279,210,55,24,3
Delhi,2023-08-14,180,109,291,25,43,2
Delhi,2023-08-15,185,110,322,35,5,0
Delhi,2023-08-16,188,240,238,56,35,1
Delhi,2023-08-17,192,259,262,30,19,4
Delhi,2023-08-18,185,231,397,94,16,3
Delhi,2023-08-19,181,125,220,91,25,0
Delhi,2023-08-20,205,281,185,79,16,4
Delhi,2023-08-21,223,221,197,57,8,2
Delhi,2023-08-22,198,194,363,26,8,1
Delhi,2023-08-23,181,183,97,59,21,4
Delhi,2023-08-24,182,110,205,27,49,4
Delhi,2023-08-25,202,179,199,24,33,1
Delhi,2023-08-26,191,164,193,26,16,2
Delhi,2023-08-27,194,239,328,89,23,2
Delhi,2023-08-28,206,250,100,36,5,2
Delhi,2023-08-29,210,88,238,32,23,2
Delhi,2023-08-30,170,206,363,84,14,4
Delhi,2023-08-31,209,56,374,78,47,1
Delhi,2023-09-01,191,122,159,32,37,0
Delhi,2023-09-02,191,65,340,48,16,2
Delhi,2023-09-03,224,284,195,98,49,2
Delhi,2023-09-04,220,96,137,60,25,1
Delhi,2023-09-05,203,282,300,97,25,3
Delhi,2023-09-06,224,52,377,32,47,2
Delhi,2023-09-07,243,106,133,49,42,4
Delhi,2023-09-08,218,150,311,54,13,3
Delhi,2023-09-09,205,78,163,34,9,1
Delhi,2023-09-10,223,164,192,75,28,2
Delhi,2023-09-11,238,299,354,23,13,4
Delhi,2023-09-12,210,242,123,61,25,4
Delhi,2023-09-13,193,263,237,59,40,3
Delhi,2023-09-14,209,280,388,62,8,1
Delhi,2023-09-15,191,271,290,37,46,1
Delhi,2023-09-16,228,130,142,23,39,4
Delhi,2023-09-17,227,193,131,99,46,1
Delhi,2023-09-18,235,225,314,60,17,1
Delhi,2023-09-19,237,283,97,50,46,4
Delhi,2023-09-20,248,282,250,64,25,0
Delhi,2023-09-21,207,193,114,65,28,1
Delhi,2023-09-22,190,289,352,24,46,4
Delhi,2023-09-23,196,199,114,58,38,4
Delhi,2023-09-24,197,175,316,75,12,3
Delhi,2023-09-25,210,256,80,42,35,1
Delhi,2023-09-26,198,221,383,24,41,4
Delhi,2023-09-27,195,123,277,54,26,4
Delhi,2023-09-28,236,62,195,28,48,3
Delhi,2023-09-29,243,216,181,74,34,0
Delhi,2023-09-30,232,145,354,61,47,0
Delhi,2023-10-01,240,173,217,91,34,4
Delhi,2023-10-02,222,85,314,59,27,0
Delhi,2023-10-03,205,279,132,43,24,3
Delhi,2023-10-04,246,191,214,74,8,4
Delhi,2023-10-05,228,180,142,80,30,0
Delhi,2023-10-06,237,242,373,63,49,2
Delhi,2023-10-07,204,272,151,72,5,2
Delhi,2023-10-08,204,50,396,83,22,4
Delhi,2023-10-09,224,176,88,85,30,1
Delhi,2023-10-10,226,73,182,60,37,2
Delhi,2023-10-11,197,225,304,97,31,1
Delhi,2023-10-12,215,283,100,85,30,3
Delhi,2023-10-13,214,255,198,30,33,3
Delhi,2023-10-14,216,274,147,62,40,0
Delhi,2023-10-15,193,113,157,79,5,3
Delhi,2023-10-16,207,286,273,83,37,2
Delhi,2023-10-17,239,158,153,20,5,4
Delhi,2023-10-18,227,150,233,39,6,3
Delhi,2023-10-19,192,88,361,53,6,2
Delhi,2023-10-20,198,109,290,34,5,0
Delhi,2023-10-21,248,84,337,73,13,2
Delhi,2023-10-22,190,81,375,48,7,3
Delhi,2023-10-23,192,81,179,74,17,4
Delhi,2023-10-24,231,77,323,35,38,1
Delhi,2023-10-25,215,236,114,43,49,0
Delhi,2023-10-26,209,281,391,74,30,0
Delhi,2023-10-27,223,259,90,40,38,2
Delhi,2023-10-28,230,224,390,94,28,1
Delhi,2023-10-29,206,215,201,45,47,1
Delhi,2023-10-30,209,194,206,76,11,2
Delhi,2023-10-31,243,214,385,72,21,3
Delhi,2023-11-01,299,112,83,21,35,1
Delhi,2023-11-02,249,275,182,89,30,3
Delhi,2023-11-03,284,191,291,61,33,4
Delhi,2023-11-04,255,294,83,37,16,1
Delhi,2023-11-05,266,288,272,21,37,3
Delhi,2023-11-06,281,172,296,51,40,4
Delhi,2023-11-07,286,269,92,61,42,0
Delhi,2023-11-08,276,262,198,76,9,2
Delhi,2023-11-09,240,180,82,38,34,2
Delhi,2023-11-10,280,53,107,34,33,1
Delhi,2023-11-11,252,127,372,59,25,1
Delhi,2023-11-12,299,156,271,64,8,0
Delhi,2023-11-13,272,182,373,97,42,1
Delhi,2023-11-14,285,274,328,56,18,2
Delhi,2023-11-15,255,227,307,68,14,2
Delhi,2023-11-16,271,92,354,38,49,3
Delhi,2023-11-17,251,201,226,43,40,2
Delhi,2023-11-18,296,285,317,84,10,0
Delhi,2023-11-19,254,119,213,52,38,1
Delhi,2023-11-20,282,86,320,73,16,3
Delhi,2023-11-21,244,75,370,49,42,3
Delhi,2023-11-22,261,188,355,57,44,0
Delhi,2023-11-23,244,107,118,75,15,0
Delhi,2023-11-24,253,109,252,41,25,2
Delhi,2023-11-25,284,128,361,24,31,0
Delhi,2023-11-26,255,92,313,46,37,2
Delhi,2023-11-27,252,67,339,69,8,1
Delhi,2023-11-28,268,225,86,54,14,0
Delhi,2023-11-29,294,152,187,60,5,2
Delhi,2023-11-30,272,260,291,98,15,4
Delhi,2023-12-01,248,157,204,69,30,0
Delhi,2023-12-02,257,75,383,99,36,1
Delhi,2023-12-03,294,110,166,64,6,4
Delhi,2023-12-04,289,257,228,91,38,2
Delhi,2023-12-05,264,177,112,67,10,0
Delhi,2023-12-06,285,244,142,60,18,2
Delhi,2023-12-07,254,204,367,98,13,4
Delhi,2023-12-08,288,62,362,80,37,3
Delhi,2023-12-09,267,296,295,37,47,3
Delhi,2023-12-10,242,94,164,52,19,2
Delhi,2023-12-11,268,145,277,23,27,0
Delhi,2023-12-12,279,151,172,46,45,2
Delhi,2023-12-13,241,278,368,96,11,2
Delhi,2023-12-14,254,136,250,34,24,4
Delhi,2023-12-15,261,129,278,83,21,2
Delhi,2023-12-16,272,116,91,21,48,1
Delhi,2023-12-17,257,51,302,24,10,4
Delhi,2023-12-18,276,265,296,71,6,1
Delhi,2023-12-19,258,73,131,49,12,4
Delhi,2023-12-20,293,207,92,57,47,1
Delhi,2023-12-21,254,233,372,95,18,2
Delhi,2023-12-22,253,272,189,86,43,2
Delhi,2023-12-23,284,259,317,43,31,0
Delhi,2023-12-24,299,274,110,83,28,1
Delhi,2023-12-25,262,174,258,51,36,2
Delhi,2023-12-26,271,286,256,39,11,3
Delhi,2023-12-27,273,94,212,83,26,4
Delhi,2023-12-28,265,221,90,55,37,3
Delhi,2023-12-29,278,281,215,98,44,3
Delhi,2023-12-30,291,117,246,57,18,4
Delhi,2023-12-31,268,275,170,43,38,0
Delhi,2024-01-01,287,144,147,70,47,0
Delhi,2024-01-02,240,114,291,76,39,2
Delhi,2024-01-03,250,99,369,43,26,2
Delhi,2024-01-04,252,241,204,94,10,1
Delhi,2024-01-05,264,255,100,38,42,3
Delhi,2024-01-06,282,204,98,50,47,0
Delhi,2024-01-07,252,79,127,90,34,4
Delhi,2024-01-08,268,144,164,89,13,2
Delhi,2024-01-09,245,271,289,35,26,1
Delhi,2024-01-10,283,80,330,34,28,0
Delhi,2024-01-11,295,52,235,64,11,2
Delhi,2024-01-12,296,65,322,44,26,0
Delhi,2024-01-13,273,216,253,24,26,4
Delhi,2024-01-14,292,115,111,33,12,4
Delhi,2024-01-15,261,282,178,30,19,2
Delhi,2024-01-16,279,192,118,68,46,2
Delhi,2024-01-17,264,183,216,40,21,4
Delhi,2024-01-18,245,199,233,46,28,0
Delhi,2024-01-19,297,109,352,20,18,3
Delhi,2024-01-20,257,122,256,73,21,3
Delhi,2024-01-21,252,53,99,61,20,0
Delhi,2024-01-22,253,144,194,69,34,4
Delhi,2024-01-23,288,280,253,20,44,1
Delhi,2024-01-24,253,121,284,81,9,3
Delhi,2024-01-25,270,64,293,98,26,0
Delhi,2024-01-26,286,60,129,49,44,2
Delhi,2024-01-27,252,291,329,64,34,0
Delhi,2024-01-28,288,188,228,93,37,4
Delhi,2024-01-29,286,259,85,56,27,0
Delhi,2024-01-30,247,199,375,86,44,3
Delhi,2024-01-31,292,293,98,47,11,4
Delhi,2024-02-01,197,174,104,72,49,4
Delhi,2024-02-02,204,74,389,57,39,1
Delhi,2024-02-03,235,229,107,36,23,2
Delhi,2024-02-04,201,78,326,99,20,2
Delhi,2024-02-05,215,183,108,32,13,0
Delhi,2024-02-06,244,68,174,83,48,0
Delhi,2024-02-07,249,76,184,65,10,3
Delhi,2024-02-08,191,119,245,76,44,4
Delhi,2024-02-09,209,150,213,94,28,0
Delhi,2024-02-10,222,58,351,61,29,4
Delhi,2024-02-11,237,99,364,29,19,0
Delhi,2024-02-12,246,51,324,59,8,0
Delhi,2024-02-13,216,239,239,76,36,1
Delhi,2024-02-14,236,190,250,72,5,2
Delhi,2024-02-15,198,249,394,84,25,1
Delhi,2024-02-16,234,102,129,99,24,0
Delhi,2024-02-17,191,147,374,84,12,4
Delhi,2024-02-18,198,233,306,96,39,3
Delhi,2024-02-19,191,289,232,28,39,2
Delhi,2024-02-20,195,254,209,82,46,1
Delhi,2024-02-21,198,232,146,27,20,1
Delhi,2024-02-22,233,76,355,27,27,3
Delhi,2024-02-23,226,256,343,35,46,1
Delhi,2024-02-24,241,260,159,56,29,1
Delhi,2024-02-25,219,237,282,93,18,2
Delhi,2024-02-26,200,208,361,91,28,2
Delhi,2024-02-27,219,203,182,32,29,2
Delhi,2024-02-28,227,64,255,55,42,4
Delhi,2024-02-29,227,281,315,75,37,2
Delhi,2024-03-01,213,213,201,39,37,2
Delhi,2024-03-02,215,231,279,36,9,3
Delhi,2024-03-03,204,262,338,34,43,2
Delhi,2024-03-04,190,132,299,90,43,2
Delhi,2024-03-05,228,284,332,68,12,3
Delhi,2024-03-06,217,219,338,97,32,2
Delhi,2024-03-07,238,281,191,26,35,4
Delhi,2024-03-08,220,105,190,88,12,2
Delhi,2024-03-09,198,257,323,54,33,1
Delhi,2024-03-10,195,168,117,32,32,1
Delhi,2024-03-11,247,286,293,78,28,1
Delhi,2024-03-12,237,236,163,40,6,0
Delhi,2024-03-13,197,114,314,84,44,1
Delhi,2024-03-14,229,261,357,74,32,3
Delhi,2024-03-15,228,210,272,28,8,3
Delhi,2024-03-16,209,55,84,24,26,2
Delhi,2024-03-17,194,231,327,41,31,2
Delhi,2024-03-18,240,99,356,62,10,0
Delhi,2024-03-19,201,224,81,95,18,3
Delhi,2024-03-20,205,230,280,37,10,0
Delhi,2024-03-21,246,133,163,73,47,3
Delhi,2024-03-22,240,86,244,26,16,1
Delhi,2024-03-23,236,135,182,94,5,4
Delhi,2024-03-24,207,102,86,78,49,0
Delhi,2024-03-25,221,198,377,68,19,4
Delhi,2024-03-26,228,214,257,92,21,1
Delhi,2024-03-27,240,151,349,28,47,0
Delhi,2024-03-28,219,237,225,42,14,2
Delhi,2024-03-29,212,224,222,27,12,4
Delhi,2024-03-30,223,258,171,81,11,0
Delhi,2024-03-31,205,276,116,77,36,4
Delhi,2024-04-01,226,233,248,67,47,2
Delhi,2024-04-02,230,230,379,60,48,1
Delhi,2024-04-03,208,136,180,64,28,1
Delhi,2024-04-04,235,116,280,30,15,0
Delhi,2024-04-05,207,190,332,40,32,2
Delhi,2024-04-06,232,289,131,37,27,3
Delhi,2024-04-07,219,222,346,24,12,3
Delhi,2024-04-08,216,238,245,68,6,3
Delhi,2024-04-09,195,95,181,85,46,1
Delhi,2024-04-10,226,154,254,85,18,3
Delhi,2024-04-11,239,95,80,92,9,0
Delhi,2024-04-12,197,170,183,28,48,2
Delhi,2024-04-13,238,290,270,22,49,4
Delhi,2024-04-14,215,262,349,34,44,4
Delhi,2024-04-15,222,110,307,49,20,2
Delhi,2024-04-16,192,262,310,82,11,0
Delhi,2024-04-17,248,199,152,40,14,1
Delhi,2024-04-18,220,274,364,28,39,1
Delhi,2024-04-19,213,152,104,52,29,3
Delhi,2024-04-20,235,172,183,78,45,1
Delhi,2024-04-21,227,122,346,62,41,2
Delhi,2024-04-22,235,252,234,52,11,1
Delhi,2024-04-23,218,216,344,99,43,4
Delhi,2024-04-24,222,175,299,67,12,1
Delhi,2024-04-25,239,171,262,34,12,4
Delhi,2024-04-26,213,104,193,87,39,0
Delhi,2024-04-27,204,164,355,23,47,0
Delhi,2024-04-28,195,241,378,46,22,2
Delhi,2024-04-29,218,195,215,78,44,3
Delhi,2024-04-30,240,108,278,70,43,2
Delhi,2024-05-01,248,58,120,85,24,2
Delhi,2024-05-02,206,205,119,72,47,4
Delhi,2024-05-03,244,123,372,97,48,3
Delhi,2024-05-04,219,221,286,80,47,4
Delhi,2024-05-05,239,121,390,61,48,3
Delhi,2024-05-06,215,265,169,38,41,2
Delhi,2024-05-07,236,110,147,37,42,1
Delhi,2024-05-08,207,288,270,31,39,4
Delhi,2024-05-09,209,133,136,50,45,0
Delhi,2024-05-10,212,221,294,93,49,4
Delhi,2024-05-11,247,55,196,70,15,0
Delhi,2024-05-12,211,292,101,87,46,4
Delhi,2024-05-13,190,162,173,24,36,0
Delhi,2024-05-14,225,290,265,94,42,2
Delhi,2024-05-15,194,127,165,59,6,3
Delhi,2024-05-16,224,97,96,40,17,0
Delhi,2024-05-17,227,208,116,99,23,2
Delhi,2024-05-18,232,242,227,31,26,4
Delhi,2024-05-19,217,72,301,69,32,4
Delhi,2024-05-20,239,87,296,87,27,4
Delhi,2024-05-21,218,122,214,69,45,3
Delhi,2024-05-22,211,291,155,97,17,0
Delhi,2024-05-23,223,221,147,64,33,4
Delhi,2024-05-24,243,118,116,87,49,4
Delhi,2024-05-25,235,251,399,98,13,0
Delhi,2024-05-26,240,121,359,86,49,0
Delhi,2024-05-27,226,83,229,46,6,0
Delhi,2024-05-28,197,195,93,36,5,2
Delhi,2024-05-29,237,130,166,65,33,3
Delhi,2024-05-30,204,289,280,61,9,2
Delhi,2024-05-31,236,174,266,58,12,2
Delhi,2024-06-01,219,236,164,75,10,0
Delhi,2024-06-02,197,212,328,31,11,1
Delhi,2024-06-03,182,136,243,24,43,1
Delhi,2024-06-04,202,81,362,26,29,0
Delhi,2024-06-05,200,128,377,47,43,4
Delhi,2024-06-06,215,50,94,78,40,0
Delhi,2024-06-07,178,230,104,28,22,2
Delhi,2024-06-08,188,296,171,32,6,2
Delhi,2024-06-09,220,116,140,39,15,2
Delhi,2024-06-10,172,119,239,57,41,3
Delhi,2024-06-11,193,137,308,29,39,0
Delhi,2024-06-12,181,111,102,66,17,0
Delhi,2024-06-13,171,193,327,24,16,4
Delhi,2024-06-14,180,270,287,89,34,1
Delhi,2024-06-15,188,183,240,73,17,1
Delhi,2024-06-16,207,191,263,94,34,4
Delhi,2024-06-17,223,299,234,78,40,0
Delhi,2024-06-18,218,120,121,49,31,4
Delhi,2024-06-19,224,231,379,26,46,4
Delhi,2024-06-20,220,155,398,86,46,4
Delhi,2024-06-21,184,139,212,20,48,1
Delhi,2024-06-22,212,231,370,77,19,2
Delhi,2024-06-23,194,166,101,90,48,1
Delhi,2024-06-24,217,163,161,69,46,0
Delhi,2024-06-25,173,226,191,23,33,3
Delhi,2024-06-26,193,249,296,33,43,3
Delhi,2024-06-27,224,268,159,82,30,4
Delhi,2024-06-28,216,231,161,57,37,2
Delhi,2024-06-29,217,205,89,49,7,4
Delhi,2024-06-30,208,283,200,78,18,0
Delhi,2024-07-01,221,260,108,97,31,1
Delhi,2024-07-02,182,51,274,80,36,4
Delhi,2024-07-03,190,107,295,72,28,4
Delhi,2024-07-04,187,264,98,45,38,3
Delhi,2024-07-05,229,261,192,78,49,1
Delhi,2024-07-06,228,67,342,26,40,2
Delhi,2024-07-07,198,249,231,66,48,1
Delhi,2024-07-08,194,171,379,75,18,1
Delhi,2024-07-09,227,202,398,38,36,3
Delhi,2024-07-10,181,168,321,88,39,1
Delhi,2024-07-11,209,63,311,50,37,0
Delhi,2024-07-12,191,69,345,71,28,2
Delhi,2024-07-13,223,241,268,54,10,3
Delhi,2024-07-14,202,278,219,25,10,3
Delhi,2024-07-15,206,171,285,86,31,0
Delhi,2024-07-16,194,116,120,27,35,0
Delhi,2024-07-17,192,121,375,44,43,3
Delhi,2024-07-18,225,147,371,40,11,3
Delhi,2024-07-19,196,130,251,59,29,1
Delhi,2024-07-20,206,185,276,26,33,2
Delhi,2024-07-21,220,213,84,71,26,2
Delhi,2024-07-22,201,77,159,31,29,2
Delhi,2024-07-23,229,247,374,31,11,4
Delhi,2024-07-24,225,196,97,39,34,2
Delhi,2024-07-25,213,225,168,74,28,2
Delhi,2024-07-26,223,246,299,33,41,1
Delhi,2024-07-27,179,168,208,69,42,2
Delhi,2024-07-28,218,71,170,51,10,3
Delhi,2024-07-29,173,78,80,41,12,2
Delhi,2024-07-30,195,134,111,31,19,1
Delhi,2024-07-31,218,169,133,25,45,3
Delhi,2024-08-01,197,153,98,79,21,1
Delhi,2024-08-02,212,88,352,49,21,2
Delhi,2024-08-03,197,214,347,83,6,3
Delhi,2024-08-04,199,110,193,93,19,4
Delhi,2024-08-05,221,139,120,26,33,4
Delhi,2024-08-06,208,298,350,46,17,2
Delhi,2024-08-07,192,216,365,88,43,0
Delhi,2024-08-08,208,196,261,45,22,3
Delhi,2024-08-09,197,215,128,71,19,3
Delhi,2024-08-10,209,231,268,51,40,0
Delhi,2024-08-11,210,109,187,41,7,0
Delhi,2024-08-12,189,140,215,33,16,2
Delhi,2024-08-13,179,226,191,79,45,2
Delhi,2024-08-14,213,298,352,27,15,3
Delhi,2024-08-15,172,240,165,85,45,2
Delhi,2024-08-16,211,197,335,39,43,4
Delhi,2024-08-17,228,165,178,41,47,0
Delhi,2024-08-18,186,251,379,45,32,1
Delhi,2024-08-19,170,190,383,86,9,2
Delhi,2024-08-20,202,274,147,41,49,2
Delhi,2024-08-21,229,70,262,72,6,3
Delhi,2024-08-22,201,202,177,92,34,1
Delhi,2024-08-23,203,141,256,82,35,1
Delhi,2024-08-24,217,58,290,68,23,1
Delhi,2024-08-25,227,121,103,75,42,4
Delhi,2024-08-26,214,239,328,59,11,0
Delhi,2024-08-27,212,247,88,48,31,2
Delhi,2024-08-28,192,164,168,65,32,3
Delhi,2024-08-29,211,174,111,53,40,3
Delhi,2024-08-30,195,106,93,56,30,4
Delhi,2024-08-31,179,168,391,61,47,0
Delhi,2024-09-01,235,64,227,66,12,2
Delhi,2024-09-02,249,58,369,81,9,0
Delhi,2024-09-03,242,163,388,75,22,4
Delhi,2024-09-04,238,279,353,42,23,2
Delhi,2024-09-05,201,186,138,89,35,1
Delhi,2024-09-06,226,215,90,40,11,1
Delhi,2024-09-07,190,247,334,97,13,3
Delhi,2024-09-08,208,201,173,88,31,3
Delhi,2024-09-09,207,72,97,66,6,4
Delhi,2024-09-10,243,200,104,33,39,3
Delhi,2024-09-11,208,116,191,82,16,3
Delhi,2024-09-12,223,139,283,20,37,1
Delhi,2024-09-13,234,231,240,66,22,0
Delhi,2024-09-14,240,185,269,24,22,3
Delhi,2024-09-15,247,176,387,92,39,2
Delhi,2024-09-16,233,182,239,59,8,0
Delhi,2024-09-17,212,190,203,77,25,1
Delhi,2024-09-18,209,248,375,22,11,0
Delhi,2024-09-19,198,192,195,92,6,1
Delhi,2024-09-20,190,255,94,90,21,0
Delhi,2024-09-21,203,64,93,83,39,3
Delhi,2024-09-22,202,252,239,78,29,0
Delhi,2024-09-23,239,239,251,90,45,2
Delhi,2024-09-24,244,144,387,34,39,1
Delhi,2024-09-25,207,237,199,69,20,1
Delhi,2024-09-26,191,270,220,63,22,1
Delhi,2024-09-27,235,57,156,88,30,0
Delhi,2024-09-28,247,72,140,81,21,0
Delhi,2024-09-29,196,210,235,26,48,3
Delhi,2024-09-30,228,52,226,97,41,4
Delhi,2024-10-01,240,55,151,65,21,4
Delhi,2024-10-02,190,67,205,32,35,0
Delhi,2024-10-03,210,179,309,85,38,0
Delhi,2024-10-04,217,214,195,90,43,4
Delhi,2024-10-05,215,291,222,21,49,0
Delhi,2024-10-06,211,260,336,70,39,3
Delhi,2024-10-07,241,180,395,62,46,1
Delhi,2024-10-08,193,168,328,65,23,2
Delhi,2024-10-09,235,219,130,62,28,2
Delhi,2024-10-10,226,51,83,57,32,4
Delhi,2024-10-11,194,101,86,72,31,2
Delhi,2024-10-12,233,183,367,29,21,0
Delhi,2024-10-13,212,57,259,85,25,0
Delhi,2024-10-14,216,96,399,31,6,1
Delhi,2024-10-15,227,112,151,81,8,1
Delhi,2024-10-16,248,195,345,66,45,1
Delhi,2024-10-17,239,106,93,63,16,2
Delhi,2024-10-18,193,119,345,44,7,4
Delhi,2024-10-19,193,154,347,41,28,3
Delhi,2024-10-20,220,60,396,78,48,0
Delhi,2024-10-21,193,223,198,24,20,2
Delhi,2024-10-22,237,72,398,32,26,4
Delhi,2024-10-23,194,220,171,42,17,3
Delhi,2024-10-24,237,285,351,57,47,2
Delhi,2024-10-25,202,244,149,29,42,1
Delhi,2024-10-26,239,141,211,50,32,1
Delhi,2024-10-27,235,246,364,41,19,2
Delhi,2024-10-28,228,136,371,97,11,0
Delhi,2024-10-29,238,289,244,70,10,2
Delhi,2024-10-30,242,250,272,39,43,4
Delhi,2024-10-31,234,288,105,55,44,1
Delhi,2024-11-01,272,252,199,74,24,2
Delhi,2024-11-02,266,246,218,95,38,3
Delhi,2024-11-03,290,193,335,76,23,0
Delhi,2024-11-04,250,86,202,85,33,2
Delhi,2024-11-05,274,158,181,91,25,1
Delhi,2024-11-06,273,54,327,55,12,4
Delhi,2024-11-07,284,131,178,91,43,3
Delhi,2024-11-08,249,53,186,57,24,3
Delhi,2024-11-09,281,182,198,54,19,4
Delhi,2024-11-10,265,293,122,78,17,2
Delhi,2024-11-11,249,163,290,86,26,0
Delhi,2024-11-12,269,254,379,23,43,4
Delhi,2024-11-13,254,62,184,22,12,0
Delhi,2024-11-14,244,144,267,40,41,3
Delhi,2024-11-15,290,202,251,86,33,3
Delhi,2024-11-16,245,117,352,40,25,3
Delhi,2024-11-17,273,103,95,30,11,4
Delhi,2024-11-18,293,190,272,33,26,3
Delhi,2024-11-19,291,158,236,48,23,2
Delhi,2024-11-20,240,130,105,52,27,1
Delhi,2024-11-21,259,106,298,49,17,1
Delhi,2024-11-22,275,96,255,50,13,1
Delhi,2024-11-23,249,177,389,31,39,2
Delhi,2024-11-24,265,163,253,50,7,3
Delhi,2024-11-25,255,232,248,60,23,0
Delhi,2024-11-26,245,181,245,47,36,2
Delhi,2024-11-27,286,244,314,86,13,1
Delhi,2024-11-28,274,224,317,34,14,4
Delhi,2024-11-29,261,124,239,85,35,4
Delhi,2024-11-30,245,93,123,46,38,1
Delhi,2024-12-01,295,262,277,48,37,4
Delhi,2024-12-02,277,115,310,85,21,0
Delhi,2024-12-03,265,285,85,93,32,3
Delhi,2024-12-04,273,181,380,74,27,3
Delhi,2024-12-05,276,139,100,79,41,3
Delhi,2024-12-06,289,213,240,43,14,1
Delhi,2024-12-07,251,209,396,86,26,2
Delhi,2024-12-08,247,282,244,66,33,0
Delhi,2024-12-09,292,134,250,81,27,0
Delhi,2024-12-10,287,259,195,81,37,1
Delhi,2024-12-11,275,123,399,88,27,3
Delhi,2024-12-12,271,193,337,55,44,1
Delhi,2024-12-13,298,133,170,72,15,1
Delhi,2024-12-14,295,82,166,49,25,4
Delhi,2024-12-15,277,128,187,54,40,4
Delhi,2024-12-16,260,80,100,24,14,1
Delhi,2024-12-17,285,162,275,20,32,2
Delhi,2024-12-18,278,115,94,54,42,1
Delhi,2024-12-19,284,55,390,21,37,2
Delhi,2024-12-20,287,147,90,79,44,3
Delhi,2024-12-21,297,136,219,25,44,2
Delhi,2024-12-22,297,270,164,59,12,2
Delhi,2024-12-23,295,125,361,71,7,0
Delhi,2024-12-24,243,81,328,53,6,3
Delhi,2024-12-25,264,279,270,57,47,3
Delhi,2024-12-26,291,124,134,28,11,0
Delhi,2024-12-27,279,119,268,34,34,3
Delhi,2024-12-28,293,259,201,65,33,1
Delhi,2024-12-29,255,102,115,43,9,3
Delhi,2024-12-30,283,118,144,32,30,1
Delhi,2024-12-31,276,191,312,23,7,0
Mumbai,2019-01-01,190,129,182,35,38,2
Mumbai,2019-01-02,212,223,82,68,17,2
Mumbai,2019-01-03,204,233,257,54,28,3
Mumbai,2019-01-04,205,106,263,28,28,0
Mumbai,2019-01-05,221,204,224,84,6,1
Mumbai,2019-01-06,171,97,350,44,36,2
Mumbai,2019-01-07,215,174,208,80,37,2
Mumbai,2019-01-08,187,218,147,47,33,0
Mumbai,2019-01-09,210,248,81,92,24,4
Mumbai,2019-01-10,209,107,370,41,42,0
Mumbai,2019-01-11,221,173,80,31,21,1
Mumbai,2019-01-12,217,153,214,45,34,0
Mumbai,2019-01-13,171,101,206,67,42,1
Mumbai,2019-01-14,170,273,259,76,41,0
Mumbai,2019-01-15,228,196,170,58,21,4
Mumbai,2019-01-16,202,107,184,84,36,3
Mumbai,2019-01-17,177,72,94,46,9,0
Mumbai,2019-01-18,172,122,112,49,39,3
Mumbai,2019-01-19,201,215,234,34,42,0
Mumbai,2019-01-20,228,104,254,80,35,3
Mumbai,2019-01-21,177,287,313,37,13,3
Mumbai,2019-01-22,180,115,167,78,36,2
Mumbai,2019-01-23,196,99,360,32,32,4
Mumbai,2019-01-24,176,69,210,60,9,2
Mumbai,2019-01-25,196,203,339,78,29,3
Mumbai,2019-01-26,170,253,270,48,45,0
Mumbai,2019-01-27,227,234,175,71,10,2
Mumbai,2019-01-28,229,220,253,95,45,0
Mumbai,2019-01-29,226,191,141,23,36,4
Mumbai,2019-01-30,194,260,260,75,25,4
Mumbai,2019-01-31,214,232,318,47,44,3
Mumbai,2019-02-01,167,249,83,68,13,2
Mumbai,2019-02-02,171,126,103,20,18,2
Mumbai,2019-02-03,125,64,355,53,27,4
Mumbai,2019-02-04,161,226,83,54,12,2
Mumbai,2019-02-05,150,189,88,91,47,2
Mumbai,2019-02-06,171,129,202,99,26,4
Mumbai,2019-02-07,131,76,224,50,49,2
Mumbai,2019-02-08,127,285,252,62,28,4
Mumbai,2019-02-09,177,224,139,96,25,4
Mumbai,2019-02-10,133,161,332,52,15,3
Mumbai,2019-02-11,122,178,344,68,33,2
Mumbai,2019-02-12,143,112,191,39,24,0
Mumbai,2019-02-13,153,270,166,45,30,3
Mumbai,2019-02-14,134,95,186,24,47,3
Mumbai,2019-02-15,134,123,356,85,28,3
Mumbai,2019-02-16,173,114,226,70,9,0
Mumbai,2019-02-17,176,252,336,75,29,3
Mumbai,2019-02-18,144,254,265,63,19,0
Mumbai,2019-02-19,121,204,221,89,29,1
Mumbai,2019-02-20,148,105,290,52,34,0
Mumbai,2019-02-21,138,250,274,92,14,0
Mumbai,2019-02-22,161,145,176,79,15,2
Mumbai,2019-02-23,165,260,351,56,6,1
Mumbai,2019-02-24,165,101,372,78,22,1
Mumbai,2019-02-25,172,180,267,87,28,3
Mumbai,2019-02-26,176,187,195,74,9,1
Mumbai,2019-02-27,141,94,210,94,26,1
Mumbai,2019-02-28,142,253,368,44,49,3
Mumbai,2019-03-01,144,255,181,94,24,4
Mumbai,2019-03-02,127,245,261,21,18,4
Mumbai,2019-03-03,164,139,270,54,30,0
Mumbai,2019-03-04,142,191,303,30,40,4
Mumbai,2019-03-05,136,272,190,36,46,2
Mumbai,2019-03-06,170,152,154,36,17,2
Mumbai,2019-03-07,170,144,312,77,37,4
Mumbai,2019-03-08,149,297,89,33,6,0
Mumbai,2019-03-09,157,127,262,84,16,4
Mumbai,2019-03-10,144,234,294,39,36,2
Mumbai,2019-03-11,140,107,256,61,21,0
Mumbai,2019-03-12,171,274,233,36,18,4
Mumbai,2019-03-13,140,91,395,75,41,2
Mumbai,2019-03-14,170,81,95,76,37,0
Mumbai,2019-03-15,140,254,130,89,37,3
Mumbai,2019-03-16,154,176,311,30,9,1
Mumbai,2019-03-17,156,212,266,99,25,2
Mumbai,2019-03-18,171,275,221,76,8,2
Mumbai,2019-03-19,156,125,129,77,26,2
Mumbai,2019-03-20,172,235,395,58,17,0
Mumbai,2019-03-21,150,235,321,81,39,4
Mumbai,2019-03-22,120,129,346,38,27,0
Mumbai,2019-03-23,123,188,157,75,25,2
Mumbai,2019-03-24,177,263,113,42,49,4
Mumbai,2019-03-25,172,224,245,49,38,3
Mumbai,2019-03-26,165,191,333,66,38,3
Mumbai,2019-03-27,133,182,183,21,33,1
Mumbai,2019-03-28,150,146,172,87,8,3
Mumbai,2019-03-29,154,275,280,27,45,0
Mumbai,2019-03-30,173,108,119,31,28,3
Mumbai,2019-03-31,167,292,208,68,37,3
Mumbai,2019-04-01,138,235,248,69,28,2
Mumbai,2019-04-02,130,195,210,93,39,1
Mumbai,2019-04-03,156,225,373,58,48,4
Mumbai,2019-04-04,175,70,269,57,11,2
Mumbai,2019-04-05,160,243,151,52,28,1
Mumbai,2019-04-06,153,127,314,54,15,3
Mumbai,2019-04-07,176,72,275,62,14,0
Mumbai,2019-04-08,174,91,93,86,10,1
Mumbai,2019-04-09,152,85,304,54,14,1
Mumbai,2019-04-10,142,175,110,42,37,4
Mumbai,2019-04-11,134,274,126,56,7,1
Mumbai,2019-04-12,157,161,201,57,44,1
Mumbai,2019-04-13,158,213,129,83,19,0
Mumbai,2019-04-14,122,171,289,69,35,1
Mumbai,2019-04-15,173,196,146,74,35,4
Mumbai,2019-04-16,147,99,267,82,36,2
Mumbai,2019-04-17,179,132,326,34,31,2
Mumbai,2019-04-18,138,199,322,49,20,4
Mumbai,2019-04-19,138,181,88,23,19,3
Mumbai,2019-04-20,136,208,264,67,18,3
Mumbai,2019-04-21,150,155,94,65,34,4
Mumbai,2019-04-22,126,278,234,71,13,0
Mumbai,2019-04-23,167,224,342,42,16,3
Mumbai,2019-04-24,156,258,236,65,26,2
Mumbai,2019-04-25,124,137,378,56,14,1
Mumbai,2019-04-26,136,276,135,85,48,2
Mumbai,2019-04-27,139,263,299,66,44,4
Mumbai,2019-04-28,132,297,113,28,33,4
Mumbai,2019-04-29,164,278,305,83,26,3
Mumbai,2019-04-30,140,193,293,22,36,2
Mumbai,2019-05-01,146,101,134,75,17,3
Mumbai,2019-05-02,172,280,388,88,9,3
Mumbai,2019-05-03,125,265,306,96,30,1
Mumbai,2019-05-04,155,58,125,43,33,3
Mumbai,2019-05-05,166,50,347,25,8,3
Mumbai,2019-05-06,141,73,292,23,9,1
Mumbai,2019-05-07,169,277,357,52,19,2
Mumbai,2019-05-08,165,240,283,49,44,3
Mumbai,2019-05-09,133,160,367,72,26,2
Mumbai,2019-05-10,171,114,140,29,33,0
Mumbai,2019-05-11,175,50,158,93,30,0
Mumbai,2019-05-12,157,188,248,53,33,4
Mumbai,2019-05-13,126,57,142,66,5,2
Mumbai,2019-05-14,166,57,329,48,38,4
Mumbai,2019-05-15,128,213,260,41,15,1
Mumbai,2019-05-16,160,286,324,84,9,4
Mumbai,2019-05-17,168,157,308,72,33,3
Mumbai,2019-05-18,121,188,349,81,36,4
Mumbai,2019-05-19,178,78,327,76,27,4
Mumbai,2019-05-20,153,247,236,69,23,0
Mumbai,2019-05-21,170,122,275,82,39,3
Mumbai,2019-05-22,142,126,384,85,26,3
Mumbai,2019-05-23,139,253,351,23,19,2
Mumbai,2019-05-24,145,200,321,36,16,1
Mumbai,2019-05-25,147,106,355,30,13,2
Mumbai,2019-05-26,178,107,298,39,19,0
Mumbai,2019-05-27,153,134,221,84,20,1
Mumbai,2019-05-28,177,91,246,73,15,3
Mumbai,2019-05-29,143,54,284,85,43,2
Mumbai,2019-05-30,174,166,288,73,34,0
Mumbai,2019-05-31,148,258,218,23,35,4
Mumbai,2019-06-01,124,85,135,23,13,0
Mumbai,2019-06-02,132,202,170,96,10,3
Mumbai,2019-06-03,148,106,196,34,18,3
Mumbai,2019-06-04,156,175,310,24,5,2
Mumbai,2019-06-05,127,198,193,32,26,4
Mumbai,2019-06-06,111,54,162,79,15,1
Mumbai,2019-06-07,153,166,139,31,31,4
Mumbai,2019-06-08,115,69,123,31,49,1
Mumbai,2019-06-09,154,77,311,32,27,1
Mumbai,2019-06-10,105,89,99,33,34,1
Mumbai,2019-06-11,145,107,192,80,22,4
Mumbai,2019-06-12,101,223,369,68,41,3
Mumbai,2019-06-13,107,84,398,36,9,4
Mumbai,2019-06-14,117,121,285,57,15,1
Mumbai,2019-06-15,118,167,207,94,39,0
Mumbai,2019-06-16,111,97,322,82,6,2
Mumbai,2019-06-17,107,50,105,38,14,4
Mumbai,2019-06-18,146,234,109,64,5,0
Mumbai,2019-06-19,140,85,131,63,17,4
Mumbai,2019-06-20,145,213,260,48,48,0
Mumbai,2019-06-21,132,253,381,21,42,2
Mumbai,2019-06-22,117,113,195,68,43,1
Mumbai,2019-06-23,154,63,372,96,27,4
Mumbai,2019-06-24,103,262,241,53,40,1
Mumbai,2019-06-25,136,105,381,28,37,0
Mumbai,2019-06-26,148,214,190,88,26,3
Mumbai,2019-06-27,142,191,160,62,20,1
Mumbai,2019-06-28,157,261,174,20,11,2
Mumbai,2019-06-29,104,199,191,78,30,0
Mumbai,2019-06-30,115,193,385,41,24,3
Mumbai,2019-07-01,144,149,86,82,11,0
Mumbai,2019-07-02,140,132,191,94,5,2
Mumbai,2019-07-03,108,205,287,59,47,3
Mumbai,2019-07-04,139,292,146,62,31,0
Mumbai,2019-07-05,158,212,85,70,42,0
Mumbai,2019-07-06,136,168,132,60,7,0
Mumbai,2019-07-07,105,124,177,64,7,4
Mumbai,2019-07-08,136,262,177,81,19,1
Mumbai,2019-07-09,121,169,125,42,38,4
Mumbai,2019-07-10,112,224,370,80,35,0
Mumbai,2019-07-11,140,258,328,84,43,0
Mumbai,2019-07-12,109,185,365,29,44,3
Mumbai,2019-07-13,146,175,264,37,14,4
Mumbai,2019-07-14,125,64,192,52,46,3
Mumbai,2019-07-15,114,280,174,98,40,2
Mumbai,2019-07-16,130,65,110,48,14,0
Mumbai,2019-07-17,130,57,316,75,13,3
Mumbai,2019-07-18,141,94,154,94,48,4
Mumbai,2019-07-19,116,151,97,30,40,0
Mumbai,2019-07-20,121,181,385,25,30,0
Mumbai,2019-07-21,105,163,328,66,28,2
Mumbai,2019-07-22,130,240,341,80,10,0
Mumbai,2019-07-23,130,91,110,96,26,1
Mumbai,2019-07-24,149,281,129,68,8,1
Mumbai,2019-07-25,132,249,208,60,6,4
Mumbai,2019-07-26,134,133,201,90,23,4
Mumbai,2019-07-27,151,297,349,67,35,1
Mumbai,2019-07-28,143,63,231,46,6,1
Mumbai,2019-07-29,157,130,211,77,5,3
Mumbai,2019-07-30,139,174,154,70,38,2
Mumbai,2019-07-31,158,224,129,85,12,2
Mumbai,2019-08-01,140,50,271,83,18,0
Mumbai,2019-08-02,114,75,313,72,22,1
Mumbai,2019-08-03,124,237,127,47,32,2
Mumbai,2019-08-04,152,130,134,86,6,0
Mumbai,2019-08-05,120,130,303,97,6,3
Mumbai,2019-08-06,146,52,151,85,15,4
Mumbai,2019-08-07,109,127,206,76,49,2
Mumbai,2019-08-08,107,259,358,37,18,0
Mumbai,2019-08-09,142,73,219,83,5,2
Mumbai,2019-08-10,114,202,188,73,29,1
Mumbai,2019-08-11,119,143,239,51,25,3
Mumbai,2019-08-12,110,299,203,93,23,1
Mumbai,2019-08-13,146,64,177,92,21,2
Mumbai,2019-08-14,138,295,236,46,36,0
Mumbai,2019-08-15,120,110,115,21,21,2
Mumbai,2019-08-16,158,86,196,28,6,3
Mumbai,2019-08-17,141,164,117,28,35,1
Mumbai,2019-08-18,106,135,205,59,43,1
Mumbai,2019-08-19,136,295,368,95,35,2
Mumbai,2019-08-20,135,293,315,64,49,3
Mumbai,2019-08-21,151,157,90,37,12,1
Mumbai,2019-08-22,146,88,343,69,19,3
Mumbai,2019-08-23,156,106,128,29,12,2
Mumbai,2019-08-24,103,88,340,33,38,1
Mumbai,2019-08-25,155,149,200,50,13,0
Mumbai,2019-08-26,149,105,335,54,19,1
Mumbai,2019-08-27,137,151,161,91,19,1
Mumbai,2019-08-28,138,257,278,60,42,0
Mumbai,2019-08-29,106,67,309,95,28,3
Mumbai,2019-08-30,159,257,187,84,20,3
Mumbai,2019-08-31,134,242,97,50,37,3
Mumbai,2019-09-01,128,66,381,40,32,1
Mumbai,2019-09-02,176,208,289,51,37,1
Mumbai,2019-09-03,133,171,337,88,41,0
Mumbai,2019-09-04,127,204,249,23,7,1
Mumbai,2019-09-05,122,280,360,76,49,3
Mumbai,2019-09-06,136,132,194,32,49,3
Mumbai,2019-09-07,120,121,108,93,31,4
Mumbai,2019-09-08,153,157,269,79,31,1
Mumbai,2019-09-09,132,76,84,84,44,0
Mumbai,2019-09-10,131,99,181,93,44,0
Mumbai,2019-09-11,152,137,191,55,45,4
Mumbai,2019-09-12,166,188,224,60,30,1
Mumbai,2019-09-13,161,115,207,43,41,1
Mumbai,2019-09-14,171,209,234,89,11,2
Mumbai,2019-09-15,124,176,162,96,13,2
Mumbai,2019-09-16,124,220,164,95,32,0
Mumbai,2019-09-17,139,134,356,31,48,1
Mumbai,2019-09-18,166,76,105,97,39,0
Mumbai,2019-09-19,145,296,201,39,41,0
Mumbai,2019-09-20,127,58,391,73,37,1
Mumbai,2019-09-21,171,60,98,91,20,2
Mumbai,2019-09-22,120,111,321,65,10,1
Mumbai,2019-09-23,130,56,301,50,39,4
Mumbai,2019-09-24,178,210,130,53,42,0
Mumbai,2019-09-25,141,92,280,84,36,0
Mumbai,2019-09-26,155,231,153,53,45,3
Mumbai,2019-09-27,127,194,390,68,13,2
Mumbai,2019-09-28,151,237,144,40,15,4
Mumbai,2019-09-29,151,236,397,52,49,0
Mumbai,2019-09-30,168,202,309,65,11,0
Mumbai,2019-10-01,162,196,341,62,16,0
Mumbai,2019-10-02,153,56,117,70,39,0
Mumbai,2019-10-03,130,142,140,24,45,0
Mumbai,2019-10-04,175,255,299,27,24,0
Mumbai,2019-10-05,150,104,239,38,10,0
Mumbai,2019-10-06,168,253,200,83,42,2
Mumbai,2019-10-07,171,108,213,25,8,4
Mumbai,2019-10-08,148,119,251,64,24,0
Mumbai,2019-10-09,147,220,295,86,36,4
Mumbai,2019-10-10,167,182,392,55,9,3
Mumbai,2019-10-11,142,253,147,87,41,2
Mumbai,2019-10-12,177,284,299,39,40,2
Mumbai,2019-10-13,126,280,86,77,18,2
Mumbai,2019-10-14,163,283,180,26,9,4
Mumbai,2019-10-15,145,79,173,20,46,3
Mumbai,2019-10-16,162,234,162,65,8,2
Mumbai,2019-10-17,149,265,296,54,44,0
Mumbai,2019-10-18,126,50,329,65,24,3
Mumbai,2019-10-19,167,63,82,32,14,3
Mumbai,2019-10-20,165,192,155,24,44,4
Mumbai,2019-10-21,170,104,185,43,35,4
Mumbai,2019-10-22,158,256,385,51,12,0
Mumbai,2019-10-23,160,235,229,38,23,3
Mumbai,2019-10-24,121,133,273,34,48,3
Mumbai,2019-10-25,159,280,166,63,11,0
Mumbai,2019-10-26,168,104,395,46,22,2
Mumbai,2019-10-27,160,94,137,43,45,4
Mumbai,2019-10-28,146,200,271,57,9,4
Mumbai,2019-10-29,176,117,301,98,17,2
Mumbai,2019-10-30,170,240,94,78,47,3
Mumbai,2019-10-31,155,116,358,22,48,3
Mumbai,2019-11-01,176,251,327,83,22,1
Mumbai,2019-11-02,223,204,264,82,9,0
Mumbai,2019-11-03,186,207,258,51,39,2
Mumbai,2019-11-04,216,54,281,37,46,1
Mumbai,2019-11-05,187,78,320,99,44,1
Mumbai,2019-11-06,217,156,124,92,16,0
Mumbai,2019-11-07,222,168,153,92,40,4
Mumbai,2019-11-08,219,181,291,61,42,1
Mumbai,2019-11-09,207,279,211,56,8,2
Mumbai,2019-11-10,189,257,104,70,32,0
Mumbai,2019-11-11,184,87,283,20,7,3
Mumbai,2019-11-12,226,197,271,58,33,2
Mumbai,2019-11-13,221,259,397,20,31,4
Mumbai,2019-11-14,182,64,185,58,19,4
Mumbai,2019-11-15,223,293,250,94,14,3
Mumbai,2019-11-16,198,296,92,34,36,1
Mumbai,2019-11-17,179,286,125,94,9,1
Mumbai,2019-11-18,229,182,81,77,36,4
Mumbai,2019-11-19,194,60,147,72,14,0
Mumbai,2019-11-20,224,258,333,85,5,3
Mumbai,2019-11-21,187,282,260,59,18,0
Mumbai,2019-11-22,203,69,186,73,27,1
Mumbai,2019-11-23,191,108,107,81,39,2
Mumbai,2019-11-24,170,76,177,91,11,2
Mumbai,2019-11-25,224,166,130,80,34,3
Mumbai,2019-11-26,170,242,383,54,9,2
Mumbai,2019-11-27,195,210,216,36,42,3
Mumbai,2019-11-28,171,192,272,61,31,0
Mumbai,2019-11-29,205,253,112,79,12,3
Mumbai,2019-11-30,225,187,102,41,27,1
Mumbai,2019-12-01,176,246,334,39,39,1
Mumbai,2019-12-02,205,145,231,78,23,3
Mumbai,2019-12-03,223,266,339,23,21,0
Mumbai,2019-12-04,198,115,226,82,12,4
Mumbai,2019-12-05,225,199,81,23,8,0
Mumbai,2019-12-06,182,87,172,71,9,1
Mumbai,2019-12-07,183,214,268,87,39,1
Mumbai,2019-12-08,182,106,280,70,18,1
Mumbai,2019-12-09,190,221,141,92,17,2
Mumbai,2019-12-10,219,249,163,54,20,3
Mumbai,2019-12-11,212,68,218,66,37,0
Mumbai,2019-12-12,174,240,251,53,10,2
Mumbai,2019-12-13,185,110,172,35,42,2
Mumbai,2019-12-14,215,144,248,73,44,0
Mumbai,2019-12-15,175,70,308,85,17,2
Mumbai,2019-12-16,185,73,136,30,28,0
Mumbai,2019-12-17,193,157,331,93,5,0
Mumbai,2019-12-18,220,149,389,84,10,3
Mumbai,2019-12-19,207,115,153,75,35,0
Mumbai,2019-12-20,223,64,198,45,46,4
Mumbai,2019-12-21,211,201,281,39,9,3
Mumbai,2019-12-22,220,105,85,46,15,2
Mumbai,2019-12-23,205,184,196,86,45,1
Mumbai,2019-12-24,196,234,347,45,21,1
Mumbai,2019-12-25,225,296,284,49,49,3
Mumbai,2019-12-26,178,201,180,48,32,3
Mumbai,2019-12-27,207,219,352,74,6,2
Mumbai,2019-12-28,189,83,223,38,29,3
Mumbai,2019-12-29,215,281,135,46,29,4
Mumbai,2019-12-30,224,262,353,54,37,1
Mumbai,2019-12-31,197,61,266,55,14,2
Mumbai,2020-01-01,180,143,96,83,11,2
Mumbai,2020-01-02,202,128,192,36,22,1
Mumbai,2020-01-03,177,129,384,22,14,1
Mumbai,2020-01-04,171,97,123,56,43,0
Mumbai,2020-01-05,201,83,183,30,46,0
Mumbai,2020-01-06,188,200,326,73,25,2
Mumbai,2020-01-07,214,206,280,61,23,4
Mumbai,2020-01-08,202,161,207,79,49,0
Mumbai,2020-01-09,190,216,343,46,20,3
Mumbai,2020-01-10,191,69,183,41,34,4
Mumbai,2020-01-11,220,110,260,80,6,1
Mumbai,2020-01-12,173,109,393,47,8,0
Mumbai,2020-01-13,206,242,303,46,37,4
Mumbai,2020-01-14,219,155,188,51,43,0
Mumbai,2020-01-15,215,122,333,29,43,0
Mumbai,2020-01-16,176,249,188,49,29,3
Mumbai,2020-01-17,171,138,286,81,16,3
Mumbai,2020-01-18,204,54,384,29,44,4
Mumbai,2020-01-19,212,187,271,43,46,2
Mumbai,2020-01-20,185,69,368,71,23,1
Mumbai,2020-01-21,229,155,230,39,19,1
Mumbai,2020-01-22,200,61,127,72,18,4
Mumbai,2020-01-23,228,250,251,90,41,3
Mumbai,2020-01-24,218,231,308,28,5,4
Mumbai,2020-01-25,218,266,397,67,21,2
Mumbai,2020-01-26,172,55,111,29,41,2
Mumbai,2020-01-27,189,112,379,91,46,1
Mumbai,2020-01-28,205,157,220,35,24,2
Mumbai,2020-01-29,221,223,344,33,33,2
Mumbai,2020-01-30,194,201,225,95,32,1
Mumbai,2020-01-31,196,112,321,45,40,0
Mumbai,2020-02-01,158,81,205,68,18,2
Mumbai,2020-02-02,126,237,331,61,24,2
Mumbai,2020-02-03,175,221,322,87,30,2
Mumbai,2020-02-04,133,214,294,23,37,2
Mumbai,2020-02-05,135,272,333,80,26,2
Mumbai,2020-02-06,141,166,322,61,35,0
Mumbai,2020-02-07,136,141,383,63,37,0
Mumbai,2020-02-08,132,288,385,55,9,3
Mumbai,2020-02-09,164,176,89,59,36,4
Mumbai,2020-02-10,131,291,375,36,39,4
Mumbai,2020-02-11,149,201,256,80,41,1
Mumbai,2020-02-12,130,246,323,81,14,4
Mumbai,2020-02-13,121,257,106,46,12,4
Mumbai,2020-02-14,168,71,116,27,12,0
Mumbai,2020-02-15,131,225,228,79,17,0
Mumbai,2020-02-16,121,170,137,99,40,0
Mumbai,2020-02-17,129,187,252,87,19,1
Mumbai,2020-02-18,142,229,101,23,45,2
Mumbai,2020-02-19,154,227,130,73,45,2
Mumbai,2020-02-20,167,126,138,22,26,0
Mumbai,2020-02-21,127,97,291,49,38,4
Mumbai,2020-02-22,129,183,149,97,35,1
Mumbai,2020-02-23,174,297,279,43,39,2
Mumbai,2020-02-24,178,233,129,82,39,0
Mumbai,2020-02-25,166,91,292,45,12,2
Mumbai,2020-02-26,132,180,143,49,34,0
Mumbai,2020-02-27,164,167,197,76,9,2
Mumbai,2020-02-28,142,99,134,93,42,0
Mumbai,2020-02-29,170,154,396,36,40,3
Mumbai,2020-03-01,145,290,386,83,11,2
Mumbai,2020-03-02,173,224,288,67,45,0
Mumbai,2020-03-03,138,297,393,84,17,0
Mumbai,2020-03-04,140,63,332,82,44,0
Mumbai,2020-03-05,178,227,162,72,14,0
Mumbai,2020-03-06,138,105,305,52,22,0
Mumbai,2020-03-07,132,242,336,88,36,1
Mumbai,2020-03-08,123,213,327,47,40,1
Mumbai,2020-03-09,172,133,197,55,41,3
Mumbai,2020-03-10,155,154,374,96,46,3
Mumbai,2020-03-11,178,186,313,92,24,3
Mumbai,2020-03-12,163,292,139,57,35,3
Mumbai,2020-03-13,161,61,331,28,20,4
Mumbai,2020-03-14,124,90,264,86,39,0
Mumbai,2020-03-15,128,153,130,59,15,1
Mumbai,2020-03-16,140,146,372,77,17,2
Mumbai,2020-03-17,133,132,290,74,36,1
Mumbai,2020-03-18,176,215,87,58,13,1
Mumbai,2020-03-19,157,297,113,95,15,3
Mumbai,2020-03-20,147,159,156,79,30,0
Mumbai,2020-03-21,140,261,314,40,41,3
Mumbai,2020-03-22,126,167,179,97,23,4
Mumbai,2020-03-23,159,95,288,42,47,0
Mumbai,2020-03-24,178,291,329,75,49,2
Mumbai,2020-03-25,123,245,187,20,14,2
Mumbai,2020-03-26,151,288,265,54,44,1
Mumbai,2020-03-27,129,265,336,87,46,4
Mumbai,2020-03-28,151,65,330,66,29,3
Mumbai,2020-03-29,144,160,134,63,12,4
Mumbai,2020-03-30,155,101,164,57,6,2
Mumbai,2020-03-31,156,288,126,64,32,0
Mumbai,2020-04-01,125,209,136,97,36,3
Mumbai,2020-04-02,159,230,210,85,32,2
Mumbai,2020-04-03,139,288,235,82,13,2
Mumbai,2020-04-04,124,180,265,24,38,2
Mumbai,2020-04-05,146,261,153,93,7,2
Mumbai,2020-04-06,174,82,234,37,8,0
Mumbai,2020-04-07,167,251,80,90,14,4
Mumbai,2020-04-08,155,106,303,91,20,2
Mumbai,2020-04-09,179,61,234,69,18,4
Mumbai,2020-04-10,167,240,282,37,42,3
Mumbai,2020-04-11,159,75,397,60,23,3
Mumbai,2020-04-12,133,271,109,55,26,3
Mumbai,2020-04-13,123,299,136,53,11,1
Mumbai,2020-04-14,159,116,192,26,6,4
Mumbai,2020-04-15,178,238,193,42,43,2
Mumbai,2020-04-16,147,189,331,71,28,1
Mumbai,2020-04-17,133,158,181,71,21,0
Mumbai,2020-04-18,131,124,216,37,45,3
Mumbai,2020-04-19,157,58,202,98,42,4
Mumbai,2020-04-20,123,200,194,97,19,1
Mumbai,2020-04-21,177,129,104,84,34,0
Mumbai,2020-04-22,166,222,311,31,41,2
Mumbai,2020-04-23,166,138,227,54,36,3
Mumbai,2020-04-24,120,240,252,85,40,1
Mumbai,2020-04-25,156,171,362,61,24,0
Mumbai,2020-04-26,124,248,351,82,49,4
Mumbai,2020-04-27,152,240,338,35,43,0
Mumbai,2020-04-28,158,220,92,22,34,2
Mumbai,2020-04-29,126,274,316,98,14,3
Mumbai,2020-04-30,128,179,306,42,5,2
Mumbai,2020-05-01,165,193,166,38,7,1
Mumbai,2020-05-02,138,137,117,83,7,4
Mumbai,2020-05-03,173,90,354,56,31,1
Mumbai,2020-05-04,126,221,86,66,39,0
Mumbai,2020-05-05,124,179,321,68,29,1
Mumbai,2020-05-06,139,154,187,62,7,2
Mumbai,2020-05-07,137,176,203,97,25,1
Mumbai,2020-05-08,144,147,138,49,20,4
Mumbai,2020-05-09,135,71,246,26,30,1
Mumbai,2020-05-10,149,298,163,53,13,0
Mumbai,2020-05-11,129,59,219,74,20,0
Mumbai,2020-05-12,146,195,310,89,14,2
Mumbai,2020-05-13,131,164,320,26,41,4
Mumbai,2020-05-14,172,53,199,96,27,1
Mumbai,2020-05-15,168,160,377,41,46,1
Mumbai,2020-05-16,172,178,326,29,43,4
Mumbai,2020-05-17,136,271,216,45,28,3
Mumbai,2020-05-18,126,181,206,65,12,3
Mumbai,2020-05-19,131,108,123,41,32,2
Mumbai,2020-05-20,164,196,112,99,8,0
Mumbai,2020-05-21,130,252,310,59,39,1
Mumbai,2020-05-22,120,240,317,84,27,3
Mumbai,2020-05-23,122,280,261,32,14,3
Mumbai,2020-05-24,162,165,176,77,40,0
Mumbai,2020-05-25,147,58,89,89,15,3
Mumbai,2020-05-26,160,237,383,82,36,4
Mumbai,2020-05-27,125,287,172,40,7,0
Mumbai,2020-05-28,126,289,390,97,30,0
Mumbai,2020-05-29,165,96,257,35,33,1
Mumbai,2020-05-30,132,254,126,48,42,2
Mumbai,2020-05-31,145,84,399,87,10,2
Mumbai,2020-06-01,149,103,349,42,17,3
Mumbai,2020-06-02,101,293,154,60,40,2
Mumbai,2020-06-03,107,109,91,93,47,2
Mumbai,2020-06-04,110,149,344,84,27,4
Mumbai,2020-06-05,154,205,351,64,13,0
Mumbai,2020-06-06,100,185,381,41,36,1
Mumbai,2020-06-07,148,145,390,26,8,1
Mumbai,2020-06-08,113,81,250,76,9,2
Mumbai,2020-06-09,120,104,345,63,48,3
Mumbai,2020-06-10,141,94,102,58,17,0
Mumbai,2020-06-11,147,151,95,81,46,2
Mumbai,2020-06-12,149,116,160,56,49,3
Mumbai,2020-06-13,159,196,217,27,18,2
Mumbai,2020-06-14,108,72,202,24,37,2
Mumbai,2020-06-15,130,251,156,97,25,2
Mumbai,2020-06-16,153,187,290,58,21,3
Mumbai,2020-06-17,139,256,306,87,44,0
Mumbai,2020-06-18,126,260,162,78,49,1
Mumbai,2020-06-19,106,178,331,64,6,0
Mumbai,2020-06-20,156,266,271,38,26,3
Mumbai,2020-06-21,157,120,303,78,16,4
Mumbai,2020-06-22,129,182,340,43,25,3
Mumbai,2020-06-23,154,77,124,72,39,3
Mumbai,2020-06-24,124,245,370,60,48,1
Mumbai,2020-06-25,135,251,206,72,42,3
Mumbai,2020-06-26,128,137,298,64,34,2
Mumbai,2020-06-27,102,70,399,93,8,3
Mumbai,2020-06-28,136,62,115,93,42,2
Mumbai,2020-06-29,123,285,348,37,30,2
Mumbai,2020-06-30,137,155,99,55,20,3
Mumbai,2020-07-01,156,180,329,51,22,1
Mumbai,2020-07-02,108,197,234,72,32,0
Mumbai,2020-07-03,143,222,219,87,21,0
Mumbai,2020-07-04,122,293,82,78,13,1
Mumbai,2020-07-05,147,250,138,71,9,4
Mumbai,2020-07-06,110,72,350,26,12,4
Mumbai,2020-07-07,116,212,227,44,47,2
Mumbai,2020-07-08,140,182,243,56,17,3
Mumbai,2020-07-09,150,276,131,25,44,1
Mumbai,2020-07-10,104,82,279,23,38,3
Mumbai,2020-07-11,124,78,178,76,25,3
Mumbai,2020-07-12,154,288,231,79,18,4
Mumbai,2020-07-13,108,169,351,37,21,4
Mumbai,2020-07-14,139,72,318,77,24,3
Mumbai,2020-07-15,110,224,114,44,39,1
Mumbai,2020-07-16,103,64,395,69,16,4
Mumbai,2020-07-17,117,112,109,92,46,1
Mumbai,2020-07-18,143,227,370,31,48,1
Mumbai,2020-07-19,144,200,122,49,22,0
Mumbai,2020-07-20,127,121,310,78,23,4
Mumbai,2020-07-21,141,62,125,51,28,3
Mumbai,2020-07-22,141,154,86,34,41,2
Mumbai,2020-07-23,139,175,185,49,8,0
Mumbai,2020-07-24,122,148,253,51,24,2
Mumbai,2020-07-25,115,196,295,29,49,4
Mumbai,2020-07-26,139,135,147,24,8,1
Mumbai,2020-07-27,133,86,148,28,35,3
Mumbai,2020-07-28,113,269,303,44,14,4
Mumbai,2020-07-29,150,275,366,42,16,2
Mumbai,2020-07-30,152,249,272,88,30,1
Mumbai,2020-07-31,103,226,112,62,43,2
Mumbai,2020-08-01,125,292,208,20,31,1
Mumbai,2020-08-02,139,107,370,79,32,1
Mumbai,2020-08-03,156,133,299,75,36,3
Mumbai,2020-08-04,144,180,183,38,16,1
Mumbai,2020-08-05,132,65,185,74,46,0
Mumbai,2020-08-06,130,172,332,56,20,1
Mumbai,2020-08-07,138,87,275,49,8,2
Mumbai,2020-08-08,115,153,130,95,30,1
Mumbai,2020-08-09,142,56,151,93,14,3
Mumbai,2020-08-10,150,208,341,56,37,2
Mumbai,2020-08-11,127,266,371,70,5,2
Mumbai,2020-08-12,105,104,177,76,43,2
Mumbai,2020-08-13,110,194,331,55,31,0
Mumbai,2020-08-14,111,74,96,52,37,1
Mumbai,2020-08-15,131,78,121,64,39,3
Mumbai,2020-08-16,101,156,148,42,12,3
Mumbai,2020-08-17,103,139,244,93,10,0
Mumbai,2020-08-18,108,125,142,45,17,0
Mumbai,2020-08-19,151,208,389,68,6,0
Mumbai,2020-08-20,105,153,238,23,13,1
Mumbai,2020-08-21,158,85,386,25,41,4
Mumbai,2020-08-22,133,234,123,91,15,4
Mumbai,2020-08-23,139,119,204,81,41,2
Mumbai,2020-08-24,105,77,267,23,27,2
Mumbai,2020-08-25,140,193,321,26,19,0
Mumbai,2020-08-26,130,67,161,27,26,2
Mumbai,2020-08-27,134,210,82,73,10,2
Mumbai,2020-08-28,103,86,85,64,6,4
Mumbai,2020-08-29,119,94,336,28,43,4
Mumbai,2020-08-30,134,278,354,71,45,1
Mumbai,2020-08-31,113,158,270,23,29,1
Mumbai,2020-09-01,126,278,243,61,47,2
Mumbai,2020-09-02,146,175,332,34,22,4
Mumbai,2020-09-03,126,251,94,33,49,2
Mumbai,2020-09-04,148,256,397,89,49,3
Mumbai,2020-09-05,161,235,318,52,21,1
Mumbai,2020-09-06,157,163,282,40,12,2
Mumbai,2020-09-07,129,183,222,46,7,0
Mumbai,2020-09-08,127,231,297,62,37,2
Mumbai,2020-09-09,174,221,386,24,44,0
Mumbai,2020-09-10,124,261,397,38,19,1
Mumbai,2020-09-11,138,201,266,72,37,1
Mumbai,2020-09-12,149,259,135,93,40,3
Mumbai,2020-09-13,121,83,279,35,6,2
Mumbai,2020-09-14,135,103,225,47,43,4
Mumbai,2020-09-15,147,217,279,67,45,4
Mumbai,2020-09-16,148,291,285,85,12,1
Mumbai,2020-09-17,122,234,372,56,11,3
Mumbai,2020-09-18,161,128,172,83,22,1
Mumbai,2020-09-19,162,89,264,26,33,0
Mumbai,2020-09-20,131,78,80,72,8,1
Mumbai,2020-09-21,143,228,107,89,43,1
Mumbai,2020-09-22,137,98,393,25,46,0
Mumbai,2020-09-23,176,171,361,33,30,0
Mumbai,2020-09-24,156,152,150,32,46,2
Mumbai,2020-09-25,165,214,294,75,46,4
Mumbai,2020-09-26,121,141,134,94,35,3
Mumbai,2020-09-27,172,141,375,92,47,2
Mumbai,2020-09-28,136,161,280,53,13,2
Mumbai,2020-09-29,133,76,351,90,42,2
Mumbai,2020-09-30,120,182,235,92,20,0
Mumbai,2020-10-01,127,162,202,46,19,2
Mumbai,2020-10-02,153,81,167,73,9,4
Mumbai,2020-10-03,142,199,394,44,21,4
Mumbai,2020-10-04,167,239,365,81,7,3
Mumbai,2020-10-05,128,139,356,82,32,0
Mumbai,2020-10-06,164,113,264,28,30,3
Mumbai,2020-10-07,177,109,180,61,45,2
Mumbai,2020-10-08,159,113,134,66,27,2
Mumbai,2020-10-09,178,117,347,73,33,2
Mumbai,2020-10-10,155,199,314,95,10,3
Mumbai,2020-10-11,139,57,340,89,25,0
Mumbai,2020-10-12,143,52,219,97,33,4
Mumbai,2020-10-13,175,230,112,40,27,2
Mumbai,2020-10-14,120,119,142,71,22,4
Mumbai,2020-10-15,124,263,185,20,43,3
Mumbai,2020-10-16,145,98,311,38,22,3
Mumbai,2020-10-17,130,266,114,39,17,2
Mumbai,2020-10-18,171,113,303,87,19,0
Mumbai,2020-10-19,148,280,127,95,38,4
Mumbai,2020-10-20,131,266,171,36,18,1
Mumbai,2020-10-21,142,149,211,67,35,4
Mumbai,2020-10-22,158,196,247,47,28,1
Mumbai,2020-10-23,150,55,106,71,37,4
Mumbai,2020-10-24,163,285,192,39,17,2
Mumbai,2020-10-25,170,223,289,71,34,0
Mumbai,2020-10-26,163,294,106,26,14,2
Mumbai,2020-10-27,138,251,312,97,44,3
Mumbai,2020-10-28,179,114,141,32,15,4
Mumbai,2020-10-29,150,233,340,81,25,0
Mumbai,2020-10-30,163,249,242,80,28,4
Mumbai,2020-10-31,127,64,108,42,47,4
Mumbai,2020-11-01,222,94,216,31,42,1
Mumbai,2020-11-02,191,138,327,28,24,2
Mumbai,2020-11-03,205,185,93,20,39,2
Mumbai,2020-11-04,221,61,180,67,36,3
Mumbai,2020-11-05,225,117,228,27,49,0
Mumbai,2020-11-06,213,213,221,41,25,1
Mumbai,2020-11-07,207,190,169,79,11,1
Mumbai,2020-11-08,179,296,137,38,40,3
Mumbai,2020-11-09,228,198,91,37,31,1
Mumbai,2020-11-10,201,73,227,85,20,4
Mumbai,2020-11-11,200,236,369,99,23,2
Mumbai,2020-11-12,220,251,292,63,32,0
Mumbai,2020-11-13,183,189,304,90,16,0
Mumbai,2020-11-14,201,76,320,87,15,1
Mumbai,2020-11-15,226,182,220,33,22,1
Mumbai,2020-11-16,222,227,228,39,29,1
Mumbai,2020-11-17,173,266,264,82,32,3
Mumbai,2020-11-18,228,276,336,86,36,2
Mumbai,2020-11-19,180,236,284,69,5,2
Mumbai,2020-11-20,208,265,254,92,29,3
Mumbai,2020-11-21,191,54,286,79,17,1
Mumbai,2020-11-22,223,156,236,93,15,2
Mumbai,2020-11-23,179,68,364,94,23,4
Mumbai,2020-11-24,171,248,117,97,40,4
Mumbai,2020-11-25,189,297,324,52,37,0
Mumbai,2020-11-26,176,239,239,55,22,4
Mumbai,2020-11-27,212,91,352,50,8,4
Mumbai,2020-11-28,229,176,350,70,42,4
Mumbai,2020-11-29,179,95,304,33,14,0
Mumbai,2020-11-30,173,88,322,63,8,2
Mumbai,2020-12-01,171,233,324,81,12,1
Mumbai,2020-12-02,220,288,107,59,43,0
Mumbai,2020-12-03,189,136,287,52,49,0
Mumbai,2020-12-04,192,62,359,78,35,4
Mumbai,2020-12-05,171,231,105,78,48,1
Mumbai,2020-12-06,201,119,129,39,39,4
Mumbai,2020-12-07,186,205,270,78,7,1
Mumbai,2020-12-08,176,289,361,60,44,4
Mumbai,2020-12-09,195,223,332,58,46,1
Mumbai,2020-12-10,206,185,250,53,45,2
Mumbai,2020-12-11,180,276,183,86,15,2
Mumbai,2020-12-12,192,283,212,54,21,3
Mumbai,2020-12-13,178,185,245,61,46,0
Mumbai,2020-12-14,203,64,262,50,35,4
Mumbai,2020-12-15,206,182,213,33,23,3
Mumbai,2020-12-16,207,231,279,26,22,1
Mumbai,2020-12-17,214,208,316,66,16,2
Mumbai,2020-12-18,203,109,218,73,34,3
Mumbai,2020-12-19,191,253,219,26,49,1
Mumbai,2020-12-20,229,229,184,74,34,1
Mumbai,2020-12-21,204,205,325,45,18,2
Mumbai,2020-12-22,213,128,130,39,30,0
Mumbai,2020-12-23,197,294,232,48,16,1
Mumbai,2020-12-24,178,120,382,88,40,3
Mumbai,2020-12-25,216,56,171,75,6,0
Mumbai,2020-12-26,203,131,95,77,47,0
Mumbai,2020-12-27,206,222,235,29,29,3
Mumbai,2020-12-28,196,289,142,51,18,4
Mumbai,2020-12-29,217,137,240,37,22,4
Mumbai,2020-12-30,208,211,269,47,17,4
Mumbai,2020-12-31,209,216,113,59,37,3
Mumbai,2021-01-01,203,203,168,30,36,3
Mumbai,2021-01-02,170,230,326,48,35,1
Mumbai,2021-01-03,214,144,236,40,36,4
Mumbai,2021-01-04,185,159,312,23,35,3
Mumbai,2021-01-05,217,232,239,57,14,3
Mumbai,2021-01-06,224,106,284,82,27,2
Mumbai,2021-01-07,213,212,242,26,48,3
Mumbai,2021-01-08,220,212,308,28,42,2
Mumbai,2021-01-09,187,148,214,41,41,4
Mumbai,2021-01-10,219,124,285,63,21,1
Mumbai,2021-01-11,227,153,81,72,5,2
Mumbai,2021-01-12,203,91,173,37,28,3
Mumbai,2021-01-13,185,254,178,60,41,0
Mumbai,2021-01-14,181,207,208,26,26,0
Mumbai,2021-01-15,194,138,352,73,7,2
Mumbai,2021-01-16,203,88,94,40,46,1
Mumbai,2021-01-17,177,176,360,41,27,4
Mumbai,2021-01-18,198,193,323,42,20,4
Mumbai,2021-01-19,229,255,234,78,45,2
Mumbai,2021-01-20,219,274,291,40,12,1
Mumbai,2021-01-21,179,234,88,80,30,3
Mumbai,2021-01-22,222,108,274,80,5,0
Mumbai,2021-01-23,210,198,360,63,22,3
Mumbai,2021-01-24,179,107,314,74,9,2
Mumbai,2021-01-25,198,164,140,85,20,4
Mumbai,2021-01-26,210,278,253,68,20,0
Mumbai,2021-01-27,223,289,233,67,27,3
Mumbai,2021-01-28,198,292,165,51,14,2
Mumbai,2021-01-29,224,256,143,84,21,4
Mumbai,2021-01-30,203,233,346,30,16,3
Mumbai,2021-01-31,174,243,161,41,9,1
Mumbai,2021-02-01,165,139,335,55,29,0
Mumbai,2021-02-02,174,130,284,67,20,2
Mumbai,2021-02-03,156,83,284,89,35,0
Mumbai,2021-02-04,127,149,85,83,25,2
Mumbai,2021-02-05,153,142,102,47,27,4
Mumbai,2021-02-06,145,295,396,83,12,3
Mumbai,2021-02-07,140,222,364,64,29,4
Mumbai,2021-02-08,131,230,91,32,25,4
Mumbai,2021-02-09,152,129,130,62,44,0
Mumbai,2021-02-10,133,230,355,27,44,4
Mumbai,2021-02-11,126,191,209,41,46,1
Mumbai,2021-02-12,158,53,192,58,10,2
Mumbai,2021-02-13,174,53,204,68,36,0
Mumbai,2021-02-14,122,152,364,51,43,3
Mumbai,2021-02-15,169,57,153,31,18,0
Mumbai,2021-02-16,143,209,184,69,26,2
Mumbai,2021-02-17,139,202,142,87,35,3
Mumbai,2021-02-18,176,294,371,98,47,0
Mumbai,2021-02-19,140,126,251,86,39,0
Mumbai,2021-02-20,160,126,129,99,30,2
Mumbai,2021-02-21,166,184,370,21,23,3
Mumbai,2021-02-22,120,234,361,95,49,4
Mumbai,2021-02-23,127,284,154,69,18,3
Mumbai,2021-02-24,150,112,239,86,34,4
Mumbai,2021-02-25,133,296,211,66,16,1
Mumbai,2021-02-26,177,69,321,53,45,1
Mumbai,2021-02-27,126,270,181,80,34,4
Mumbai,2021-02-28,121,244,360,98,46,4
Mumbai,2021-03-01,178,292,264,61,11,2
Mumbai,2021-03-02,154,149,317,89,18,0
Mumbai,2021-03-03,121,58,141,90,45,3
Mumbai,2021-03-04,164,239,167,28,30,3
Mumbai,2021-03-05,143,222,371,73,29,2
Mumbai,2021-03-06,132,219,81,44,12,4
Mumbai,2021-03-07,149,209,355,83,37,0
Mumbai,2021-03-08,167,106,257,85,44,3
Mumbai,2021-03-09,123,285,197,70,34,4
Mumbai,2021-03-10,154,298,80,56,5,0
Mumbai,2021-03-11,174,71,286,55,24,2
Mumbai,2021-03-12,161,235,225,74,22,4
Mumbai,2021-03-13,123,216,148,76,17,3
Mumbai,2021-03-14,122,159,282,93,43,0
Mumbai,2021-03-15,148,87,146,69,9,2
Mumbai,2021-03-16,155,162,341,50,5,3
Mumbai,2021-03-17,120,92,134,43,48,0
Mumbai,2021-03-18,126,269,301,80,35,1
Mumbai,2021-03-19,150,55,197,85,13,1
Mumbai,2021-03-20,142,164,195,90,12,3
Mumbai,2021-03-21,134,208,130,35,28,1
Mumbai,2021-03-22,176,191,124,61,34,0
Mumbai,2021-03-23,169,170,390,60,13,3
Mumbai,2021-03-24,162,85,319,96,12,1
Mumbai,2021-03-25,151,52,278,55,24,3
Mumbai,2021-03-26,175,168,345,49,15,2
Mumbai,2021-03-27,161,74,282,73,39,0
Mumbai,2021-03-28,144,295,371,91,16,0
Mumbai,2021-03-29,168,252,112,99,29,0
Mumbai,2021-03-30,136,62,126,51,35,1
Mumbai,2021-03-31,176,152,396,27,18,0
Mumbai,2021-04-01,175,155,325,78,31,4
Mumbai,2021-04-02,142,169,388,43,25,3
Mumbai,2021-04-03,176,281,153,33,10,2
Mumbai,2021-04-04,143,58,308,47,29,0
Mumbai,2021-04-05,160,262,386,41,45,3
Mumbai,2021-04-06,133,262,292,84,18,1
Mumbai,2021-04-07,129,70,207,90,9,3
Mumbai,2021-04-08,137,131,146,58,25,0
Mumbai,2021-04-09,128,69,171,75,25,1
Mumbai,2021-04-10,176,203,173,40,39,3
Mumbai,2021-04-11,140,280,346,76,33,3
Mumbai,2021-04-12,170,87,165,85,36,1
Mumbai,2021-04-13,130,148,304,90,45,4
Mumbai,2021-04-14,157,259,220,41,23,2
Mumbai,2021-04-15,169,247,103,75,33,2
Mumbai,2021-04-16,165,136,302,35,47,1
Mumbai,2021-04-17,172,281,316,60,40,2
Mumbai,2021-04-18,138,234,121,55,28,4
Mumbai,2021-04-19,124,107,272,28,16,3
Mumbai,2021-04-20,132,256,157,23,7,0
Mumbai,2021-04-21,156,87,233,34,30,3
Mumbai,2021-04-22,133,221,91,99,42,1
Mumbai,2021-04-23,160,238,121,45,5,3
Mumbai,2021-04-24,167,125,170,95,10,1
Mumbai,2021-04-25,149,94,271,58,15,2
Mumbai,2021-04-26,156,152,325,92,19,0
Mumbai,2021-04-27,179,215,312,81,32,2
Mumbai,2021-04-28,131,68,294,30,33,3
Mumbai,2021-04-29,168,292,156,60,35,0
Mumbai,2021-04-30,176,246,341,55,49,2
Mumbai,2021-05-01,128,266,345,46,22,1
Mumbai,2021-05-02,138,228,359,67,11,4
Mumbai,2021-05-03,153,156,256,66,17,1
Mumbai,2021-05-04,123,283,121,26,11,0
Mumbai,2021-05-05,150,102,133,61,41,1
Mumbai,2021-05-06,169,133,153,63,34,3
Mumbai,2021-05-07,179,123,144,72,20,0
Mumbai,2021-05-08,154,227,368,45,21,1
Mumbai,2021-05-09,176,134,215,81,33,1
Mumbai,2021-05-10,165,53,266,54,47,2
Mumbai,2021-05-11,169,206,312,51,45,0
Mumbai,2021-05-12,178,268,282,46,31,4
Mumbai,2021-05-13,139,211,387,88,34,4
Mumbai,2021-05-14,129,247,94,72,22,0
Mumbai,2021-05-15,124,84,80,99,21,3
Mumbai,2021-05-16,126,225,306,24,29,2
Mumbai,2021-05-17,152,229,359,39,24,1
Mumbai,2021-05-18,163,235,318,83,22,1
Mumbai,2021-05-19,127,94,266,46,14,0
Mumbai,2021-05-20,122,79,336,70,17,4
Mumbai,2021-05-21,138,144,363,44,17,1
Mumbai,2021-05-22,163,117,213,20,36,0
Mumbai,2021-05-23,163,237,273,56,16,2
Mumbai,2021-05-24,127,69,168,93,6,0
Mumbai,2021-05-25,133,195,324,46,11,2
Mumbai,2021-05-26,133,53,391,70,5,3
Mumbai,2021-05-27,134,162,191,98,44,4
Mumbai,2021-05-28,158,122,341,33,10,3
Mumbai,2021-05-29,173,239,90,47,49,4
Mumbai,2021-05-30,125,205,292,77,12,1
Mumbai,2021-05-31,139,208,173,62,46,4
Mumbai,2021-06-01,113,160,382,29,20,3
Mumbai,2021-06-02,155,93,386,79,49,3
Mumbai,2021-06-03,148,247,137,52,25,1
Mumbai,2021-06-04,109,106,122,88,42,0
Mumbai,2021-06-05,120,195,243,88,26,3
Mumbai,2021-06-06,106,87,287,89,21,4
Mumbai,2021-06-07,116,164,363,58,40,3
Mumbai,2021-06-08,154,165,295,64,28,1
Mumbai,2021-06-09,124,258,379,35,16,1
Mumbai,2021-06-10,108,291,201,34,28,0
Mumbai,2021-06-11,117,237,326,22,17,4
Mumbai,2021-06-12,153,227,324,55,42,4
Mumbai,2021-06-13,109,263,378,52,32,4
Mumbai,2021-06-14,116,264,380,37,6,3
Mumbai,2021-06-15,107,112,85,78,46,0
Mumbai,2021-06-16,138,269,298,74,22,0
Mumbai,2021-06-17,122,84,368,28,6,3
Mumbai,2021-06-18,154,166,247,36,19,4
Mumbai,2021-06-19,149,201,167,43,48,1
Mumbai,2021-06-20,159,74,249,32,36,4
Mumbai,2021-06-21,145,201,256,75,21,0
Mumbai,2021-06-22,109,127,237,39,28,2
Mumbai,2021-06-23,134,77,357,87,36,0
Mumbai,2021-06-24,125,154,153,94,44,3
Mumbai,2021-06-25,115,143,375,84,21,3
Mumbai,2021-06-26,116,259,161,29,45,3
Mumbai,2021-06-27,140,73,300,33,39,2
Mumbai,2021-06-28,136,209,108,45,28,2
Mumbai,2021-06-29,121,152,290,23,12,0
Mumbai,2021-06-30,147,156,194,66,31,4
Mumbai,2021-07-01,159,71,137,96,11,2
Mumbai,2021-07-02,122,245,205,89,41,1
Mumbai,2021-07-03,159,200,266,22,15,1
Mumbai,2021-07-04,109,143,217,94,33,1
Mumbai,2021-07-05,144,189,300,54,22,0
Mumbai,2021-07-06,114,50,352,34,8,4
Mumbai,2021-07-07,153,55,378,95,20,0
Mumbai,2021-07-08,124,136,221,23,46,4
Mumbai,2021-07-09,158,213,129,46,40,3
Mumbai,2021-07-10,116,123,121,58,6,0
Mumbai,2021-07-11,122,125,106,84,41,2
Mumbai,2021-07-12,127,188,370,52,7,0
Mumbai,2021-07-13,105,179,358,67,10,2
Mumbai,2021-07-14,122,280,160,77,15,3
Mumbai,2021-07-15,144,188,124,81,37,0
Mumbai,2021-07-16,104,140,166,25,25,2
Mumbai,2021-07-17,127,266,229,53,31,3
Mumbai,2021-07-18,114,133,206,91,40,3
Mumbai,2021-07-19,139,234,197,45,21,4
Mumbai,2021-07-20,130,286,318,58,37,2
Mumbai,2021-07-21,155,204,341,95,30,2
Mumbai,2021-07-22,137,108,397,60,37,3
Mumbai,2021-07-23,153,264,123,78,29,3
Mumbai,2021-07-24,109,95,297,59,43,1
Mumbai,2021-07-25,142,199,96,98,29,3
Mumbai,2021-07-26,156,188,358,29,15,0
Mumbai,2021-07-27,150,101,342,28,42,4
Mumbai,2021-07-28,141,74,167,35,18,0
Mumbai,2021-07-29,113,281,256,35,34,0
Mumbai,2021-07-30,152,204,209,74,12,3
Mumbai,2021-07-31,142,165,264,93,19,4
Mumbai,2021-08-01,109,130,331,47,42,1
Mumbai,2021-08-02,138,173,361,40,27,0
Mumbai,2021-08-03,156,57,131,23,33,1
Mumbai,2021-08-04,119,272,340,96,32,0
Mumbai,2021-08-05,134,69,372,31,40,0
Mumbai,2021-08-06,128,93,231,99,6,0
Mumbai,2021-08-07,143,83,353,20,40,1
Mumbai,2021-08-08,149,190,368,50,47,1
Mumbai,2021-08-09,148,58,312,91,9,0
Mumbai,2021-08-10,107,148,367,76,12,2
Mumbai,2021-08-11,146,238,332,48,29,2
Mumbai,2021-08-12,146,248,121,76,37,2
Mumbai,2021-08-13,106,169,113,95,34,3
Mumbai,2021-08-14,100,63,217,52,16,3
Mumbai,2021-08-15,104,229,250,76,39,0
Mumbai,2021-08-16,143,163,386,72,12,2
Mumbai,2021-08-17,114,228,121,93,44,0
Mumbai,2021-08-18,111,206,273,85,37,2
Mumbai,2021-08-19,105,63,325,96,6,2
Mumbai,2021-08-20,109,263,162,38,34,4
Mumbai,2021-08-21,110,80,163,84,11,2
Mumbai,2021-08-22,110,186,181,62,47,0
Mumbai,2021-08-23,148,53,157,28,48,4
Mumbai,2021-08-24,131,257,272,40,14,0
Mumbai,2021-08-25,122,162,316,74,31,2
Mumbai,2021-08-26,158,57,283,29,26,1
Mumbai,2021-08-27,110,80,147,29,22,4
Mumbai,2021-08-28,154,167,195,76,22,2
Mumbai,2021-08-29,112,176,306,52,18,2
Mumbai,2021-08-30,158,52,156,26,31,4
Mumbai,2021-08-31,121,215,117,51,37,0
Mumbai,2021-09-01,171,259,304,74,37,1
Mumbai,2021-09-02,169,216,322,80,15,0
Mumbai,2021-09-03,169,202,297,84,26,4
Mumbai,2021-09-04,125,175,393,87,23,3
Mumbai,2021-09-05,158,238,325,81,41,0
Mumbai,2021-09-06,178,278,256,60,37,0
Mumbai,2021-09-07,127,264,189,34,39,0
Mumbai,2021-09-08,151,240,381,30,23,1
Mumbai,2021-09-09,143,131,350,36,27,4
Mumbai,2021-09-10,162,84,360,92,26,4
Mumbai,2021-09-11,173,191,294,67,30,0
Mumbai,2021-09-12,178,215,170,71,15,1
Mumbai,2021-09-13,172,70,81,47,34,2
Mumbai,2021-09-14,123,104,147,39,45,3
Mumbai,2021-09-15,151,54,273,70,20,0
Mumbai,2021-09-16,146,254,268,24,11,2
Mumbai,2021-09-17,136,296,292,64,23,1
Mumbai,2021-09-18,163,63,284,43,15,1
Mumbai,2021-09-19,130,143,295,25,43,2
Mumbai,2021-09-20,134,161,80,92,24,4
Mumbai,2021-09-21,159,75,229,44,49,4
Mumbai,2021-09-22,136,69,83,95,11,4
Mumbai,2021-09-23,161,174,267,59,17,0
Mumbai,2021-09-24,136,169,124,29,34,2
Mumbai,2021-09-25,129,185,278,82,41,1
Mumbai,2021-09-26,175,255,129,76,43,3
Mumbai,2021-09-27,129,180,179,41,49,0
Mumbai,2021-09-28,174,110,370,32,48,4
Mumbai,2021-09-29,153,218,364,64,11,1
Mumbai,2021-09-30,175,276,100,55,36,4
Mumbai,2021-10-01,139,77,273,46,24,3
Mumbai,2021-10-02,155,247,309,61,14,0
Mumbai,2021-10-03,151,256,212,25,39,4
Mumbai,2021-10-04,141,70,224,54,23,3
Mumbai,2021-10-05,137,94,131,36,5,0
Mumbai,2021-10-06,134,129,251,21,18,3
Mumbai,2021-10-07,132,157,160,84,39,2
Mumbai,2021-10-08,141,296,262,24,30,2
Mumbai,2021-10-09,124,270,396,62,45,2
Mumbai,2021-10-10,149,294,138,58,9,0
Mumbai,2021-10-11,168,136,188,24,43,2
Mumbai,2021-10-12,155,62,262,40,30,3
Mumbai,2021-10-13,155,205,84,30,12,0
Mumbai,2021-10-14,164,68,224,40,7,1
Mumbai,2021-10-15,169,74,386,69,21,4
Mumbai,2021-10-16,158,112,334,21,35,1
Mumbai,2021-10-17,147,243,344,61,46,1
Mumbai,2021-10-18,150,175,139,58,8,2
Mumbai,2021-10-19,168,195,385,88,23,0
Mumbai,2021-10-20,159,232,144,60,5,2
Mumbai,2021-10-21,154,296,142,28,20,1
Mumbai,2021-10-22,122,176,213,31,29,0
Mumbai,2021-10-23,170,104,265,24,25,0
Mumbai,2021-10-24,167,130,351,44,24,2
Mumbai,2021-10-25,161,136,162,33,48,1
Mumbai,2021-10-26,173,169,135,89,25,0
Mumbai,2021-10-27,134,130,317,93,6,4
Mumbai,2021-10-28,145,161,166,87,17,1
Mumbai,2021-10-29,147,129,234,31,28,3
Mumbai,2021-10-30,129,254,210,42,35,2
Mumbai,2021-10-31,124,78,317,78,45,1
Mumbai,2021-11-01,174,94,357,83,12,3
Mumbai,2021-11-02,219,165,273,89,13,2
Mumbai,2021-11-03,187,77,330,95,11,0
Mumbai,2021-11-04,186,237,111,75,48,2
Mumbai,2021-11-05,186,63,209,38,11,0
Mumbai,2021-11-06,213,50,309,80,17,1
Mumbai,2021-11-07,178,207,376,29,8,3
Mumbai,2021-11-08,218,185,368,76,49,2
Mumbai,2021-11-09,173,226,226,74,26,0
Mumbai,2021-11-10,171,68,177,49,45,2
Mumbai,2021-11-11,174,282,251,70,9,4
Mumbai,2021-11-12,200,112,264,65,23,4
Mumbai,2021-11-13,190,126,223,78,6,4
Mumbai,2021-11-14,223,234,170,93,36,3
Mumbai,2021-11-15,227,157,303,85,44,1
Mumbai,2021-11-16,176,167,355,36,12,1
Mumbai,2021-11-17,203,86,273,47,23,3
Mumbai,2021-11-18,208,259,204,77,47,3
Mumbai,2021-11-19,210,90,181,51,24,1
Mumbai,2021-11-20,188,183,390,54,42,4
Mumbai,2021-11-21,229,93,293,87,43,0
Mumbai,2021-11-22,202,226,365,81,36,3
Mumbai,2021-11-23,193,62,335,88,16,2
Mumbai,2021-11-24,173,291,180,61,31,1
Mumbai,2021-11-25,199,229,247,99,19,0
Mumbai,2021-11-26,187,105,125,91,31,2
Mumbai,2021-11-27,228,268,141,50,7,0
Mumbai,2021-11-28,214,171,104,92,38,0
Mumbai,2021-11-29,188,119,270,37,46,1
Mumbai,2021-11-30,215,183,146,37,12,3
Mumbai,2021-12-01,208,236,164,87,28,1
Mumbai,2021-12-02,206,61,197,71,25,3
Mumbai,2021-12-03,215,58,139,69,40,2
Mumbai,2021-12-04,224,95,222,23,34,1
Mumbai,2021-12-05,174,283,190,66,27,3
Mumbai,2021-12-06,190,219,332,39,6,4
Mumbai,2021-12-07,171,263,234,91,28,0
Mumbai,2021-12-08,175,50,291,54,40,2
Mumbai,2021-12-09,177,197,366,99,20,3
Mumbai,2021-12-10,197,92,233,66,16,1
Mumbai,2021-12-11,198,189,108,94,20,4
Mumbai,2021-12-12,174,270,128,85,49,4
Mumbai,2021-12-13,184,225,300,59,11,3
Mumbai,2021-12-14,222,275,350,37,44,1
Mumbai,2021-12-15,181,120,325,59,47,1
Mumbai,2021-12-16,175,178,262,76,7,3
Mumbai,2021-12-17,227,283,230,77,17,4
Mumbai,2021-12-18,229,265,234,28,15,1
Mumbai,2021-12-19,194,122,294,77,40,4
Mumbai,2021-12-20,223,165,153,32,46,0
Mumbai,2021-12-21,219,182,278,32,23,2
Mumbai,2021-12-22,210,103,92,46,39,2
Mumbai,2021-12-23,218,59,285,35,25,1
Mumbai,2021-12-24,226,204,280,39,19,3
Mumbai,2021-12-25,172,195,150,98,32,1
Mumbai,2021-12-26,170,179,232,66,26,2
Mumbai,2021-12-27,182,274,293,33,6,1
Mumbai,2021-12-28,208,73,380,69,28,4
Mumbai,2021-12-29,196,219,347,82,47,2
Mumbai,2021-12-30,218,83,289,41,22,1
Mumbai,2021-12-31,181,124,319,93,30,4
Mumbai,2022-01-01,214,184,231,58,17,4
Mumbai,2022-01-02,173,132,361,46,43,4
Mumbai,2022-01-03,176,84,272,74,45,4
Mumbai,2022-01-04,229,134,272,49,28,3
Mumbai,2022-01-05,222,101,171,90,6,2
Mumbai,2022-01-06,185,64,137,78,36,3
Mumbai,2022-01-07,177,100,139,99,28,2
Mumbai,2022-01-08,187,244,325,43,23,4
Mumbai,2022-01-09,185,120,333,37,41,4
Mumbai,2022-01-10,187,127,199,77,16,0
Mumbai,2022-01-11,205,278,265,95,23,0
Mumbai,2022-01-12,196,146,88,56,37,2
Mumbai,2022-01-13,213,217,258,80,43,0
Mumbai,2022-01-14,207,232,294,26,13,2
Mumbai,2022-01-15,217,270,214,65,42,3
Mumbai,2022-01-16,229,78,191,78,10,2
Mumbai,2022-01-17,198,259,206,39,35,1
Mumbai,2022-01-18,201,96,326,98,17,2
Mumbai,2022-01-19,188,127,365,95,5,0
Mumbai,2022-01-20,189,151,254,90,22,2
Mumbai,2022-01-21,178,232,231,55,5,2
Mumbai,2022-01-22,215,215,379,63,18,3
Mumbai,2022-01-23,193,277,372,31,6,0
Mumbai,2022-01-24,220,230,284,39,18,4
Mumbai,2022-01-25,186,218,163,37,11,0
Mumbai,2022-01-26,188,103,333,37,7,2
Mumbai,2022-01-27,207,144,107,28,15,4
Mumbai,2022-01-28,177,211,166,76,19,3
Mumbai,2022-01-29,174,65,388,46,49,4
Mumbai,2022-01-30,173,209,193,58,7,1
Mumbai,2022-01-31,221,157,359,49,19,2
Mumbai,2022-02-01,159,173,121,52,44,0
Mumbai,2022-02-02,138,168,160,50,5,1
Mumbai,2022-02-03,143,294,302,32,38,3
Mumbai,2022-02-04,158,244,326,54,21,2
Mumbai,2022-02-05,159,154,286,44,49,0
Mumbai,2022-02-06,145,188,165,92,24,1
Mumbai,2022-02-07,179,244,165,87,30,3
Mumbai,2022-02-08,162,108,111,49,34,3
Mumbai,2022-02-09,162,287,350,98,44,3
Mumbai,2022-02-10,177,219,304,99,6,1
Mumbai,2022-02-11,132,232,372,91,41,1
Mumbai,2022-02-12,163,134,293,72,33,1
Mumbai,2022-02-13,157,296,340,56,30,0
Mumbai,2022-02-14,140,236,178,86,34,3
Mumbai,2022-02-15,170,241,305,91,37,0
Mumbai,2022-02-16,149,253,256,81,15,4
Mumbai,2022-02-17,131,279,328,39,8,1
Mumbai,2022-02-18,130,55,100,76,37,4
Mumbai,2022-02-19,169,142,332,23,8,1
Mumbai,2022-02-20,167,203,340,32,29,2
Mumbai,2022-02-21,162,283,161,30,33,0
Mumbai,2022-02-22,161,92,382,93,18,0
Mumbai,2022-02-23,172,190,160,64,25,0
Mumbai,2022-02-24,127,88,161,91,13,0
Mumbai,2022-02-25,140,170,396,87,13,4
Mumbai,2022-02-26,120,261,276,78,32,1
Mumbai,2022-02-27,123,50,279,77,47,3
Mumbai,2022-02-28,166,60,327,22,27,4
Mumbai,2022-03-01,139,79,235,71,13,0
Mumbai,2022-03-02,165,117,135,57,15,2
Mumbai,2022-03-03,150,60,183,53,45,0
Mumbai,2022-03-04,128,281,332,94,44,2
Mumbai,2022-03-05,158,89,96,69,22,0
Mumbai,2022-03-06,169,116,350,40,46,2
Mumbai,2022-03-07,159,299,117,40,30,2
Mumbai,2022-03-08,152,220,247,29,38,2
Mumbai,2022-03-09,156,206,370,35,11,1
Mumbai,2022-03-10,165,195,84,57,31,1
Mumbai,2022-03-11,154,122,234,51,12,4
Mumbai,2022-03-12,172,218,165,99,46,4
Mumbai,2022-03-13,155,179,208,80,14,4
Mumbai,2022-03-14,128,160,282,88,31,2
Mumbai,2022-03-15,166,79,94,60,38,4
Mumbai,2022-03-16,162,298,114,73,8,4
Mumbai,2022-03-17,150,256,165,24,30,0
Mumbai,2022-03-18,129,204,185,32,21,4
Mumbai,2022-03-19,134,212,264,39,49,4
Mumbai,2022-03-20,142,234,193,77,40,2
Mumbai,2022-03-21,124,106,100,60,9,4
Mumbai,2022-03-22,138,259,280,42,35,0
Mumbai,2022-03-23,131,234,230,76,10,4
Mumbai,2022-03-24,164,250,236,84,49,4
Mumbai,2022-03-25,149,55,238,86,46,3
Mumbai,2022-03-26,121,102,270,53,23,1
Mumbai,2022-03-27,158,107,362,24,39,4
Mumbai,2022-03-28,166,281,228,89,47,3
Mumbai,2022-03-29,168,129,354,35,26,4
Mumbai,2022-03-30,173,77,342,52,22,4
Mumbai,2022-03-31,142,236,143,33,5,2
Mumbai,2022-04-01,129,232,182,31,44,4
Mumbai,2022-04-02,132,256,332,57,27,1
Mumbai,2022-04-03,179,296,211,90,37,1
Mumbai,2022-04-04,140,251,164,29,37,1
Mumbai,2022-04-05,163,142,256,45,19,2
Mumbai,2022-04-06,130,136,164,94,15,0
Mumbai,2022-04-07,137,153,346,78,43,2
Mumbai,2022-04-08,174,186,228,58,36,1
Mumbai,2022-04-09,171,135,369,90,16,3
Mumbai,2022-04-10,154,190,233,77,19,0
Mumbai,2022-04-11,174,244,92,91,46,4
Mumbai,2022-04-12,164,125,302,57,14,0
Mumbai,2022-04-13,172,164,320,36,9,2
Mumbai,2022-04-14,177,191,196,98,34,3
Mumbai,2022-04-15,174,182,218,89,24,4
Mumbai,2022-04-16,152,131,166,20,40,0
Mumbai,2022-04-17,169,277,341,37,18,1
Mumbai,2022-04-18,165,172,382,81,33,0
Mumbai,2022-04-19,143,236,249,31,34,0
Mumbai,2022-04-20,145,226,178,98,27,2
Mumbai,2022-04-21,141,162,96,33,24,1
Mumbai,2022-04-22,137,57,164,20,34,0
Mumbai,2022-04-23,132,184,189,57,8,1
Mumbai,2022-04-24,177,251,92,97,42,0
Mumbai,2022-04-25,147,220,186,54,32,2
Mumbai,2022-04-26,177,250,316,30,41,1
Mumbai,2022-04-27,122,78,263,31,22,3
Mumbai,2022-04-28,127,179,340,94,41,3
Mumbai,2022-04-29,165,213,291,79,21,0
Mumbai,2022-04-30,123,193,336,40,13,2
Mumbai,2022-05-01,133,52,343,87,7,0
Mumbai,2022-05-02,147,122,94,29,7,1
Mumbai,2022-05-03,135,192,262,88,25,3
Mumbai,2022-05-04,160,184,178,50,33,2
Mumbai,2022-05-05,162,289,134,92,43,1
Mumbai,2022-05-06,176,138,231,22,27,3
Mumbai,2022-05-07,138,243,390,95,46,4
Mumbai,2022-05-08,175,213,104,36,24,0
Mumbai,2022-05-09,141,99,215,39,21,1
Mumbai,2022-05-10,174,294,179,81,16,0
Mumbai,2022-05-11,154,293,178,40,6,1
Mumbai,2022-05-12,128,123,107,27,42,0
Mumbai,2022-05-13,162,241,352,38,49,4
Mumbai,2022-05-14,174,240,368,58,27,0
Mumbai,2022-05-15,132,145,208,90,46,1
Mumbai,2022-05-16,161,201,276,62,27,4
Mumbai,2022-05-17,158,247,345,38,20,2
Mumbai,2022-05-18,141,226,310,98,36,2
Mumbai,2022-05-19,149,197,191,37,44,4
Mumbai,2022-05-20,148,259,145,40,40,4
Mumbai,2022-05-21,158,257,378,87,36,1
Mumbai,2022-05-22,171,278,152,33,17,0
Mumbai,2022-05-23,164,135,320,77,29,4
Mumbai,2022-05-24,122,267,212,58,11,1
Mumbai,2022-05-25,168,55,348,72,49,1
Mumbai,2022-05-26,146,282,135,51,11,1
Mumbai,2022-05-27,169,299,259,61,6,3
Mumbai,2022-05-28,144,202,90,77,16,4
Mumbai,2022-05-29,177,87,390,53,38,3
Mumbai,2022-05-30,122,262,255,53,34,2
Mumbai,2022-05-31,153,178,281,44,14,2
Mumbai,2022-06-01,121,99,125,46,39,1
Mumbai,2022-06-02,125,127,393,56,29,0
Mumbai,2022-06-03,101,268,115,79,32,2
Mumbai,2022-06-04,106,140,342,83,16,4
Mumbai,2022-06-05,109,186,129,24,39,1
Mumbai,2022-06-06,110,123,199,97,43,4
Mumbai,2022-06-07,114,286,226,74,13,0
Mumbai,2022-06-08,130,179,169,70,37,0
Mumbai,2022-06-09,134,67,223,76,47,3
Mumbai,2022-06-10,155,240,348,88,21,2
Mumbai,2022-06-11,124,132,319,29,38,0
Mumbai,2022-06-12,143,136,391,35,18,3
Mumbai,2022-06-13,156,280,113,98,23,2
Mumbai,2022-06-14,100,101,116,58,16,2
Mumbai,2022-06-15,152,288,102,21,27,0
Mumbai,2022-06-16,152,156,217,91,9,0
Mumbai,2022-06-17,141,112,135,54,28,3
Mumbai,2022-06-18,106,126,319,63,12,4
Mumbai,2022-06-19,132,273,240,82,9,3
Mumbai,2022-06-20,106,100,89,72,14,4
Mumbai,2022-06-21,112,263,304,81,45,1
Mumbai,2022-06-22,108,267,298,77,37,3
Mumbai,2022-06-23,108,125,291,55,28,4
Mumbai,2022-06-24,101,53,217,34,47,0
Mumbai,2022-06-25,114,268,154,48,22,0
Mumbai,2022-06-26,128,282,398,54,14,1
Mumbai,2022-06-27,147,89,258,26,24,4
Mumbai,2022-06-28,158,95,227,31,24,3
Mumbai,2022-06-29,119,145,269,39,48,0
Mumbai,2022-06-30,113,208,215,44,40,4
Mumbai,2022-07-01,147,294,391,73,23,2
Mumbai,2022-07-02,103,70,97,69,17,4
Mumbai,2022-07-03,125,118,246,32,10,2
Mumbai,2022-07-04,141,102,212,92,13,3
Mumbai,2022-07-05,100,130,187,70,8,1
Mumbai,2022-07-06,118,145,111,62,40,4
Mumbai,2022-07-07,130,274,204,88,35,2
Mumbai,2022-07-08,110,203,231,95,19,2
Mumbai,2022-07-09,107,112,112,62,26,0
Mumbai,2022-07-10,158,170,253,78,42,1
Mumbai,2022-07-11,154,128,104,92,37,2
Mumbai,2022-07-12,139,91,141,66,24,1
Mumbai,2022-07-13,104,93,119,45,9,0
Mumbai,2022-07-14,140,227,387,37,42,2
Mumbai,2022-07-15,153,245,123,87,26,4
Mumbai,2022-07-16,124,225,305,24,14,1
Mumbai,2022-07-17,115,282,115,97,49,2
Mumbai,2022-07-18,127,260,339,31,36,0
Mumbai,2022-07-19,102,103,335,29,19,1
Mumbai,2022-07-20,113,98,211,34,12,2
Mumbai,2022-07-21,100,137,211,56,11,2
Mumbai,2022-07-22,129,147,174,50,40,4
Mumbai,2022-07-23,114,297,118,39,18,0
Mumbai,2022-07-24,149,138,134,31,30,3
Mumbai,2022-07-25,157,187,263,27,47,3
Mumbai,2022-07-26,130,139,284,60,7,2
Mumbai,2022-07-27,102,54,271,54,31,2
Mumbai,2022-07-28,152,130,214,27,49,4
Mumbai,2022-07-29,110,78,113,96,11,4
Mumbai,2022-07-30,152,259,291,98,28,2
Mumbai,2022-07-31,148,198,343,92,35,2
Mumbai,2022-08-01,110,143,82,75,18,4
Mumbai,2022-08-02,124,96,359,55,44,1
Mumbai,2022-08-03,116,92,242,33,23,2
Mumbai,2022-08-04,115,186,315,98,49,1
Mumbai,2022-08-05,126,198,126,98,35,2
Mumbai,2022-08-06,151,188,160,89,20,0
Mumbai,2022-08-07,111,289,338,31,36,1
Mumbai,2022-08-08,134,118,395,50,45,4
Mumbai,2022-08-09,112,59,101,69,48,1
Mumbai,2022-08-10,137,204,91,21,11,4
Mumbai,2022-08-11,126,217,209,84,44,0
Mumbai,2022-08-12,127,196,135,72,41,3
Mumbai,2022-08-13,100,180,212,74,45,1
Mumbai,2022-08-14,105,195,125,46,20,1
Mumbai,2022-08-15,123,250,258,74,28,3
Mumbai,2022-08-16,135,279,87,59,39,2
Mumbai,2022-08-17,115,285,316,30,39,4
Mumbai,2022-08-18,151,67,256,64,16,1
Mumbai,2022-08-19,134,100,192,71,40,4
Mumbai,2022-08-20,142,163,284,91,28,4
Mumbai,2022-08-21,151,146,346,49,33,4
Mumbai,2022-08-22,107,152,357,89,48,1
Mumbai,2022-08-23,146,66,98,77,38,4
Mumbai,2022-08-24,144,168,207,62,26,2
Mumbai,2022-08-25,133,295,231,48,8,0
Mumbai,2022-08-26,105,78,267,54,45,3
Mumbai,2022-08-27,124,106,369,81,37,3
Mumbai,2022-08-28,123,66,319,38,13,2
Mumbai,2022-08-29,118,167,349,86,36,2
Mumbai,2022-08-30,151,175,173,46,26,1
Mumbai,2022-08-31,133,132,308,83,38,3
Mumbai,2022-09-01,172,238,250,37,22,1
Mumbai,2022-09-02,148,240,221,67,16,0
Mumbai,2022-09-03,157,104,288,97,36,0
Mumbai,2022-09-04,125,73,345,27,32,2
Mumbai,2022-09-05,133,129,131,60,24,4
Mumbai,2022-09-06,167,86,302,36,30,3
Mumbai,2022-09-07,174,202,375,56,24,4
Mumbai,2022-09-08,178,128,305,60,44,1
Mumbai,2022-09-09,143,157,186,73,37,4
Mumbai,2022-09-10,160,174,115,31,8,4
Mumbai,2022-09-11,149,278,238,20,5,0
Mumbai,2022-09-12,132,180,216,82,19,0
Mumbai,2022-09-13,138,255,130,77,43,1
Mumbai,2022-09-14,162,252,240,25,7,4
Mumbai,2022-09-15,145,84,216,40,6,0
Mumbai,2022-09-16,140,179,335,56,43,4
Mumbai,2022-09-17,177,53,95,67,31,2
Mumbai,2022-09-18,143,260,266,45,30,3
Mumbai,2022-09-19,170,248,255,46,32,3
Mumbai,2022-09-20,166,151,384,54,43,0
Mumbai,2022-09-21,177,288,86,33,23,1
Mumbai,2022-09-22,142,257,349,83,12,1
Mumbai,2022-09-23,154,145,153,87,9,0
Mumbai,2022-09-24,169,284,397,60,13,2
Mumbai,2022-09-25,166,262,292,86,24,1
Mumbai,2022-09-26,130,247,386,94,13,4
Mumbai,2022-09-27,136,211,100,42,19,2
Mumbai,2022-09-28,124,252,332,21,32,4
Mumbai,2022-09-29,154,174,157,42,41,1
Mumbai,2022-09-30,131,53,98,47,20,0
Mumbai,2022-10-01,124,169,395,90,42,0
Mumbai,2022-10-02,171,269,320,73,35,4
Mumbai,2022-10-03,167,212,256,95,5,2
Mumbai,2022-10-04,134,55,383,22,37,2
Mumbai,2022-10-05,124,257,257,80,8,0
Mumbai,2022-10-06,128,118,193,35,28,3
Mumbai,2022-10-07,144,250,81,87,41,3
Mumbai,2022-10-08,132,140,223,81,36,2
Mumbai,2022-10-09,147,120,104,70,8,4
Mumbai,2022-10-10,140,61,373,81,20,0
Mumbai,2022-10-11,157,128,146,86,17,4
Mumbai,2022-10-12,157,228,187,30,18,1
Mumbai,2022-10-13,151,205,147,20,28,1
Mumbai,2022-10-14,166,207,118,86,18,3
Mumbai,2022-10-15,147,208,378,36,14,0
Mumbai,2022-10-16,167,60,254,95,28,3
Mumbai,2022-10-17,142,116,197,48,25,1
Mumbai,2022-10-18,134,68,121,84,18,3
Mumbai,2022-10-19,153,261,315,60,21,3
Mumbai,2022-10-20,164,236,377,94,45,3
Mumbai,2022-10-21,145,135,393,75,29,2
Mumbai,2022-10-22,145,254,394,92,36,1
Mumbai,2022-10-23,137,241,213,77,23,4
Mumbai,2022-10-24,156,59,86,70,24,2
Mumbai,2022-10-25,179,296,149,67,32,4
Mumbai,2022-10-26,170,135,178,43,7,3
Mumbai,2022-10-27,151,198,272,55,38,0
Mumbai,2022-10-28,157,285,95,68,29,4
Mumbai,2022-10-29,159,154,97,21,47,3
Mumbai,2022-10-30,176,247,377,46,8,4
Mumbai,2022-10-31,122,182,380,54,38,0
Mumbai,2022-11-01,187,261,252,72,34,4
Mumbai,2022-11-02,181,127,206,84,23,0
Mumbai,2022-11-03,185,101,348,58,39,1
Mumbai,2022-11-04,174,142,356,42,25,2
Mumbai,2022-11-05,211,249,265,29,37,2
Mumbai,2022-11-06,172,245,144,27,13,2
Mumbai,2022-11-07,198,67,231,88,47,0
Mumbai,2022-11-08,214,172,375,70,27,1
Mumbai,2022-11-09,196,219,313,20,29,1
Mumbai,2022-11-10,197,295,233,46,39,3
Mumbai,2022-11-11,224,194,204,78,34,0
Mumbai,2022-11-12,227,252,326,32,28,1
Mumbai,2022-11-13,214,165,216,32,28,2
Mumbai,2022-11-14,215,99,89,84,7,3
Mumbai,2022-11-15,192,297,368,94,31,0
Mumbai,2022-11-16,212,219,292,55,49,0
Mumbai,2022-11-17,192,61,177,36,38,3
Mumbai,2022-11-18,171,256,317,63,25,1
Mumbai,2022-11-19,186,112,98,54,12,1
Mumbai,2022-11-20,174,196,118,47,37,3
Mumbai,2022-11-21,220,153,95,80,39,1
Mumbai,2022-11-22,174,256,239,99,5,1
Mumbai,2022-11-23,175,283,134,54,19,4
Mumbai,2022-11-24,208,245,317,73,5,2
Mumbai,2022-11-25,180,255,281,61,12,1
Mumbai,2022-11-26,229,180,362,90,15,2
Mumbai,2022-11-27,187,292,177,68,25,2
Mumbai,2022-11-28,173,177,188,90,13,1
Mumbai,2022-11-29,197,54,375,28,16,4
Mumbai,2022-11-30,192,63,178,29,17,1
Mumbai,2022-12-01,191,282,217,52,17,3
Mumbai,2022-12-02,228,231,319,30,42,1
Mumbai,2022-12-03,205,101,82,68,45,3
Mumbai,2022-12-04,177,201,252,66,15,4
Mumbai,2022-12-05,212,101,161,24,14,1
Mumbai,2022-12-06,185,162,96,97,28,1
Mumbai,2022-12-07,179,99,208,60,20,2
Mumbai,2022-12-08,180,122,220,76,34,2
Mumbai,2022-12-09,186,124,149,83,19,3
Mumbai,2022-12-10,227,277,261,37,47,3
Mumbai,2022-12-11,223,139,363,58,37,2
Mumbai,2022-12-12,214,109,140,22,13,2
Mumbai,2022-12-13,205,70,163,48,46,4
Mumbai,2022-12-14,225,188,184,74,39,3
Mumbai,2022-12-15,182,88,260,58,31,2
Mumbai,2022-12-16,174,207,329,93,25,0
Mumbai,2022-12-17,207,100,101,42,20,2
Mumbai,2022-12-18,200,154,96,65,27,2
Mumbai,2022-12-19,184,246,369,64,17,1
Mumbai,2022-12-20,196,250,205,47,47,3
Mumbai,2022-12-21,193,222,179,37,37,3
Mumbai,2022-12-22,217,81,115,56,40,3
Mumbai,2022-12-23,216,154,288,61,27,2
Mumbai,2022-12-24,186,193,212,69,37,0
Mumbai,2022-12-25,218,57,342,91,30,4
Mumbai,2022-12-26,170,93,142,42,45,4
Mumbai,2022-12-27,221,284,126,36,5,3
Mumbai,2022-12-28,204,87,376,60,47,2
Mumbai,2022-12-29,229,220,150,56,29,1
Mumbai,2022-12-30,221,257,139,84,15,1
Mumbai,2022-12-31,195,247,146,43,18,1
Mumbai,2023-01-01,210,104,273,43,47,0
Mumbai,2023-01-02,178,87,311,58,11,1
Mumbai,2023-01-03,190,140,155,38,41,0
Mumbai,2023-01-04,204,59,373,75,12,0
Mumbai,2023-01-05,200,66,257,76,46,3
Mumbai,2023-01-06,185,53,226,65,25,0
Mumbai,2023-01-07,179,227,140,54,35,3
Mumbai,2023-01-08,184,237,152,91,27,1
Mumbai,2023-01-09,226,93,112,55,43,4
Mumbai,2023-01-10,203,162,88,21,36,0
Mumbai,2023-01-11,210,51,372,76,27,1
Mumbai,2023-01-12,170,81,184,27,13,3
Mumbai,2023-01-13,212,55,171,78,24,1
Mumbai,2023-01-14,192,198,377,63,30,0
Mumbai,2023-01-15,191,85,116,64,9,4
Mumbai,2023-01-16,200,108,288,42,24,3
Mumbai,2023-01-17,224,93,107,93,13,2
Mumbai,2023-01-18,214,53,283,89,45,0
Mumbai,2023-01-19,190,252,81,69,49,2
Mumbai,2023-01-20,220,188,319,83,29,2
Mumbai,2023-01-21,209,267,295,29,10,4
Mumbai,2023-01-22,212,95,372,60,49,1
Mumbai,2023-01-23,222,87,394,89,47,4
Mumbai,2023-01-24,189,143,206,86,37,4
Mumbai,2023-01-25,177,269,361,66,30,2
Mumbai,2023-01-26,212,257,237,51,40,3
Mumbai,2023-01-27,203,185,337,78,23,1
Mumbai,2023-01-28,203,126,366,72,13,2
Mumbai,2023-01-29,209,265,275,62,44,3
Mumbai,2023-01-30,213,62,159,81,42,1
Mumbai,2023-01-31,222,195,312,21,16,2
Mumbai,2023-02-01,146,212,208,28,28,0
Mumbai,2023-02-02,135,263,94,27,30,2
Mumbai,2023-02-03,143,106,397,59,29,3
Mumbai,2023-02-04,144,76,316,75,24,0
Mumbai,2023-02-05,175,161,171,88,45,0
Mumbai,2023-02-06,143,112,192,53,35,2
Mumbai,2023-02-07,143,90,174,88,42,0
Mumbai,2023-02-08,159,232,392,27,20,1
Mumbai,2023-02-09,142,190,295,88,36,3
Mumbai,2023-02-10,136,281,114,90,13,4
Mumbai,2023-02-11,145,120,117,28,31,3
Mumbai,2023-02-12,145,275,267,74,16,1
Mumbai,2023-02-13,146,254,267,30,31,3
Mumbai,2023-02-14,179,294,315,91,30,1
Mumbai,2023-02-15,164,258,328,90,8,0
Mumbai,2023-02-16,135,81,233,78,21,3
Mumbai,2023-02-17,159,278,298,47,45,4
Mumbai,2023-02-18,145,106,82,24,21,2
Mumbai,2023-02-19,173,56,276,41,22,3
Mumbai,2023-02-20,120,123,345,73,21,4
Mumbai,2023-02-21,131,295,243,58,6,0
Mumbai,2023-02-22,164,105,343,29,37,2
Mumbai,2023-02-23,127,76,219,99,9,2
Mumbai,2023-02-24,150,73,177,33,34,1
Mumbai,2023-02-25,179,276,188,73,49,3
Mumbai,2023-02-26,163,263,339,32,21,4
Mumbai,2023-02-27,126,246,132,23,22,2
Mumbai,2023-02-28,121,59,336,93,34,3
Mumbai,2023-03-01,146,265,274,36,28,1
Mumbai,2023-03-02,158,236,201,30,17,0
Mumbai,2023-03-03,141,140,189,53,37,1
Mumbai,2023-03-04,139,68,320,68,14,0
Mumbai,2023-03-05,150,173,180,63,37,0
Mumbai,2023-03-06,143,214,83,77,49,0
Mumbai,2023-03-07,179,166,308,66,40,4
Mumbai,2023-03-08,127,277,277,51,28,1
Mumbai,2023-03-09,125,177,156,99,31,3
Mumbai,2023-03-10,132,260,383,60,14,2
Mumbai,2023-03-11,144,246,229,59,34,0
Mumbai,2023-03-12,158,259,266,60,43,2
Mumbai,2023-03-13,128,151,391,84,32,4
Mumbai,2023-03-14,179,232,344,99,24,3
Mumbai,2023-03-15,127,251,350,55,32,0
Mumbai,2023-03-16,131,269,348,61,30,3
Mumbai,2023-03-17,164,74,325,51,44,4
Mumbai,2023-03-18,122,103,348,75,30,2
Mumbai,2023-03-19,120,279,352,89,49,2
Mumbai,2023-03-20,171,64,232,49,28,3
Mumbai,2023-03-21,179,70,339,84,11,2
Mumbai,2023-03-22,140,254,209,34,25,0
Mumbai,2023-03-23,172,195,153,40,45,1
Mumbai,2023-03-24,161,74,324,41,17,2
Mumbai,2023-03-25,143,215,111,96,26,2
Mumbai,2023-03-26,128,120,109,67,32,1
Mumbai,2023-03-27,128,121,332,73,15,2
Mumbai,2023-03-28,142,184,218,76,31,0
Mumbai,2023-03-29,161,131,192,45,39,2
Mumbai,2023-03-30,124,201,224,96,11,2
Mumbai,2023-03-31,134,171,349,92,40,3
Mumbai,2023-04-01,141,155,365,24,8,2
Mumbai,2023-04-02,150,195,396,70,43,2
Mumbai,2023-04-03,136,229,326,53,40,4
Mumbai,2023-04-04,165,96,209,47,8,2
Mumbai,2023-04-05,144,280,140,32,33,4
Mumbai,2023-04-06,174,280,163,98,48,3
Mumbai,2023-04-07,168,147,339,93,25,1
Mumbai,2023-04-08,140,295,243,90,30,1
Mumbai,2023-04-09,137,150,204,30,34,2
Mumbai,2023-04-10,126,176,314,31,49,0
Mumbai,2023-04-11,131,88,120,68,37,4
Mumbai,2023-04-12,169,143,146,67,45,0
Mumbai,2023-04-13,129,147,223,23,43,3
Mumbai,2023-04-14,144,289,123,45,49,0
Mumbai,2023-04-15,142,240,294,96,12,2
Mumbai,2023-04-16,145,144,306,22,10,2
Mumbai,2023-04-17,160,226,263,79,22,2
Mumbai,2023-04-18,154,208,139,73,14,3
Mumbai,2023-04-19,128,205,108,34,23,4
Mumbai,2023-04-20,160,171,245,81,38,0
Mumbai,2023-04-21,168,283,180,43,23,2
Mumbai,2023-04-22,177,171,290,94,25,3
Mumbai,2023-04-23,159,195,194,74,15,1
Mumbai,2023-04-24,158,113,148,42,30,4
Mumbai,2023-04-25,123,100,308,25,24,3
Mumbai,2023-04-26,174,224,230,92,12,1
Mumbai,2023-04-27,135,151,229,20,36,4
Mumbai,2023-04-28,149,153,82,92,31,0
Mumbai,2023-04-29,129,153,273,95,6,4
Mumbai,2023-04-30,146,254,86,77,14,4
Mumbai,2023-05-01,168,75,309,70,41,2
Mumbai,2023-05-02,138,182,234,85,47,2
Mumbai,2023-05-03,149,253,97,54,17,4
Mumbai,2023-05-04,120,256,115,87,8,2
Mumbai,2023-05-05,172,113,188,46,41,4
Mumbai,2023-05-06,169,108,282,33,41,3
Mumbai,2023-05-07,176,181,319,70,30,0
Mumbai,2023-05-08,175,249,371,92,31,2
Mumbai,2023-05-09,179,263,253,74,20,3
Mumbai,2023-05-10,169,138,171,48,29,2
Mumbai,2023-05-11,174,209,157,48,48,1
Mumbai,2023-05-12,174,297,159,97,22,4
Mumbai,2023-05-13,161,169,102,59,15,1
Mumbai,2023-05-14,140,122,256,88,24,1
Mumbai,2023-05-15,152,223,293,77,13,1
Mumbai,2023-05-16,135,223,328,35,21,0
Mumbai,2023-05-17,161,196,276,55,35,0
Mumbai,2023-05-18,161,141,324,50,43,3
Mumbai,2023-05-19,121,203,345,46,37,2
Mumbai,2023-05-20,171,67,133,20,49,4
Mumbai,2023-05-21,150,105,221,85,9,1
Mumbai,2023-05-22,140,170,360,83,29,1
Mumbai,2023-05-23,174,189,231,28,35,4
Mumbai,2023-05-24,122,298,184,42,49,2
Mumbai,2023-05-25,169,178,292,34,16,3
Mumbai,2023-05-26,148,287,283,59,26,2
Mumbai,2023-05-27,174,288,305,46,5,0
Mumbai,2023-05-28,135,54,146,64,22,0
Mumbai,2023-05-29,158,223,356,27,10,2
Mumbai,2023-05-30,145,164,212,31,15,4
Mumbai,2023-05-31,174,67,304,55,8,0
Mumbai,2023-06-01,146,55,369,91,23,4
Mumbai,2023-06-02,138,234,152,71,31,3
Mumbai,2023-06-03,103,240,116,32,19,2
Mumbai,2023-06-04,124,52,320,50,15,0
Mumbai,2023-06-05,145,130,206,92,17,4
Mumbai,2023-06-06,107,230,112,89,42,0
Mumbai,2023-06-07,148,138,129,67,30,1
Mumbai,2023-06-08,118,129,113,54,34,4
Mumbai,2023-06-09,124,89,288,62,23,4
Mumbai,2023-06-10,127,243,251,74,7,1
Mumbai,2023-06-11,106,191,159,93,19,3
Mumbai,2023-06-12,101,127,188,96,22,1
Mumbai,2023-06-13,144,143,99,20,24,3
Mumbai,2023-06-14,152,170,317,47,19,4
Mumbai,2023-06-15,101,216,127,76,8,2
Mumbai,2023-06-16,126,156,245,92,20,0
Mumbai,2023-06-17,140,173,254,75,44,4
Mumbai,2023-06-18,157,180,394,76,26,3
Mumbai,2023-06-19,146,181,263,53,5,2
Mumbai,2023-06-20,102,53,315,29,32,1
Mumbai,2023-06-21,144,183,89,39,36,1
Mumbai,2023-06-22,138,207,127,95,5,3
Mumbai,2023-06-23,136,209,253,39,25,0
Mumbai,2023-06-24,107,197,284,99,38,2
Mumbai,2023-06-25,124,237,208,27,41,2
Mumbai,2023-06-26,103,273,389,48,15,4
Mumbai,2023-06-27,129,241,164,64,48,4
Mumbai,2023-06-28,120,118,382,99,24,0
Mumbai,2023-06-29,119,184,378,56,44,0
Mumbai,2023-06-30,150,219,114,76,5,4
Mumbai,2023-07-01,143,61,328,97,26,3
Mumbai,2023-07-02,127,89,383,50,24,3
Mumbai,2023-07-03,128,299,133,77,25,2
Mumbai,2023-07-04,105,90,264,62,16,3
Mumbai,2023-07-05,126,261,217,79,14,2
Mumbai,2023-07-06,131,186,201,58,19,2
Mumbai,2023-07-07,103,202,252,55,34,1
Mumbai,2023-07-08,132,249,309,35,28,2
Mumbai,2023-07-09,134,210,230,69,11,3
Mumbai,2023-07-10,129,266,276,26,25,2
Mumbai,2023-07-11,147,273,130,34,36,2
Mumbai,2023-07-12,157,161,352,33,36,1
Mumbai,2023-07-13,152,229,237,25,11,2
Mumbai,2023-07-14,102,262,85,97,42,3
Mumbai,2023-07-15,128,113,93,73,46,4
Mumbai,2023-07-16,100,63,398,27,35,0
Mumbai,2023-07-17,155,104,394,69,27,1
Mumbai,2023-07-18,145,89,239,67,12,3
Mumbai,2023-07-19,135,126,284,76,44,2
Mumbai,2023-07-20,148,165,208,69,28,2
Mumbai,2023-07-21,146,121,232,31,16,0
Mumbai,2023-07-22,154,131,140,52,25,1
Mumbai,2023-07-23,109,165,120,37,16,3
Mumbai,2023-07-24,130,167,311,27,17,3
Mumbai,2023-07-25,130,247,383,69,24,4
Mumbai,2023-07-26,135,129,179,75,30,4
Mumbai,2023-07-27,124,120,262,71,49,3
Mumbai,2023-07-28,151,257,385,95,27,3
Mumbai,2023-07-29,121,126,336,83,14,3
Mumbai,2023-07-30,144,65,133,90,36,1
Mumbai,2023-07-31,146,254,269,75,40,1
Mumbai,2023-08-01,140,173,320,52,40,4
Mumbai,2023-08-02,102,296,189,44,13,2
Mumbai,2023-08-03,127,102,341,53,26,2
Mumbai,2023-08-04,107,114,356,50,41,4
Mumbai,2023-08-05,113,136,139,38,48,3
Mumbai,2023-08-06,125,182,395,43,34,3
Mumbai,2023-08-07,133,71,397,51,42,0
Mumbai,2023-08-08,157,252,159,46,45,0
Mumbai,2023-08-09,138,94,233,84,20,2
Mumbai,2023-08-10,116,172,354,94,31,4
Mumbai,2023-08-11,119,282,279,78,16,3
Mumbai,2023-08-12,107,156,306,80,7,4
Mumbai,2023-08-13,112,93,187,68,7,4
Mumbai,2023-08-14,152,252,245,69,26,0
Mumbai,2023-08-15,130,143,342,71,14,2
Mumbai,2023-08-16,139,284,355,75,36,0
Mumbai,2023-08-17,132,64,88,64,47,1
Mumbai,2023-08-18,139,268,191,27,19,1
Mumbai,2023-08-19,123,91,284,44,30,3
Mumbai,2023-08-20,134,118,121,60,29,3
Mumbai,2023-08-21,114,264,391,88,26,4
Mumbai,2023-08-22,119,260,301,37,45,3
Mumbai,2023-08-23,148,63,199,36,20,1
Mumbai,2023-08-24,134,146,394,40,24,0
Mumbai,2023-08-25,107,54,240,55,23,3
Mumbai,2023-08-26,106,169,365,32,39,0
Mumbai,2023-08-27,154,217,266,90,46,2
Mumbai,2023-08-28,109,250,266,62,10,2
Mumbai,2023-08-29,110,152,195,27,39,0
Mumbai,2023-08-30,113,90,351,91,8,4
Mumbai,2023-08-31,125,197,174,59,42,3
Mumbai,2023-09-01,154,182,247,86,47,4
Mumbai,2023-09-02,146,67,399,22,21,4
Mumbai,2023-09-03,177,171,277,83,26,1
Mumbai,2023-09-04,170,256,274,24,10,3
Mumbai,2023-09-05,168,241,250,25,47,0
Mumbai,2023-09-06,173,241,178,51,40,2
Mumbai,2023-09-07,153,83,347,55,16,1
Mumbai,2023-09-08,158,248,231,93,5,1
Mumbai,2023-09-09,139,142,106,70,44,3
Mumbai,2023-09-10,157,207,98,96,15,3
Mumbai,2023-09-11,160,127,350,65,11,3
Mumbai,2023-09-12,150,129,349,52,30,2
Mumbai,2023-09-13,167,83,140,64,33,1
Mumbai,2023-09-14,135,173,84,32,6,1
Mumbai,2023-09-15,175,150,378,75,27,0
Mumbai,2023-09-16,152,120,318,44,38,4
Mumbai,2023-09-17,161,255,322,60,18,1
Mumbai,2023-09-18,163,203,86,79,47,0
Mumbai,2023-09-19,134,191,373,79,49,4
Mumbai,2023-09-20,159,182,177,66,45,4
Mumbai,2023-09-21,179,273,109,81,20,0
Mumbai,2023-09-22,165,235,163,36,19,4
Mumbai,2023-09-23,146,143,243,20,32,0
Mumbai,2023-09-24,149,274,271,55,10,4
Mumbai,2023-09-25,136,195,301,84,25,3
Mumbai,2023-09-26,137,98,257,99,29,3
Mumbai,2023-09-27,126,200,368,41,26,3
Mumbai,2023-09-28,127,94,294,44,22,3
Mumbai,2023-09-29,168,276,198,94,36,4
Mumbai,2023-09-30,154,93,321,52,9,1
Mumbai,2023-10-01,130,98,235,60,31,3
Mumbai,2023-10-02,135,109,169,90,27,1
Mumbai,2023-10-03,179,237,225,62,44,2
Mumbai,2023-10-04,138,140,242,77,26,2
Mumbai,2023-10-05,142,97,396,69,24,2
Mumbai,2023-10-06,164,124,236,87,12,2
Mumbai,2023-10-07,133,178,86,28,29,4
Mumbai,2023-10-08,128,157,262,56,37,2
Mumbai,2023-10-09,157,282,347,76,18,2
Mumbai,2023-10-10,125,203,202,38,40,4
Mumbai,2023-10-11,178,153,165,28,24,1
Mumbai,2023-10-12,141,103,367,85,12,1
Mumbai,2023-10-13,155,152,385,42,34,0
Mumbai,2023-10-14,122,57,92,39,9,0
Mumbai,2023-10-15,175,166,133,51,31,4
Mumbai,2023-10-16,149,99,279,95,8,2
Mumbai,2023-10-17,154,175,327,47,15,4
Mumbai,2023-10-18,165,106,222,45,46,2
Mumbai,2023-10-19,131,237,384,58,32,3
Mumbai,2023-10-20,171,242,228,21,49,2
Mumbai,2023-10-21,153,275,327,55,9,2
Mumbai,2023-10-22,126,70,290,55,21,3
Mumbai,2023-10-23,131,278,376,84,45,1
Mumbai,2023-10-24,157,278,119,93,34,1
Mumbai,2023-10-25,127,151,189,31,25,1
Mumbai,2023-10-26,135,216,222,83,32,2
Mumbai,2023-10-27,175,243,158,68,37,2
Mumbai,2023-10-28,152,108,334,39,11,4
Mumbai,2023-10-29,139,202,245,38,6,2
Mumbai,2023-10-30,136,281,177,70,28,1
Mumbai,2023-10-31,148,245,193,75,41,1
Mumbai,2023-11-01,217,299,352,26,13,4
Mumbai,2023-11-02,179,283,384,42,25,0
Mumbai,2023-11-03,228,61,148,92,16,0
Mumbai,2023-11-04,213,131,193,92,18,1
Mumbai,2023-11-05,218,282,140,38,30,0
Mumbai,2023-11-06,184,220,182,55,36,0
Mumbai,2023-11-07,204,191,302,74,31,3
Mumbai,2023-11-08,185,119,387,99,26,1
Mumbai,2023-11-09,215,109,146,57,21,0
Mumbai,2023-11-10,229,227,263,58,37,1
Mumbai,2023-11-11,213,207,363,71,41,4
Mumbai,2023-11-12,207,70,345,55,13,1
Mumbai,2023-11-13,191,292,337,59,7,2
Mumbai,2023-11-14,182,151,168,48,44,1
Mumbai,2023-11-15,182,284,266,70,35,2
Mumbai,2023-11-16,204,115,196,34,7,1
Mumbai,2023-11-17,210,210,384,51,47,3
Mumbai,2023-11-18,189,260,306,69,5,4
Mumbai,2023-11-19,171,225,172,69,18,3
Mumbai,2023-11-20,200,195,304,65,15,0
Mumbai,2023-11-21,217,246,205,74,44,2
Mumbai,2023-11-22,193,171,358,61,23,3
Mumbai,2023-11-23,223,227,271,58,40,1
Mumbai,2023-11-24,208,101,187,86,47,1
Mumbai,2023-11-25,197,133,233,68,31,3
Mumbai,2023-11-26,177,270,276,96,36,4
Mumbai,2023-11-27,204,279,192,20,20,0
Mumbai,2023-11-28,219,282,82,51,35,4
Mumbai,2023-11-29,188,118,147,67,33,0
Mumbai,2023-11-30,213,261,294,31,6,2
Mumbai,2023-12-01,227,62,313,69,42,3
Mumbai,2023-12-02,189,59,134,41,39,3
Mumbai,2023-12-03,194,230,190,99,21,3
Mumbai,2023-12-04,172,176,182,68,13,3
Mumbai,2023-12-05,211,175,114,32,38,2
Mumbai,2023-12-06,202,134,183,73,28,2
Mumbai,2023-12-07,181,53,101,75,29,3
Mumbai,2023-12-08,182,80,191,32,22,4
Mumbai,2023-12-09,171,239,261,37,31,1
Mumbai,2023-12-10,171,179,246,56,21,2
Mumbai,2023-12-11,190,63,161,82,37,4
Mumbai,2023-12-12,224,57,199,73,49,1
Mumbai,2023-12-13,170,138,319,66,18,1
Mumbai,2023-12-14,186,287,269,25,14,4
Mumbai,2023-12-15,208,113,256,92,27,4
Mumbai,2023-12-16,192,65,257,44,38,1
Mumbai,2023-12-17,215,54,104,93,7,0
Mumbai,2023-12-18,181,57,262,75,10,4
Mumbai,2023-12-19,196,96,92,75,38,4
Mumbai,2023-12-20,227,221,200,21,44,0
Mumbai,2023-12-21,220,238,308,22,39,2
Mumbai,2023-12-22,176,191,118,84,5,1
Mumbai,2023-12-23,182,100,91,58,7,1
Mumbai,2023-12-24,190,66,367,96,26,3
Mumbai,2023-12-25,223,254,299,54,34,0
Mumbai,2023-12-26,210,219,185,70,5,3
Mumbai,2023-12-27,193,128,346,82,23,3
Mumbai,2023-12-28,180,201,94,42,42,0
Mumbai,2023-12-29,179,63,245,66,32,0
Mumbai,2023-12-30,204,284,187,55,28,4
Mumbai,2023-12-31,181,263,254,24,42,0
Mumbai,2024-01-01,199,165,321,95,25,1
Mumbai,2024-01-02,192,86,397,74,47,2
Mumbai,2024-01-03,178,86,327,70,39,0
Mumbai,2024-01-04,194,100,318,73,6,2
Mumbai,2024-01-05,229,174,351,89,12,4
Mumbai,2024-01-06,178,79,154,88,40,3
Mumbai,2024-01-07,226,149,359,76,6,4
Mumbai,2024-01-08,187,160,276,96,24,0
Mumbai,2024-01-09,182,119,121,24,22,3
Mumbai,2024-01-10,202,209,214,82,35,2
Mumbai,2024-01-11,222,233,209,67,49,1
Mumbai,2024-01-12,173,201,345,97,40,4
Mumbai,2024-01-13,214,133,293,71,8,3
Mumbai,2024-01-14,223,270,213,43,6,3
Mumbai,2024-01-15,209,263,121,34,15,0
Mumbai,2024-01-16,210,235,369,22,39,0
Mumbai,2024-01-17,212,293,340,97,33,4
Mumbai,2024-01-18,192,293,106,30,24,0
Mumbai,2024-01-19,187,291,133,97,9,3
Mumbai,2024-01-20,205,107,361,79,11,1
Mumbai,2024-01-21,202,62,229,36,31,4
Mumbai,2024-01-22,215,212,264,62,43,2
Mumbai,2024-01-23,171,207,247,87,44,2
Mumbai,2024-01-24,184,56,342,64,14,4
Mumbai,2024-01-25,188,186,308,24,22,3
Mumbai,2024-01-26,215,59,178,40,17,1
Mumbai,2024-01-27,221,84,111,81,17,2
Mumbai,2024-01-28,190,68,378,61,36,4
Mumbai,2024-01-29,223,263,139,93,35,3
Mumbai,2024-01-30,191,141,106,79,14,3
Mumbai,2024-01-31,213,128,92,20,32,4
Mumbai,2024-02-01,170,72,274,75,7,0
Mumbai,2024-02-02,152,117,294,86,45,3
Mumbai,2024-02-03,123,130,188,72,15,3
Mumbai,2024-02-04,169,208,398,22,42,2
Mumbai,2024-02-05,146,60,141,47,46,1
Mumbai,2024-02-06,139,248,246,83,11,4
Mumbai,2024-02-07,166,51,311,43,7,1
Mumbai,2024-02-08,122,66,332,73,47,2
Mumbai,2024-02-09,178,268,233,46,47,4
Mumbai,2024-02-10,174,179,132,78,11,2
Mumbai,2024-02-11,155,113,344,70,27,0
Mumbai,2024-02-12,176,112,335,70,10,3
Mumbai,2024-02-13,127,123,363,35,37,3
Mumbai,2024-02-14,178,159,275,64,17,2
Mumbai,2024-02-15,176,116,199,27,36,4
Mumbai,2024-02-16,146,124,200,99,49,1
Mumbai,2024-02-17,155,171,312,73,23,3
Mumbai,2024-02-18,129,153,255,52,25,0
Mumbai,2024-02-19,126,214,124,31,45,4
Mumbai,2024-02-20,144,208,377,60,32,4
Mumbai,2024-02-21,128,55,322,57,12,4
Mumbai,2024-02-22,122,167,322,39,21,0
Mumbai,2024-02-23,156,72,399,55,19,0
Mumbai,2024-02-24,127,293,144,97,18,2
Mumbai,2024-02-25,150,196,173,21,15,1
Mumbai,2024-02-26,126,265,326,25,7,0
Mumbai,2024-02-27,176,209,282,65,48,2
Mumbai,2024-02-28,147,270,90,74,10,2
Mumbai,2024-02-29,144,110,122,70,45,4
Mumbai,2024-03-01,127,164,85,59,8,0
Mumbai,2024-03-02,179,151,216,26,22,4
Mumbai,2024-03-03,165,168,197,24,17,2
Mumbai,2024-03-04,137,101,342,39,6,0
Mumbai,2024-03-05,157,88,347,34,44,0
Mumbai,2024-03-06,133,150,163,49,24,3
Mumbai,2024-03-07,174,202,342,89,23,3
Mumbai,2024-03-08,166,66,177,99,29,4
Mumbai,2024-03-09,161,100,274,33,21,2
Mumbai,2024-03-10,166,184,286,51,10,2
Mumbai,2024-03-11,162,281,238,43,20,1
Mumbai,2024-03-12,163,138,205,90,5,1
Mumbai,2024-03-13,173,100,340,31,17,3
Mumbai,2024-03-14,176,184,342,23,15,0
Mumbai,2024-03-15,173,121,228,57,8,1
Mumbai,2024-03-16,144,293,332,83,32,4
Mumbai,2024-03-17,133,66,379,29,8,4
Mumbai,2024-03-18,128,117,293,60,20,4
Mumbai,2024-03-19,145,137,103,43,32,0
Mumbai,2024-03-20,130,209,202,91,27,0
Mumbai,2024-03-21,153,238,158,36,18,2
Mumbai,2024-03-22,178,69,169,71,30,4
Mumbai,2024-03-23,172,274,274,58,17,0
Mumbai,2024-03-24,121,278,313,97,20,0
Mumbai,2024-03-25,152,183,293,31,22,3
Mumbai,2024-03-26,120,195,159,68,29,3
Mumbai,2024-03-27,134,242,205,75,28,1
Mumbai,2024-03-28,173,101,327,64,6,4
Mumbai,2024-03-29,126,126,274,71,17,3
Mumbai,2024-03-30,150,283,202,47,27,2
Mumbai,2024-03-31,127,136,116,29,18,3
Mumbai,2024-04-01,158,190,321,25,44,1
Mumbai,2024-04-02,151,74,140,90,23,4
Mumbai,2024-04-03,169,272,326,78,31,0
Mumbai,2024-04-04,151,217,217,70,36,4
Mumbai,2024-04-05,158,61,352,99,24,1
Mumbai,2024-04-06,149,194,350,88,8,1
Mumbai,2024-04-07,125,266,157,63,30,1
Mumbai,2024-04-08,144,260,311,58,34,1
Mumbai,2024-04-09,133,153,115,51,30,2
Mumbai,2024-04-10,128,235,128,70,20,3
Mumbai,2024-04-11,130,203,86,24,30,0
Mumbai,2024-04-12,174,160,397,37,14,1
Mumbai,2024-04-13,167,184,359,64,29,3
Mumbai,2024-04-14,120,100,216,49,39,3
Mumbai,2024-04-15,165,175,144,31,15,3
Mumbai,2024-04-16,148,120,172,92,29,0
Mumbai,2024-04-17,163,211,205,44,6,0
Mumbai,2024-04-18,137,280,89,65,40,2
Mumbai,2024-04-19,127,268,113,24,41,1
Mumbai,2024-04-20,178,73,101,31,5,1
Mumbai,2024-04-21,161,105,87,44,20,2
Mumbai,2024-04-22,143,99,345,61,19,1
Mumbai,2024-04-23,175,198,218,28,29,4
Mumbai,2024-04-24,157,271,380,49,24,1
Mumbai,2024-04-25,174,293,357,37,9,2
Mumbai,2024-04-26,142,123,95,54,29,0
Mumbai,2024-04-27,134,76,107,38,49,2
Mumbai,2024-04-28,124,239,181,45,46,1
Mumbai,2024-04-29,151,193,284,72,16,4
Mumbai,2024-04-30,161,294,383,36,35,3
Mumbai,2024-05-01,155,192,256,63,25,2
Mumbai,2024-05-02,178,203,301,53,9,3
Mumbai,2024-05-03,145,65,294,97,42,4
Mumbai,2024-05-04,168,141,220,29,28,0
Mumbai,2024-05-05,160,235,215,71,32,3
Mumbai,2024-05-06,164,286,190,55,18,3
Mumbai,2024-05-07,146,149,118,63,38,2
Mumbai,2024-05-08,126,231,265,57,19,3
Mumbai,2024-05-09,170,78,157,66,21,0
Mumbai,2024-05-10,135,139,371,88,48,0
Mumbai,2024-05-11,128,212,228,29,10,4
Mumbai,2024-05-12,132,167,278,75,43,1
Mumbai,2024-05-13,169,147,213,92,26,1
Mumbai,2024-05-14,129,68,101,46,48,3
Mumbai,2024-05-15,175,131,215,57,46,3
Mumbai,2024-05-16,176,190,244,52,5,2
Mumbai,2024-05-17,164,99,344,75,28,0
Mumbai,2024-05-18,161,244,277,84,36,4
Mumbai,2024-05-19,155,157,96,54,21,4
Mumbai,2024-05-20,133,191,161,47,31,4
Mumbai,2024-05-21,121,143,141,53,44,3
Mumbai,2024-05-22,122,72,252,92,5,3
Mumbai,2024-05-23,171,203,298,89,28,3
Mumbai,2024-05-24,131,172,353,96,14,4
Mumbai,2024-05-25,175,76,341,50,7,1
Mumbai,2024-05-26,162,257,123,71,34,2
Mumbai,2024-05-27,147,156,306,46,37,0
Mumbai,2024-05-28,165,159,266,49,29,0
Mumbai,2024-05-29,133,250,301,97,44,0
Mumbai,2024-05-30,178,147,226,43,10,2
Mumbai,2024-05-31,146,166,289,95,15,0
Mumbai,2024-06-01,112,168,291,23,28,4
Mumbai,2024-06-02,156,186,102,51,38,1
Mumbai,2024-06-03,117,246,347,99,44,3
Mumbai,2024-06-04,105,179,373,50,15,1
Mumbai,2024-06-05,107,138,256,99,6,0
Mumbai,2024-06-06,152,286,211,74,5,4
Mumbai,2024-06-07,133,109,329,93,45,4
Mumbai,2024-06-08,132,222,269,28,36,3
Mumbai,2024-06-09,144,92,271,97,28,3
Mumbai,2024-06-10,153,265,294,53,14,2
Mumbai,2024-06-11,157,241,156,67,7,3
Mumbai,2024-06-12,120,280,217,26,38,2
Mumbai,2024-06-13,151,65,199,25,7,0
Mumbai,2024-06-14,124,85,357,70,30,3
Mumbai,2024-06-15,131,222,96,22,40,3
Mumbai,2024-06-16,112,50,93,91,11,4
Mumbai,2024-06-17,113,173,198,58,34,4
Mumbai,2024-06-18,140,81,217,34,13,1
Mumbai,2024-06-19,103,91,374,29,45,1
Mumbai,2024-06-20,140,283,216,30,9,1
Mumbai,2024-06-21,119,81,395,89,22,0
Mumbai,2024-06-22,134,194,269,40,9,0
Mumbai,2024-06-23,152,194,85,22,14,4
Mumbai,2024-06-24,159,127,201,31,35,3
Mumbai,2024-06-25,152,291,230,30,46,0
Mumbai,2024-06-26,123,281,140,78,35,0
Mumbai,2024-06-27,114,228,103,76,26,3
Mumbai,2024-06-28,111,209,253,26,34,4
Mumbai,2024-06-29,157,226,369,47,10,4
Mumbai,2024-06-30,135,124,119,93,26,4
Mumbai,2024-07-01,101,76,381,84,30,1
Mumbai,2024-07-02,105,163,335,67,36,3
Mumbai,2024-07-03,127,243,146,45,46,4
Mumbai,2024-07-04,118,190,394,20,11,2
Mumbai,2024-07-05,147,194,92,41,27,4
Mumbai,2024-07-06,118,275,286,57,13,1
Mumbai,2024-07-07,131,276,320,45,11,3
Mumbai,2024-07-08,148,160,352,95,40,1
Mumbai,2024-07-09,114,129,176,40,8,2
Mumbai,2024-07-10,155,236,254,57,46,3
Mumbai,2024-07-11,153,181,331,68,22,1
Mumbai,2024-07-12,101,84,309,32,48,2
Mumbai,2024-07-13,123,199,219,91,9,2
Mumbai,2024-07-14,133,115,328,73,26,0
Mumbai,2024-07-15,105,192,320,23,8,2
Mumbai,2024-07-16,139,154,362,88,48,1
Mumbai,2024-07-17,123,101,269,98,11,1
Mumbai,2024-07-18,113,286,337,82,18,1
Mumbai,2024-07-19,143,295,307,50,39,1
Mumbai,2024-07-20,109,62,227,24,49,1
Mumbai,2024-07-21,104,256,202,95,13,0
Mumbai,2024-07-22,130,189,226,87,48,2
Mumbai,2024-07-23,121,295,237,39,45,1
Mumbai,2024-07-24,143,211,323,36,31,3
Mumbai,2024-07-25,136,233,208,20,5,4
Mumbai,2024-07-26,110,185,232,93,11,2
Mumbai,2024-07-27,102,201,112,44,35,3
Mumbai,2024-07-28,159,183,297,43,47,2
Mumbai,2024-07-29,145,279,269,63,13,0
Mumbai,2024-07-30,122,197,313,69,23,0
Mumbai,2024-07-31,155,195,374,39,6,3
Mumbai,2024-08-01,125,247,135,59,11,0
Mumbai,2024-08-02,153,191,281,53,30,4
Mumbai,2024-08-03,138,271,122,60,33,2
Mumbai,2024-08-04,153,119,373,88,23,2
Mumbai,2024-08-05,121,123,315,76,35,1
Mumbai,2024-08-06,103,252,364,24,13,3
Mumbai,2024-08-07,149,214,371,39,30,1
Mumbai,2024-08-08,158,294,91,31,49,2
Mumbai,2024-08-09,116,242,398,28,15,1
Mumbai,2024-08-10,109,279,240,91,40,4
Mumbai,2024-08-11,111,101,181,80,30,4
Mumbai,2024-08-12,108,217,109,33,24,2
Mumbai,2024-08-13,116,177,82,94,35,3
Mumbai,2024-08-14,114,186,98,23,7,1
Mumbai,2024-08-15,117,217,339,40,27,3
Mumbai,2024-08-16,127,219,342,76,31,3
Mumbai,2024-08-17,131,138,98,40,47,0
Mumbai,2024-08-18,153,158,260,53,45,1
Mumbai,2024-08-19,151,231,227,90,39,4
Mumbai,2024-08-20,108,272,319,61,28,0
Mumbai,2024-08-21,126,115,343,33,31,3
Mumbai,2024-08-22,131,146,337,34,37,3
Mumbai,2024-08-23,102,253,253,92,27,0
Mumbai,2024-08-24,144,225,125,68,47,1
Mumbai,2024-08-25,151,251,374,76,22,2
Mumbai,2024-08-26,131,154,197,66,12,2
Mumbai,2024-08-27,135,260,380,63,19,4
Mumbai,2024-08-28,141,170,239,26,28,3
Mumbai,2024-08-29,101,259,324,72,25,1
Mumbai,2024-08-30,103,61,283,65,34,3
Mumbai,2024-08-31,131,128,236,72,36,2
Mumbai,2024-09-01,171,241,332,39,8,2
Mumbai,2024-09-02,175,151,329,82,29,3
Mumbai,2024-09-03,159,287,92,44,17,1
Mumbai,2024-09-04,155,233,324,61,39,3
Mumbai,2024-09-05,160,141,359,97,24,4
Mumbai,2024-09-06,126,199,140,76,31,2
Mumbai,2024-09-07,153,222,345,54,14,2
Mumbai,2024-09-08,158,158,184,73,49,0
Mumbai,2024-09-09,139,68,297,32,19,0
Mumbai,2024-09-10,150,98,287,73,31,4
Mumbai,2024-09-11,124,122,187,48,23,0
Mumbai,2024-09-12,147,278,246,28,11,2
Mumbai,2024-09-13,164,108,99,47,29,1
Mumbai,2024-09-14,159,219,307,85,15,1
Mumbai,2024-09-15,161,151,244,51,41,1
Mumbai,2024-09-16,147,241,183,46,31,1
Mumbai,2024-09-17,123,53,371,77,15,1
Mumbai,2024-09-18,172,155,187,57,26,4
Mumbai,2024-09-19,121,85,101,46,47,3
Mumbai,2024-09-20,137,176,138,38,17,1
Mumbai,2024-09-21,150,65,374,95,47,1
Mumbai,2024-09-22,165,196,260,40,6,1
Mumbai,2024-09-23,124,61,343,20,22,1
Mumbai,2024-09-24,126,63,93,82,35,3
Mumbai,2024-09-25,129,141,108,73,41,4
Mumbai,2024-09-26,179,180,215,95,49,4
Mumbai,2024-09-27,141,112,160,96,38,3
Mumbai,2024-09-28,177,138,179,98,43,1
Mumbai,2024-09-29,149,91,339,54,24,3
Mumbai,2024-09-30,161,192,250,33,6,2
Mumbai,2024-10-01,138,296,214,51,23,0
Mumbai,2024-10-02,153,273,248,28,34,4
Mumbai,2024-10-03,159,122,319,52,13,4
Mumbai,2024-10-04,164,156,114,72,12,0
Mumbai,2024-10-05,135,191,136,62,13,4
Mumbai,2024-10-06,148,111,90,70,37,1
Mumbai,2024-10-07,171,126,263,42,30,1
Mumbai,2024-10-08,154,96,115,24,8,2
Mumbai,2024-10-09,120,97,372,44,23,2
Mumbai,2024-10-10,123,254,201,82,41,2
Mumbai,2024-10-11,150,88,236,64,23,0
Mumbai,2024-10-12,169,84,181,80,33,3
Mumbai,2024-10-13,143,126,113,77,28,3
Mumbai,2024-10-14,152,82,86,90,9,1
Mumbai,2024-10-15,146,228,280,36,38,1
Mumbai,2024-10-16,154,100,361,80,24,0
Mumbai,2024-10-17,150,120,300,85,39,0
Mumbai,2024-10-18,175,278,183,41,14,0
Mumbai,2024-10-19,176,110,216,72,11,3
Mumbai,2024-10-20,143,103,320,64,9,0
Mumbai,2024-10-21,165,290,228,41,33,4
Mumbai,2024-10-22,170,134,392,52,36,0
Mumbai,2024-10-23,164,126,179,25,8,1
Mumbai,2024-10-24,136,153,354,83,42,2
Mumbai,2024-10-25,147,222,193,99,11,3
Mumbai,2024-10-26,128,260,166,40,13,3
Mumbai,2024-10-27,144,298,202,84,6,2
Mumbai,2024-10-28,150,285,119,96,10,0
Mumbai,2024-10-29,149,113,158,74,36,0
Mumbai,2024-10-30,173,209,120,35,35,0
Mumbai,2024-10-31,122,298,202,29,31,1
Mumbai,2024-11-01,170,195,150,53,27,3
Mumbai,2024-11-02,190,281,150,92,20,0
Mumbai,2024-11-03,192,132,383,28,28,2
Mumbai,2024-11-04,190,170,279,62,34,3
Mumbai,2024-11-05,173,95,320,76,10,4
Mumbai,2024-11-06,217,218,308,32,31,0
Mumbai,2024-11-07,219,176,390,29,48,2
Mumbai,2024-11-08,223,253,180,42,45,3
Mumbai,2024-11-09,191,298,399,21,16,1
Mumbai,2024-11-10,179,273,313,65,34,0
Mumbai,2024-11-11,178,87,143,44,46,4
Mumbai,2024-11-12,210,225,354,80,36,4
Mumbai,2024-11-13,214,179,110,75,12,2
Mumbai,2024-11-14,183,115,221,85,19,0
Mumbai,2024-11-15,215,139,116,64,19,3
Mumbai,2024-11-16,217,114,228,35,30,3
Mumbai,2024-11-17,213,290,261,73,26,2
Mumbai,2024-11-18,191,149,138,44,33,1
Mumbai,2024-11-19,216,200,292,61,8,1
Mumbai,2024-11-20,207,62,155,92,37,3
Mumbai,2024-11-21,219,60,364,47,35,1
Mumbai,2024-11-22,196,164,227,52,14,2
Mumbai,2024-11-23,186,184,113,55,34,3
Mumbai,2024-11-24,214,151,104,63,28,1
Mumbai,2024-11-25,204,235,86,31,36,4
Mumbai,2024-11-26,182,181,305,45,32,0
Mumbai,2024-11-27,202,111,267,90,6,4
Mumbai,2024-11-28,189,196,308,35,40,2
Mumbai,2024-11-29,216,139,106,98,41,1
Mumbai,2024-11-30,172,149,82,41,17,4
Mumbai,2024-12-01,190,54,382,43,30,4
Mumbai,2024-12-02,204,275,274,83,17,1
Mumbai,2024-12-03,213,97,237,42,32,1
Mumbai,2024-12-04,215,184,379,53,42,4
Mumbai,2024-12-05,217,296,334,39,12,0
Mumbai,2024-12-06,210,157,307,73,15,3
Mumbai,2024-12-07,205,76,116,59,7,2
Mumbai,2024-12-08,185,131,366,37,35,1
Mumbai,2024-12-09,173,209,260,71,8,4
Mumbai,2024-12-10,173,198,358,73,12,3
Mumbai,2024-12-11,208,244,200,82,7,0
Mumbai,2024-12-12,227,155,168,69,8,3
Mumbai,2024-12-13,202,205,207,57,8,1
Mumbai,2024-12-14,171,257,362,62,26,2
Mumbai,2024-12-15,197,243,325,48,31,1
Mumbai,2024-12-16,188,161,257,89,40,0
Mumbai,2024-12-17,204,175,216,78,9,4
Mumbai,2024-12-18,183,248,132,26,26,4
Mumbai,2024-12-19,172,139,350,79,41,1
Mumbai,2024-12-20,226,209,152,22,15,4
Mumbai,2024-12-21,174,114,173,33,11,2
Mumbai,2024-12-22,222,159,145,68,20,3
Mumbai,2024-12-23,228,131,339,42,10,2
Mumbai,2024-12-24,203,179,92,66,23,0
Mumbai,2024-12-25,206,121,275,98,39,0
Mumbai,2024-12-26,226,81,331,89,36,3
Mumbai,2024-12-27,176,244,193,22,18,0
Mumbai,2024-12-28,207,249,150,60,38,3
Mumbai,2024-12-29,170,86,354,94,21,4
Mumbai,2024-12-30,198,218,181,50,43,1
Mumbai,2024-12-31,221,108,143,37,11,4
Bengaluru,2019-01-01,156,184,191,33,8,3
Bengaluru,2019-01-02,175,137,317,67,43,0
Bengaluru,2019-01-03,175,207,268,46,18,0
Bengaluru,2019-01-04,175,256,148,44,10,1
Bengaluru,2019-01-05,147,266,333,34,19,1
Bengaluru,2019-01-06,140,91,386,43,18,4
Bengaluru,2019-01-07,189,180,369,32,20,1
Bengaluru,2019-01-08,165,90,243,91,32,2
Bengaluru,2019-01-09,148,253,101,73,40,1
Bengaluru,2019-01-10,148,202,375,60,42,1
Bengaluru,2019-01-11,176,289,146,74,30,1
Bengaluru,2019-01-12,160,125,114,78,22,4
Bengaluru,2019-01-13,153,297,160,64,29,4
Bengaluru,2019-01-14,196,116,393,26,48,4
Bengaluru,2019-01-15,172,106,364,81,45,4
Bengaluru,2019-01-16,173,188,206,91,5,1
Bengaluru,2019-01-17,193,88,356,91,28,2
Bengaluru,2019-01-18,180,123,269,41,43,4
Bengaluru,2019-01-19,184,148,324,54,44,2
Bengaluru,2019-01-20,196,152,294,38,34,2
Bengaluru,2019-01-21,150,236,343,86,25,0
Bengaluru,2019-01-22,185,158,233,65,29,1
Bengaluru,2019-01-23,176,217,280,30,14,0
Bengaluru,2019-01-24,197,231,189,75,38,3
Bengaluru,2019-01-25,154,137,381,28,19,0
Bengaluru,2019-01-26,162,221,300,69,36,3
Bengaluru,2019-01-27,173,199,116,75,39,1
Bengaluru,2019-01-28,199,52,257,44,11,4
Bengaluru,2019-01-29,187,93,276,47,44,4
Bengaluru,2019-01-30,151,183,136,74,20,2
Bengaluru,2019-01-31,144,145,195,56,23,2
Bengaluru,2019-02-01,139,293,366,58,47,2
Bengaluru,2019-02-02,130,259,241,51,24,1
Bengaluru,2019-02-03,147,68,336,54,31,0
Bengaluru,2019-02-04,95,216,129,23,24,2
Bengaluru,2019-02-05,125,286,195,76,18,0
Bengaluru,2019-02-06,131,276,362,47,14,4
Bengaluru,2019-02-07,109,95,177,84,27,0
Bengaluru,2019-02-08,127,60,128,37,23,2
Bengaluru,2019-02-09,109,90,98,58,10,0
Bengaluru,2019-02-10,91,262,242,43,8,0
Bengaluru,2019-02-11,132,167,304,34,45,4
Bengaluru,2019-02-12,106,239,86,47,8,0
Bengaluru,2019-02-13,131,68,115,94,39,4
Bengaluru,2019-02-14,127,117,387,58,27,2
Bengaluru,2019-02-15,128,137,362,41,34,1
Bengaluru,2019-02-16,110,258,280,48,22,1
Bengaluru,2019-02-17,127,145,314,40,46,2
Bengaluru,2019-02-18,108,244,375,54,23,3
Bengaluru,2019-02-19,105,115,88,51,29,3
Bengaluru,2019-02-20,122,129,317,69,33,0
Bengaluru,2019-02-21,136,198,350,31,45,2
Bengaluru,2019-02-22,130,280,84,53,33,1
Bengaluru,2019-02-23,146,163,184,99,26,1
Bengaluru,2019-02-24,121,82,111,74,41,3
Bengaluru,2019-02-25,126,166,201,46,33,2
Bengaluru,2019-02-26,125,267,161,45,47,4
Bengaluru,2019-02-27,90,294,327,31,37,3
Bengaluru,2019-02-28,140,220,386,97,23,3
Bengaluru,2019-03-01,110,177,176,61,30,0
Bengaluru,2019-03-02,148,207,235,43,35,3
Bengaluru,2019-03-03,101,110,334,27,36,4
Bengaluru,2019-03-04,112,80,370,65,27,2
Bengaluru,2019-03-05,147,231,100,74,35,0
Bengaluru,2019-03-06,103,195,99,32,46,2
Bengaluru,2019-03-07,124,215,368,59,20,0
Bengaluru,2019-03-08,105,288,380,95,28,2
Bengaluru,2019-03-09,104,64,147,32,22,4
Bengaluru,2019-03-10,129,68,356,82,34,4
Bengaluru,2019-03-11,104,142,191,42,28,1
Bengaluru,2019-03-12,123,62,164,51,46,2
Bengaluru,2019-03-13,90,256,166,48,7,1
Bengaluru,2019-03-14,123,264,288,33,34,0
Bengaluru,2019-03-15,95,190,185,70,22,4
Bengaluru,2019-03-16,110,57,293,43,30,0
Bengaluru,2019-03-17,103,61,378,98,34,0
Bengaluru,2019-03-18,111,136,382,89,49,1
Bengaluru,2019-03-19,146,100,215,29,34,0
Bengaluru,2019-03-20,106,66,350,84,42,0
Bengaluru,2019-03-21,121,203,211,21,49,0
Bengaluru,2019-03-22,139,106,141,23,33,2
Bengaluru,2019-03-23,90,261,321,95,46,3
Bengaluru,2019-03-24,147,218,125,23,45,1
Bengaluru,2019-03-25,129,161,93,33,12,1
Bengaluru,2019-03-26,128,266,234,70,37,1
Bengaluru,2019-03-27,95,266,160,72,45,4
Bengaluru,2019-03-28,117,216,212,69,24,3
Bengaluru,2019-03-29,143,50,119,86,20,2
Bengaluru,2019-03-30,113,198,187,64,45,1
Bengaluru,2019-03-31,149,270,258,31,19,2
Bengaluru,2019-04-01,117,265,166,49,17,4
Bengaluru,2019-04-02,139,112,340,98,28,4
Bengaluru,2019-04-03,101,198,328,41,22,2
Bengaluru,2019-04-04,108,202,94,43,7,0
Bengaluru,2019-04-05,124,270,155,45,48,3
Bengaluru,2019-04-06,146,157,201,99,28,4
Bengaluru,2019-04-07,133,295,250,60,42,1
Bengaluru,2019-04-08,94,181,242,59,27,1
Bengaluru,2019-04-09,124,269,92,97,11,0
Bengaluru,2019-04-10,142,203,330,72,34,1
Bengaluru,2019-04-11,116,135,138,77,37,4
Bengaluru,2019-04-12,117,96,209,43,37,1
Bengaluru,2019-04-13,99,235,269,57,23,4
Bengaluru,2019-04-14,110,225,215,97,41,0
Bengaluru,2019-04-15,137,51,155,54,16,4
Bengaluru,2019-04-16,144,82,201,38,35,1
Bengaluru,2019-04-17,106,84,83,95,6,2
Bengaluru,2019-04-18,128,75,359,35,37,0
Bengaluru,2019-04-19,139,214,371,30,39,4
Bengaluru,2019-04-20,114,69,246,92,29,4
Bengaluru,2019-04-21,127,97,124,61,40,1
Bengaluru,2019-04-22,110,73,156,36,11,1
Bengaluru,2019-04-23,131,244,99,86,29,4
Bengaluru,2019-04-24,143,283,153,62,35,0
Bengaluru,2019-04-25,99,120,247,73,42,1
Bengaluru,2019-04-26,138,167,350,26,19,1
Bengaluru,2019-04-27,92,207,340,38,47,3
Bengaluru,2019-04-28,117,127,249,49,36,4
Bengaluru,2019-04-29,125,288,255,22,17,0
Bengaluru,2019-04-30,123,71,259,20,49,0
Bengaluru,2019-05-01,106,202,332,87,39,0
Bengaluru,2019-05-02,128,207,322,98,10,4
Bengaluru,2019-05-03,95,274,251,26,33,4
Bengaluru,2019-05-04,98,249,227,80,13,2
Bengaluru,2019-05-05,131,234,246,60,49,4
Bengaluru,2019-05-06,144,190,285,57,49,3
Bengaluru,2019-05-07,125,98,207,93,15,0
Bengaluru,2019-05-08,135,142,147,94,26,1
Bengaluru,2019-05-09,127,138,222,48,29,4
Bengaluru,2019-05-10,96,78,212,28,42,4
Bengaluru,2019-05-11,125,157,320,37,30,0
Bengaluru,2019-05-12,95,112,324,79,42,2
Bengaluru,2019-05-13,144,224,161,83,49,2
Bengaluru,2019-05-14,92,144,262,70,22,4
Bengaluru,2019-05-15,134,96,179,52,45,0
Bengaluru,2019-05-16,112,72,351,67,32,3
Bengaluru,2019-05-17,111,80,107,53,45,3
Bengaluru,2019-05-18,131,247,87,22,41,1
Bengaluru,2019-05-19,107,110,138,78,5,2
Bengaluru,2019-05-20,142,243,351,38,31,4
Bengaluru,2019-05-21,118,203,157,56,41,0
Bengaluru,2019-05-22,120,163,157,24,31,3
Bengaluru,2019-05-23,120,65,136,88,6,2
Bengaluru,2019-05-24,148,161,236,94,21,2
Bengaluru,2019-05-25,99,266,285,31,16,1
Bengaluru,2019-05-26,127,182,385,30,44,4
Bengaluru,2019-05-27,113,180,328,45,30,1
Bengaluru,2019-05-28,128,204,138,99,22,3
Bengaluru,2019-05-29,113,79,89,62,45,2
Bengaluru,2019-05-30,93,268,276,77,15,0
Bengaluru,2019-05-31,132,109,161,43,32,1
Bengaluru,2019-06-01,97,251,213,22,9,1
Bengaluru,2019-06-02,93,67,253,50,48,0
Bengaluru,2019-06-03,111,143,106,79,15,3
Bengaluru,2019-06-04,120,265,125,63,36,0
Bengaluru,2019-06-05,96,247,218,65,38,4
Bengaluru,2019-06-06,100,106,209,94,42,3
Bengaluru,2019-06-07,90,148,366,24,43,1
Bengaluru,2019-06-08,110,153,382,40,31,0
Bengaluru,2019-06-09,83,271,225,86,43,0
Bengaluru,2019-06-10,120,51,370,44,49,4
Bengaluru,2019-06-11,77,178,278,67,42,2
Bengaluru,2019-06-12,114,79,87,90,10,4
Bengaluru,2019-06-13,79,160,343,39,45,1
Bengaluru,2019-06-14,87,68,167,51,13,1
Bengaluru,2019-06-15,77,151,154,63,24,4
Bengaluru,2019-06-16,103,207,243,82,13,0
Bengaluru,2019-06-17,125,178,116,53,48,2
Bengaluru,2019-06-18,113,298,292,31,45,1
Bengaluru,2019-06-19,115,122,388,82,46,4
Bengaluru,2019-06-20,78,246,246,49,17,2
Bengaluru,2019-06-21,98,69,132,20,26,2
Bengaluru,2019-06-22,88,295,103,35,21,0
Bengaluru,2019-06-23,129,217,105,81,14,0
Bengaluru,2019-06-24,89,265,312,92,34,0
Bengaluru,2019-06-25,71,271,233,29,35,2
Bengaluru,2019-06-26,97,182,358,86,46,3
Bengaluru,2019-06-27,105,202,256,31,28,3
Bengaluru,2019-06-28,103,169,184,20,11,3
Bengaluru,2019-06-29,106,227,380,72,20,4
Bengaluru,2019-06-30,124,123,380,93,38,3
Bengaluru,2019-07-01,96,212,157,33,21,3
Bengaluru,2019-07-02,95,100,136,32,9,1
Bengaluru,2019-07-03,105,103,288,35,23,3
Bengaluru,2019-07-04,73,156,123,37,42,4
Bengaluru,2019-07-05,117,150,174,28,48,2
Bengaluru,2019-07-06,104,195,305,98,19,2
Bengaluru,2019-07-07,112,107,250,47,27,0
Bengaluru,2019-07-08,83,116,122,41,8,0
Bengaluru,2019-07-09,80,199,222,74,25,4
Bengaluru,2019-07-10,84,275,144,65,45,1
Bengaluru,2019-07-11,102,290,237,99,31,1
Bengaluru,2019-07-12,122,225,374,97,5,2
Bengaluru,2019-07-13,101,233,181,99,40,4
Bengaluru,2019-07-14,112,140,207,43,23,0
Bengaluru,2019-07-15,113,155,310,63,32,3
Bengaluru,2019-07-16,107,77,182,72,6,0
Bengaluru,2019-07-17,101,265,341,83,17,2
Bengaluru,2019-07-18,82,254,126,32,43,4
Bengaluru,2019-07-19,74,276,293,77,37,1
Bengaluru,2019-07-20,107,172,337,87,24,2
Bengaluru,2019-07-21,78,221,278,62,9,4
Bengaluru,2019-07-22,78,114,143,78,43,2
Bengaluru,2019-07-23,80,87,322,80,14,1
Bengaluru,2019-07-24,85,168,350,41,37,1
Bengaluru,2019-07-25,80,254,114,52,30,4
Bengaluru,2019-07-26,103,237,374,53,8,4
Bengaluru,2019-07-27,123,267,196,93,39,1
Bengaluru,2019-07-28,127,134,331,49,43,1
Bengaluru,2019-07-29,97,152,294,35,25,4
Bengaluru,2019-07-30,129,51,300,63,6,1
Bengaluru,2019-07-31,111,137,215,22,47,4
Bengaluru,2019-08-01,124,60,389,64,48,3
Bengaluru,2019-08-02,128,123,178,26,41,4
Bengaluru,2019-08-03,91,225,336,26,15,2
Bengaluru,2019-08-04,125,52,106,53,27,2
Bengaluru,2019-08-05,128,184,297,50,33,1
Bengaluru,2019-08-06,108,60,82,49,47,2
Bengaluru,2019-08-07,70,201,270,42,9,1
Bengaluru,2019-08-08,118,244,353,32,23,3
Bengaluru,2019-08-09,128,207,224,50,19,4
Bengaluru,2019-08-10,91,191,322,32,12,2
Bengaluru,2019-08-11,81,71,157,76,26,3
Bengaluru,2019-08-12,85,241,220,89,9,4
Bengaluru,2019-08-13,115,242,272,20,10,2
Bengaluru,2019-08-14,79,54,211,59,24,3
Bengaluru,2019-08-15,81,222,315,24,43,1
Bengaluru,2019-08-16,99,159,195,51,39,4
Bengaluru,2019-08-17,113,93,94,86,25,3
Bengaluru,2019-08-18,98,122,317,72,28,4
Bengaluru,2019-08-19,126,203,80,85,30,4
Bengaluru,2019-08-20,108,225,232,57,29,3
Bengaluru,2019-08-21,96,196,362,84,44,1
Bengaluru,2019-08-22,102,258,261,67,36,4
Bengaluru,2019-08-23,77,112,352,65,46,0
Bengaluru,2019-08-24,84,232,278,36,39,0
Bengaluru,2019-08-25,106,151,139,47,32,0
Bengaluru,2019-08-26,118,61,254,32,5,0
Bengaluru,2019-08-27,80,67,193,37,21,0
Bengaluru,2019-08-28,116,269,243,71,23,3
Bengaluru,2019-08-29,94,139,247,29,46,3
Bengaluru,2019-08-30,116,165,80,49,48,2
Bengaluru,2019-08-31,87,151,211,90,46,1
Bengaluru,2019-09-01,133,78,180,37,17,0
Bengaluru,2019-09-02,117,210,342,98,8,3
Bengaluru,2019-09-03,148,127,129,54,6,4
Bengaluru,2019-09-04,91,265,121,20,20,1
Bengaluru,2019-09-05,93,84,188,68,41,4
Bengaluru,2019-09-06,112,80,390,42,41,0
Bengaluru,2019-09-07,147,219,369,98,28,2
Bengaluru,2019-09-08,104,204,209,96,19,1
Bengaluru,2019-09-09,118,102,94,45,16,3
Bengaluru,2019-09-10,117,247,354,91,35,2
Bengaluru,2019-09-11,143,152,313,52,44,4
Bengaluru,2019-09-12,118,84,286,34,34,2
Bengaluru,2019-09-13,99,191,331,30,28,4
Bengaluru,2019-09-14,95,175,109,21,6,1
Bengaluru,2019-09-15,108,124,113,29,32,1
Bengaluru,2019-09-16,113,239,101,88,46,4
Bengaluru,2019-09-17,116,139,220,57,49,0
Bengaluru,2019-09-18,107,58,219,58,49,3
Bengaluru,2019-09-19,129,276,201,73,47,0
Bengaluru,2019-09-20,102,140,146,68,35,1
Bengaluru,2019-09-21,94,86,386,58,41,1
Bengaluru,2019-09-22,117,76,331,48,14,3
Bengaluru,2019-09-23,124,286,260,90,22,4
Bengaluru,2019-09-24,129,154,367,77,39,1
Bengaluru,2019-09-25,143,149,376,42,29,4
Bengaluru,2019-09-26,108,265,318,64,46,4
Bengaluru,2019-09-27,107,284,200,87,38,0
Bengaluru,2019-09-28,125,148,216,81,42,0
Bengaluru,2019-09-29,106,83,109,40,7,4
Bengaluru,2019-09-30,100,63,222,22,25,3
Bengaluru,2019-10-01,121,160,291,60,28,1
Bengaluru,2019-10-02,115,122,266,90,49,2
Bengaluru,2019-10-03,147,175,367,29,12,0
Bengaluru,2019-10-04,140,278,173,95,31,4
Bengaluru,2019-10-05,100,190,189,43,36,4
Bengaluru,2019-10-06,111,121,279,56,40,1
Bengaluru,2019-10-07,92,78,136,21,41,4
Bengaluru,2019-10-08,111,286,186,78,13,0
Bengaluru,2019-10-09,128,278,96,38,29,0
Bengaluru,2019-10-10,129,278,209,69,45,0
Bengaluru,2019-10-11,109,158,169,38,33,3
Bengaluru,2019-10-12,127,259,184,50,44,2
Bengaluru,2019-10-13,144,267,278,27,5,3
Bengaluru,2019-10-14,119,133,159,28,19,0
Bengaluru,2019-10-15,128,148,180,38,17,2
Bengaluru,2019-10-16,141,80,324,66,28,0
Bengaluru,2019-10-17,140,51,277,58,9,0
Bengaluru,2019-10-18,103,70,97,81,7,3
Bengaluru,2019-10-19,126,216,360,38,10,3
Bengaluru,2019-10-20,110,57,212,79,48,1
Bengaluru,2019-10-21,133,231,207,45,27,4
Bengaluru,2019-10-22,94,263,129,32,29,3
Bengaluru,2019-10-23,133,99,367,35,12,0
Bengaluru,2019-10-24,148,133,154,32,37,0
Bengaluru,2019-10-25,96,138,220,33,25,2
Bengaluru,2019-10-26,142,265,368,51,43,3
Bengaluru,2019-10-27,92,124,111,59,6,4
Bengaluru,2019-10-28,124,104,315,31,42,1
Bengaluru,2019-10-29,102,250,135,71,35,4
Bengaluru,2019-10-30,138,137,156,85,48,0
Bengaluru,2019-10-31,97,76,129,96,48,0
Bengaluru,2019-11-01,183,265,126,95,26,1
Bengaluru,2019-11-02,164,51,286,52,37,1
Bengaluru,2019-11-03,163,65,141,60,20,1
Bengaluru,2019-11-04,179,97,379,43,23,1
Bengaluru,2019-11-05,142,286,168,36,12,3
Bengaluru,2019-11-06,169,168,110,22,8,0
Bengaluru,2019-11-07,166,66,99,92,27,3
Bengaluru,2019-11-08,194,54,305,93,42,3
Bengaluru,2019-11-09,192,50,108,97,15,3
Bengaluru,2019-11-10,146,186,168,43,27,4
Bengaluru,2019-11-11,152,67,164,34,42,0
Bengaluru,2019-11-12,152,194,341,76,45,4
Bengaluru,2019-11-13,179,278,158,96,42,2
Bengaluru,2019-11-14,166,144,233,42,10,2
Bengaluru,2019-11-15,187,62,234,63,39,4
Bengaluru,2019-11-16,141,289,223,72,41,1
Bengaluru,2019-11-17,167,236,330,93,5,2
Bengaluru,2019-11-18,195,214,390,27,48,2
Bengaluru,2019-11-19,194,159,376,25,49,3
Bengaluru,2019-11-20,162,160,182,32,48,0
Bengaluru,2019-11-21,156,262,307,95,6,0
Bengaluru,2019-11-22,179,196,356,32,14,1
Bengaluru,2019-11-23,190,106,207,48,32,4
Bengaluru,2019-11-24,152,202,358,55,9,2
Bengaluru,2019-11-25,173,212,316,24,42,0
Bengaluru,2019-11-26,145,51,107,73,28,0
Bengaluru,2019-11-27,179,227,302,39,28,0
Bengaluru,2019-11-28,173,279,386,57,18,3
Bengaluru,2019-11-29,185,281,328,52,29,1
Bengaluru,2019-11-30,152,54,327,92,43,1
Bengaluru,2019-12-01,140,51,125,31,6,2
Bengaluru,2019-12-02,166,99,108,66,23,4
Bengaluru,2019-12-03,188,124,375,48,14,2
Bengaluru,2019-12-04,175,275,191,68,31,4
Bengaluru,2019-12-05,198,135,93,38,16,1
Bengaluru,2019-12-06,140,119,310,81,22,0
Bengaluru,2019-12-07,148,131,207,48,8,2
Bengaluru,2019-12-08,197,108,126,46,37,2
Bengaluru,2019-12-09,156,267,203,76,10,4
Bengaluru,2019-12-10,146,129,188,39,23,0
Bengaluru,2019-12-11,145,217,387,67,46,2
Bengaluru,2019-12-12,198,100,135,97,20,3
Bengaluru,2019-12-13,165,178,191,29,25,4
Bengaluru,2019-12-14,197,63,118,55,28,1
Bengaluru,2019-12-15,140,140,327,98,35,0
Bengaluru,2019-12-16,152,173,237,78,33,0
Bengaluru,2019-12-17,186,84,338,76,41,4
Bengaluru,2019-12-18,154,282,194,57,37,0
Bengaluru,2019-12-19,175,139,201,37,11,0
Bengaluru,2019-12-20,194,285,93,28,22,2
Bengaluru,2019-12-21,189,160,383,90,7,4
Bengaluru,2019-12-22,171,243,157,28,38,4
Bengaluru,2019-12-23,166,124,166,92,46,2
Bengaluru,2019-12-24,152,243,204,71,26,0
Bengaluru,2019-12-25,180,222,162,42,15,4
Bengaluru,2019-12-26,171,95,311,38,6,2
Bengaluru,2019-12-27,150,98,199,56,41,2
Bengaluru,2019-12-28,173,289,86,57,39,0
Bengaluru,2019-12-29,194,106,174,50,26,1
Bengaluru,2019-12-30,184,112,142,78,45,2
Bengaluru,2019-12-31,174,255,121,36,5,3
Bengaluru,2020-01-01,151,57,203,77,42,0
Bengaluru,2020-01-02,143,136,279,63,39,4
Bengaluru,2020-01-03,143,251,174,71,13,4
Bengaluru,2020-01-04,168,125,242,57,27,1
Bengaluru,2020-01-05,176,251,349,34,8,1
Bengaluru,2020-01-06,199,188,269,33,6,3
Bengaluru,2020-01-07,190,126,335,74,26,2
Bengaluru,2020-01-08,189,210,178,21,13,1
Bengaluru,2020-01-09,162,142,211,22,27,1
Bengaluru,2020-01-10,193,216,128,51,11,0
Bengaluru,2020-01-11,168,87,320,47,20,3
Bengaluru,2020-01-12,146,222,308,61,29,4
Bengaluru,2020-01-13,159,124,261,63,23,2
Bengaluru,2020-01-14,197,278,236,35,27,3
Bengaluru,2020-01-15,195,99,188,77,31,1
Bengaluru,2020-01-16,167,144,280,49,47,1
Bengaluru,2020-01-17,170,149,216,37,18,3
Bengaluru,2020-01-18,150,115,234,46,40,3
Bengaluru,2020-01-19,196,256,158,96,34,2
Bengaluru,2020-01-20,159,242,291,45,37,1
Bengaluru,2020-01-21,164,189,299,98,26,0
Bengaluru,2020-01-22,176,171,287,92,11,3
Bengaluru,2020-01-23,193,204,286,59,48,1
Bengaluru,2020-01-24,160,259,226,55,10,2
Bengaluru,2020-01-25,171,155,110,20,23,0
Bengaluru,2020-01-26,155,260,388,81,20,3
Bengaluru,2020-01-27,147,100,173,87,20,4
Bengaluru,2020-01-28,162,76,193,84,7,3
Bengaluru,2020-01-29,159,101,354,40,49,3
Bengaluru,2020-01-30,142,205,296,51,19,3
Bengaluru,2020-01-31,157,54,371,22,45,1
Bengaluru,2020-02-01,128,181,90,36,34,2
Bengaluru,2020-02-02,117,296,172,57,19,1
Bengaluru,2020-02-03,98,110,114,37,47,3
Bengaluru,2020-02-04,103,295,228,82,35,0
Bengaluru,2020-02-05,143,262,388,63,23,3
Bengaluru,2020-02-06,107,91,239,38,22,4
Bengaluru,2020-02-07,148,101,83,76,41,0
Bengaluru,2020-02-08,96,235,151,93,14,3
Bengaluru,2020-02-09,109,267,292,50,37,0
Bengaluru,2020-02-10,146,274,235,32,28,0
Bengaluru,2020-02-11,142,121,176,38,31,0
Bengaluru,2020-02-12,112,266,135,21,16,1
Bengaluru,2020-02-13,99,213,137,26,24,0
Bengaluru,2020-02-14,101,76,155,38,48,0
Bengaluru,2020-02-15,106,221,197,41,44,1
Bengaluru,2020-02-16,109,277,358,33,25,2
Bengaluru,2020-02-17,102,265,348,52,23,2
Bengaluru,2020-02-18,90,119,336,92,21,3
Bengaluru,2020-02-19,136,71,296,37,29,1
Bengaluru,2020-02-20,123,251,393,93,25,4
Bengaluru,2020-02-21,135,80,381,36,22,0
Bengaluru,2020-02-22,102,84,223,42,24,1
Bengaluru,2020-02-23,144,147,379,76,22,3
Bengaluru,2020-02-24,104,292,115,88,13,2
Bengaluru,2020-02-25,105,74,166,47,16,1
Bengaluru,2020-02-26,131,51,289,71,49,1
Bengaluru,2020-02-27,108,283,228,99,35,4
Bengaluru,2020-02-28,111,116,243,81,29,2
Bengaluru,2020-02-29,101,133,232,71,25,2
Bengaluru,2020-03-01,99,299,341,85,40,0
Bengaluru,2020-03-02,90,163,268,63,35,1
Bengaluru,2020-03-03,140,213,200,82,37,4
Bengaluru,2020-03-04,109,276,271,89,49,4
Bengaluru,2020-03-05,144,55,153,33,44,2
Bengaluru,2020-03-06,129,119,361,63,9,0
Bengaluru,2020-03-07,94,234,113,90,42,1
Bengaluru,2020-03-08,115,142,309,54,18,1
Bengaluru,2020-03-09,106,209,303,83,25,4
Bengaluru,2020-03-10,93,157,180,33,38,4
Bengaluru,2020-03-11,124,299,192,24,43,4
Bengaluru,2020-03-12,92,202,307,20,34,2
Bengaluru,2020-03-13,112,160,117,37,19,4
Bengaluru,2020-03-14,108,139,280,93,35,0
Bengaluru,2020-03-15,141,173,97,23,42,2
Bengaluru,2020-03-16,114,298,360,59,44,3
Bengaluru,2020-03-17,148,167,233,85,34,4
Bengaluru,2020-03-18,100,250,108,45,45,4
Bengaluru,2020-03-19,148,273,92,99,10,1
Bengaluru,2020-03-20,123,227,231,63,32,0
Bengaluru,2020-03-21,98,110,185,66,6,1
Bengaluru,2020-03-22,119,299,106,61,27,4
Bengaluru,2020-03-23,99,149,235,50,39,1
Bengaluru,2020-03-24,141,204,234,77,48,4
Bengaluru,2020-03-25,144,235,390,53,25,2
Bengaluru,2020-03-26,116,280,395,90,24,2
Bengaluru,2020-03-27,111,56,328,56,26,1
Bengaluru,2020-03-28,91,210,127,94,5,1
Bengaluru,2020-03-29,92,156,113,55,7,0
Bengaluru,2020-03-30,100,273,262,25,30,0
Bengaluru,2020-03-31,144,171,295,75,22,3
Bengaluru,2020-04-01,119,158,317,55,39,4
Bengaluru,2020-04-02,99,268,255,71,11,3
Bengaluru,2020-04-03,133,258,104,90,34,1
Bengaluru,2020-04-04,99,285,232,39,36,2
Bengaluru,2020-04-05,99,60,243,35,41,0
Bengaluru,2020-04-06,93,78,349,68,32,0
Bengaluru,2020-04-07,117,261,104,89,30,1
Bengaluru,2020-04-08,148,192,144,85,42,1
Bengaluru,2020-04-09,135,59,102,29,48,3
Bengaluru,2020-04-10,105,84,334,27,37,1
Bengaluru,2020-04-11,145,219,373,92,12,3
Bengaluru,2020-04-12,95,269,86,55,15,1
Bengaluru,2020-04-13,97,281,247,74,24,2
Bengaluru,2020-04-14,146,224,359,86,18,1
Bengaluru,2020-04-15,113,251,152,73,23,0
Bengaluru,2020-04-16,149,84,347,21,25,0
Bengaluru,2020-04-17,123,70,107,53,5,4
Bengaluru,2020-04-18,90,270,343,90,32,2
Bengaluru,2020-04-19,95,218,333,80,31,4
Bengaluru,2020-04-20,109,213,146,65,43,2
Bengaluru,2020-04-21,147,215,350,70,9,0
Bengaluru,2020-04-22,143,130,376,61,29,2
Bengaluru,2020-04-23,104,165,269,75,9,0
Bengaluru,2020-04-24,122,141,245,67,8,2
Bengaluru,2020-04-25,98,245,273,90,11,2
Bengaluru,2020-04-26,126,199,384,49,21,0
Bengaluru,2020-04-27,131,148,159,72,26,3
Bengaluru,2020-04-28,146,231,89,43,34,0
Bengaluru,2020-04-29,138,138,221,33,37,4
Bengaluru,2020-04-30,144,273,350,55,46,1
Bengaluru,2020-05-01,108,203,156,89,9,2
Bengaluru,2020-05-02,124,257,254,60,15,2
Bengaluru,2020-05-03,136,137,378,44,47,4
Bengaluru,2020-05-04,136,120,271,99,24,2
Bengaluru,2020-05-05,92,85,349,26,22,2
Bengaluru,2020-05-06,113,145,156,29,42,3
Bengaluru,2020-05-07,141,143,316,23,32,3
Bengaluru,2020-05-08,140,176,138,43,37,2
Bengaluru,2020-05-09,108,68,107,87,49,2
Bengaluru,2020-05-10,102,137,219,39,38,0
Bengaluru,2020-05-11,99,180,107,54,41,4
Bengaluru,2020-05-12,106,126,135,82,45,3
Bengaluru,2020-05-13,100,115,154,56,10,2
Bengaluru,2020-05-14,134,265,87,36,10,1
Bengaluru,2020-05-15,137,274,138,88,44,2
Bengaluru,2020-05-16,116,113,156,88,23,2
Bengaluru,2020-05-17,144,165,102,99,35,2
Bengaluru,2020-05-18,114,127,160,78,41,4
Bengaluru,2020-05-19,114,176,103,80,42,3
Bengaluru,2020-05-20,127,65,114,37,18,3
Bengaluru,2020-05-21,98,56,179,23,6,4
Bengaluru,2020-05-22,121,291,378,43,7,3
Bengaluru,2020-05-23,121,147,295,24,7,2
Bengaluru,2020-05-24,135,94,319,53,33,4
Bengaluru,2020-05-25,131,111,373,90,10,2
Bengaluru,2020-05-26,109,273,143,33,24,0
Bengaluru,2020-05-27,146,297,182,88,13,1
Bengaluru,2020-05-28,103,208,297,46,42,0
Bengaluru,2020-05-29,105,268,349,48,31,1
Bengaluru,2020-05-30,100,204,208,50,45,2
Bengaluru,2020-05-31,125,216,397,88,46,3
Bengaluru,2020-06-01,123,99,94,62,24,2
Bengaluru,2020-06-02,77,102,184,71,47,1
Bengaluru,2020-06-03,76,126,197,22,38,0
Bengaluru,2020-06-04,108,274,139,65,11,3
Bengaluru,2020-06-05,120,153,185,89,41,3
Bengaluru,2020-06-06,129,240,284,99,13,1
Bengaluru,2020-06-07,84,55,117,30,20,0
Bengaluru,2020-06-08,102,139,196,69,42,1
Bengaluru,2020-06-09,95,165,194,67,9,0
Bengaluru,2020-06-10,88,57,129,26,14,4
Bengaluru,2020-06-11,81,54,140,69,17,2
Bengaluru,2020-06-12,118,192,86,62,45,3
Bengaluru,2020-06-13,124,217,150,71,27,4
Bengaluru,2020-06-14,121,58,217,82,7,1
Bengaluru,2020-06-15,71,95,306,46,10,1
Bengaluru,2020-06-16,113,214,380,63,33,3
Bengaluru,2020-06-17,123,106,84,24,21,3
Bengaluru,2020-06-18,116,162,322,71,26,0
Bengaluru,2020-06-19,95,269,239,27,11,0
Bengaluru,2020-06-20,109,240,315,69,23,2
Bengaluru,2020-06-21,93,106,309,50,49,2
Bengaluru,2020-06-22,103,245,356,27,31,1
Bengaluru,2020-06-23,85,61,270,96,38,0
Bengaluru,2020-06-24,92,264,267,87,33,3
Bengaluru,2020-06-25,81,255,242,71,9,3
Bengaluru,2020-06-26,76,251,209,78,5,3
Bengaluru,2020-06-27,100,231,379,81,24,1
Bengaluru,2020-06-28,94,185,236,34,11,0
Bengaluru,2020-06-29,70,132,230,99,45,0
Bengaluru,2020-06-30,98,145,282,68,28,3
Bengaluru,2020-07-01,113,255,238,21,37,4
Bengaluru,2020-07-02,77,145,237,69,29,4
Bengaluru,2020-07-03,83,51,302,88,45,0
Bengaluru,2020-07-04,88,91,353,83,44,1
Bengaluru,2020-07-05,77,219,311,35,46,2
Bengaluru,2020-07-06,73,216,283,39,13,2
Bengaluru,2020-07-07,111,236,303,74,18,1
Bengaluru,2020-07-08,76,88,132,50,38,2
Bengaluru,2020-07-09,102,260,320,73,28,2
Bengaluru,2020-07-10,118,86,368,91,10,4
Bengaluru,2020-07-11,92,273,151,34,24,2
Bengaluru,2020-07-12,70,251,174,48,11,1
Bengaluru,2020-07-13,129,198,159,59,29,1
Bengaluru,2020-07-14,101,138,372,82,25,0
Bengaluru,2020-07-15,123,157,241,30,9,3
Bengaluru,2020-07-16,79,190,123,45,44,2
Bengaluru,2020-07-17,125,230,98,32,15,0
Bengaluru,2020-07-18,124,179,251,20,34,1
Bengaluru,2020-07-19,122,116,249,22,5,2
Bengaluru,2020-07-20,115,187,276,80,33,1
Bengaluru,2020-07-21,77,257,379,88,37,1
Bengaluru,2020-07-22,93,97,191,89,21,3
Bengaluru,2020-07-23,122,212,370,46,25,1
Bengaluru,2020-07-24,106,68,141,26,20,2
Bengaluru,2020-07-25,92,244,84,28,48,3
Bengaluru,2020-07-26,108,194,277,63,47,1
Bengaluru,2020-07-27,83,168,218,52,35,0
Bengaluru,2020-07-28,114,222,111,91,41,4
Bengaluru,2020-07-29,84,226,221,29,19,0
Bengaluru,2020-07-30,87,218,243,67,31,3
Bengaluru,2020-07-31,100,132,325,28,48,2
Bengaluru,2020-08-01,127,195,394,72,17,3
Bengaluru,2020-08-02,93,96,125,72,30,0
Bengaluru,2020-08-03,109,195,284,36,31,2
Bengaluru,2020-08-04,123,242,147,35,19,4
Bengaluru,2020-08-05,82,99,362,65,15,3
Bengaluru,2020-08-06,83,126,294,99,17,2
Bengaluru,2020-08-07,107,135,383,64,38,4
Bengaluru,2020-08-08,103,264,81,42,10,0
Bengaluru,2020-08-09,99,252,352,90,14,4
Bengaluru,2020-08-10,102,225,263,35,39,3
Bengaluru,2020-08-11,78,168,117,58,20,1
Bengaluru,2020-08-12,115,210,204,59,18,1
Bengaluru,2020-08-13,80,110,244,25,5,2
Bengaluru,2020-08-14,83,295,382,40,29,2
Bengaluru,2020-08-15,86,283,154,82,29,0
Bengaluru,2020-08-16,75,53,247,99,42,4
Bengaluru,2020-08-17,120,255,280,39,44,2
Bengaluru,2020-08-18,88,222,385,41,21,4
Bengaluru,2020-08-19,106,179,147,53,36,1
Bengaluru,2020-08-20,104,285,203,88,28,3
Bengaluru,2020-08-21,117,111,207,44,31,1
Bengaluru,2020-08-22,115,52,198,84,25,2
Bengaluru,2020-08-23,73,229,135,70,29,4
Bengaluru,2020-08-24,124,137,283,29,40,2
Bengaluru,2020-08-25,118,159,316,93,10,1
Bengaluru,2020-08-26,107,252,300,49,44,0
Bengaluru,2020-08-27,117,164,130,39,21,4
Bengaluru,2020-08-28,109,184,368,48,30,2
Bengaluru,2020-08-29,97,121,186,41,40,3
Bengaluru,2020-08-30,96,130,130,27,42,0
Bengaluru,2020-08-31,77,91,208,94,29,3
Bengaluru,2020-09-01,129,152,234,53,15,0
Bengaluru,2020-09-02,123,289,115,72,27,4
Bengaluru,2020-09-03,133,185,181,45,17,0
Bengaluru,2020-09-04,146,102,326,89,8,3
Bengaluru,2020-09-05,108,216,399,93,7,0
Bengaluru,2020-09-06,138,137,198,62,15,1
Bengaluru,2020-09-07,97,50,252,42,10,3
Bengaluru,2020-09-08,137,146,230,95,21,3
Bengaluru,2020-09-09,91,179,364,44,7,2
Bengaluru,2020-09-10,102,119,331,60,42,2
Bengaluru,2020-09-11,141,275,353,59,31,0
Bengaluru,2020-09-12,119,235,371,51,9,4
Bengaluru,2020-09-13,102,180,223,96,33,0
Bengaluru,2020-09-14,96,291,283,55,8,0
Bengaluru,2020-09-15,92,124,365,79,7,2
Bengaluru,2020-09-16,106,195,385,82,7,4
Bengaluru,2020-09-17,143,219,397,71,33,0
Bengaluru,2020-09-18,142,273,92,47,11,0
Bengaluru,2020-09-19,142,169,283,35,14,4
Bengaluru,2020-09-20,134,268,228,30,7,4
Bengaluru,2020-09-21,122,207,131,92,22,4
Bengaluru,2020-09-22,98,259,287,76,48,3
Bengaluru,2020-09-23,147,234,275,57,38,4
Bengaluru,2020-09-24,113,198,314,27,11,1
Bengaluru,2020-09-25,144,245,312,97,33,4
Bengaluru,2020-09-26,142,96,385,25,42,3
Bengaluru,2020-09-27,111,240,360,74,29,3
Bengaluru,2020-09-28,102,150,110,98,18,3
Bengaluru,2020-09-29,124,196,349,73,37,1
Bengaluru,2020-09-30,128,88,234,64,12,0
Bengaluru,2020-10-01,143,146,329,73,31,2
Bengaluru,2020-10-02,124,152,318,62,29,3
Bengaluru,2020-10-03,120,244,158,99,31,2
Bengaluru,2020-10-04,145,260,269,55,5,1
Bengaluru,2020-10-05,92,297,395,30,41,3
Bengaluru,2020-10-06,131,103,192,68,46,3
Bengaluru,2020-10-07,104,257,214,59,14,1
Bengaluru,2020-10-08,106,294,314,47,32,3
Bengaluru,2020-10-09,96,67,200,67,45,1
Bengaluru,2020-10-10,147,196,340,23,11,3
Bengaluru,2020-10-11,144,206,163,30,46,4
Bengaluru,2020-10-12,96,193,191,88,41,2
Bengaluru,2020-10-13,133,198,196,51,41,1
Bengaluru,2020-10-14,121,197,355,62,36,2
Bengaluru,2020-10-15,121,77,122,41,5,1
Bengaluru,2020-10-16,125,62,104,85,15,3
Bengaluru,2020-10-17,92,79,350,88,34,3
Bengaluru,2020-10-18,135,294,266,23,35,3
Bengaluru,2020-10-19,143,242,283,87,7,0
Bengaluru,2020-10-20,100,260,200,33,43,0
Bengaluru,2020-10-21,130,283,330,45,19,3
Bengaluru,2020-10-22,149,157,218,71,13,2
Bengaluru,2020-10-23,107,178,256,97,48,2
Bengaluru,2020-10-24,148,189,130,82,36,1
Bengaluru,2020-10-25,95,96,202,94,17,0
Bengaluru,2020-10-26,113,170,149,69,29,3
Bengaluru,2020-10-27,148,246,89,92,20,0
Bengaluru,2020-10-28,116,62,155,93,39,1
Bengaluru,2020-10-29,118,152,382,95,35,0
Bengaluru,2020-10-30,135,132,195,53,45,4
Bengaluru,2020-10-31,103,74,84,24,41,3
Bengaluru,2020-11-01,184,71,195,23,22,1
Bengaluru,2020-11-02,182,192,155,87,46,4
Bengaluru,2020-11-03,188,152,368,59,28,2
Bengaluru,2020-11-04,146,241,86,52,49,2
Bengaluru,2020-11-05,195,129,225,77,23,4
Bengaluru,2020-11-06,152,245,190,96,8,3
Bengaluru,2020-11-07,141,101,117,36,45,0
Bengaluru,2020-11-08,171,145,345,81,12,4
Bengaluru,2020-11-09,141,262,131,21,47,1
Bengaluru,2020-11-10,198,288,379,30,43,4
Bengaluru,2020-11-11,156,273,216,67,42,4
Bengaluru,2020-11-12,144,138,263,74,33,3
Bengaluru,2020-11-13,144,84,272,77,35,4
Bengaluru,2020-11-14,197,135,323,39,37,1
Bengaluru,2020-11-15,147,125,320,37,10,1
Bengaluru,2020-11-16,141,278,260,71,49,1
Bengaluru,2020-11-17,188,219,178,63,7,0
Bengaluru,2020-11-18,158,196,233,27,33,1
Bengaluru,2020-11-19,171,265,296,65,26,2
Bengaluru,2020-11-20,182,292,350,42,17,1
Bengaluru,2020-11-21,160,122,331,63,39,1
Bengaluru,2020-11-22,179,195,96,25,13,0
Bengaluru,2020-11-23,147,110,207,37,7,0
Bengaluru,2020-11-24,146,143,103,99,30,1
Bengaluru,2020-11-25,145,213,249,32,30,2
Bengaluru,2020-11-26,175,157,87,75,24,4
Bengaluru,2020-11-27,188,175,238,73,27,2
Bengaluru,2020-11-28,151,201,133,21,26,3
Bengaluru,2020-11-29,160,202,186,67,48,3
Bengaluru,2020-11-30,142,272,266,56,36,3
Bengaluru,2020-12-01,163,100,158,50,28,1
Bengaluru,2020-12-02,167,127,332,79,14,3
Bengaluru,2020-12-03,194,220,182,94,40,3
Bengaluru,2020-12-04,158,136,369,42,36,2
Bengaluru,2020-12-05,189,258,245,56,47,3
Bengaluru,2020-12-06,163,288,393,92,44,1
Bengaluru,2020-12-07,150,206,375,36,21,0
Bengaluru,2020-12-08,144,147,365,36,26,4
Bengaluru,2020-12-09,168,50,237,57,14,0
Bengaluru,2020-12-10,160,277,330,90,40,2
Bengaluru,2020-12-11,194,100,124,27,16,3
Bengaluru,2020-12-12,167,162,280,79,17,3
Bengaluru,2020-12-13,181,79,202,59,6,1
Bengaluru,2020-12-14,174,147,318,94,13,1
Bengaluru,2020-12-15,167,289,301,55,45,0
Bengaluru,2020-12-16,150,102,240,28,45,4
Bengaluru,2020-12-17,173,177,303,39,45,3
Bengaluru,2020-12-18,141,165,93,93,36,0
Bengaluru,2020-12-19,182,163,109,49,26,0
Bengaluru,2020-12-20,155,171,223,48,25,0
Bengaluru,2020-12-21,148,197,127,60,20,2
Bengaluru,2020-12-22,182,87,273,32,45,1
Bengaluru,2020-12-23,151,231,163,82,24,3
Bengaluru,2020-12-24,172,224,147,84,45,3
Bengaluru,2020-12-25,154,286,247,69,26,2
Bengaluru,2020-12-26,172,297,356,90,47,4
Bengaluru,2020-12-27,152,268,137,80,10,4
Bengaluru,2020-12-28,146,286,173,28,25,2
Bengaluru,2020-12-29,175,58,188,47,11,1
Bengaluru,2020-12-30,163,190,300,76,20,4
Bengaluru,2020-12-31,183,167,396,86,11,2
Bengaluru,2021-01-01,183,195,282,59,22,1
Bengaluru,2021-01-02,183,289,325,37,46,1
Bengaluru,2021-01-03,151,84,264,98,40,1
Bengaluru,2021-01-04,159,299,340,20,34,0
Bengaluru,2021-01-05,148,57,336,57,20,3
Bengaluru,2021-01-06,144,192,300,84,10,2
Bengaluru,2021-01-07,193,246,354,61,44,0
Bengaluru,2021-01-08,186,91,243,66,21,4
Bengaluru,2021-01-09,156,284,299,29,41,1
Bengaluru,2021-01-10,166,107,279,34,40,4
Bengaluru,2021-01-11,184,188,105,21,15,0
Bengaluru,2021-01-12,175,104,301,48,20,4
Bengaluru,2021-01-13,196,231,305,49,35,0
Bengaluru,2021-01-14,141,118,150,69,21,4
Bengaluru,2021-01-15,153,195,345,41,40,2
Bengaluru,2021-01-16,148,235,198,83,32,3
Bengaluru,2021-01-17,168,102,153,80,34,2
Bengaluru,2021-01-18,176,99,85,51,26,1
Bengaluru,2021-01-19,145,281,210,98,25,1
Bengaluru,2021-01-20,183,178,170,27,30,1
Bengaluru,2021-01-21,146,178,382,23,36,0
Bengaluru,2021-01-22,182,289,347,35,24,0
Bengaluru,2021-01-23,156,220,136,37,15,4
Bengaluru,2021-01-24,141,161,340,80,15,0
Bengaluru,2021-01-25,150,250,250,44,16,2
Bengaluru,2021-01-26,180,223,198,73,18,4
Bengaluru,2021-01-27,193,158,266,62,39,1
Bengaluru,2021-01-28,154,197,307,66,22,0
Bengaluru,2021-01-29,149,191,201,64,14,1
Bengaluru,2021-01-30,192,264,115,97,13,1
Bengaluru,2021-01-31,149,73,105,20,35,2
Bengaluru,2021-02-01,90,262,296,71,6,3
Bengaluru,2021-02-02,114,150,343,74,26,2
Bengaluru,2021-02-03,94,167,150,81,45,2
Bengaluru,2021-02-04,119,102,287,64,19,3
Bengaluru,2021-02-05,140,60,110,89,19,1
Bengaluru,2021-02-06,105,242,320,98,31,2
Bengaluru,2021-02-07,97,99,226,78,39,2
Bengaluru,2021-02-08,129,202,336,70,47,0
Bengaluru,2021-02-09,139,249,96,53,26,3
Bengaluru,2021-02-10,95,183,119,88,7,1
Bengaluru,2021-02-11,113,144,106,20,5,3
Bengaluru,2021-02-12,145,61,319,21,44,4
Bengaluru,2021-02-13,143,277,209,87,17,3
Bengaluru,2021-02-14,101,89,236,52,7,1
Bengaluru,2021-02-15,135,298,258,22,19,4
Bengaluru,2021-02-16,136,183,200,22,45,4
Bengaluru,2021-02-17,124,252,180,77,5,2
Bengaluru,2021-02-18,99,125,314,31,27,3
Bengaluru,2021-02-19,149,279,300,22,19,2
Bengaluru,2021-02-20,92,191,311,41,35,4
Bengaluru,2021-02-21,142,119,200,50,6,4
Bengaluru,2021-02-22,149,60,86,94,29,4
Bengaluru,2021-02-23,109,73,358,63,30,4
Bengaluru,2021-02-24,142,220,335,88,9,4
Bengaluru,2021-02-25,124,171,138,55,45,1
Bengaluru,2021-02-26,93,244,122,87,37,0
Bengaluru,2021-02-27,101,81,350,22,40,2
Bengaluru,2021-02-28,115,186,121,45,42,3
Bengaluru,2021-03-01,143,59,273,23,15,2
Bengaluru,2021-03-02,96,146,119,73,6,4
Bengaluru,2021-03-03,129,126,324,82,6,2
Bengaluru,2021-03-04,90,245,172,74,8,0
Bengaluru,2021-03-05,142,231,133,21,45,2
Bengaluru,2021-03-06,115,287,83,28,18,2
Bengaluru,2021-03-07,145,269,165,33,46,2
Bengaluru,2021-03-08,130,120,348,78,18,1
Bengaluru,2021-03-09,114,246,263,64,28,0
Bengaluru,2021-03-10,128,198,108,25,22,0
Bengaluru,2021-03-11,146,136,166,55,32,1
Bengaluru,2021-03-12,108,263,323,43,25,4
Bengaluru,2021-03-13,96,146,233,40,46,4
Bengaluru,2021-03-14,122,119,143,85,8,2
Bengaluru,2021-03-15,148,158,194,94,47,3
Bengaluru,2021-03-16,93,87,229,87,41,3
Bengaluru,2021-03-17,102,111,371,56,36,1
Bengaluru,2021-03-18,123,119,307,40,28,1
Bengaluru,2021-03-19,140,118,202,27,18,2
Bengaluru,2021-03-20,110,257,178,94,48,2
Bengaluru,2021-03-21,102,213,253,98,30,0
Bengaluru,2021-03-22,139,276,206,28,44,1
Bengaluru,2021-03-23,116,111,326,20,33,1
Bengaluru,2021-03-24,124,299,177,69,29,4
Bengaluru,2021-03-25,116,163,193,28,26,3
Bengaluru,2021-03-26,146,240,394,82,10,0
Bengaluru,2021-03-27,129,157,180,28,31,4
Bengaluru,2021-03-28,140,118,133,29,34,3
Bengaluru,2021-03-29,106,248,302,54,21,1
Bengaluru,2021-03-30,93,221,158,42,34,2
Bengaluru,2021-03-31,149,102,263,54,12,1
Bengaluru,2021-04-01,110,203,158,97,10,1
Bengaluru,2021-04-02,138,94,104,30,10,3
Bengaluru,2021-04-03,133,296,93,79,15,4
Bengaluru,2021-04-04,144,106,384,90,17,0
Bengaluru,2021-04-05,108,145,96,84,30,3
Bengaluru,2021-04-06,122,222,104,50,6,2
Bengaluru,2021-04-07,139,61,251,30,49,4
Bengaluru,2021-04-08,93,59,158,30,10,4
Bengaluru,2021-04-09,142,123,324,36,22,2
Bengaluru,2021-04-10,93,89,335,54,23,3
Bengaluru,2021-04-11,112,250,299,55,15,4
Bengaluru,2021-04-12,98,247,114,61,37,2
Bengaluru,2021-04-13,130,71,201,24,21,4
Bengaluru,2021-04-14,116,237,357,77,48,1
Bengaluru,2021-04-15,109,163,364,40,10,0
Bengaluru,2021-04-16,90,238,248,35,28,2
Bengaluru,2021-04-17,144,215,154,77,35,0
Bengaluru,2021-04-18,127,191,180,32,8,2
Bengaluru,2021-04-19,99,134,256,43,37,3
Bengaluru,2021-04-20,93,279,356,58,35,4
Bengaluru,2021-04-21,126,186,215,51,16,3
Bengaluru,2021-04-22,91,167,238,42,29,4
Bengaluru,2021-04-23,124,299,247,55,22,1
Bengaluru,2021-04-24,93,251,125,95,21,0
Bengaluru,2021-04-25,108,166,177,25,21,0
Bengaluru,2021-04-26,118,107,156,96,18,3
Bengaluru,2021-04-27,101,156,314,47,41,3
Bengaluru,2021-04-28,103,189,242,38,16,1
Bengaluru,2021-04-29,105,86,189,58,11,4
Bengaluru,2021-04-30,147,82,225,54,21,4
Bengaluru,2021-05-01,107,146,111,41,18,3
Bengaluru,2021-05-02,129,209,109,40,16,1
Bengaluru,2021-05-03,128,248,228,81,22,0
Bengaluru,2021-05-04,106,66,156,85,18,2
Bengaluru,2021-05-05,108,221,190,29,42,0
Bengaluru,2021-05-06,112,53,233,66,24,1
Bengaluru,2021-05-07,118,92,391,87,42,2
Bengaluru,2021-05-08,139,58,387,21,5,0
Bengaluru,2021-05-09,126,65,372,38,8,2
Bengaluru,2021-05-10,127,204,395,45,24,0
Bengaluru,2021-05-11,129,210,122,22,30,1
Bengaluru,2021-05-12,92,293,225,88,10,2
Bengaluru,2021-05-13,101,269,346,32,37,0
Bengaluru,2021-05-14,145,191,135,27,25,4
Bengaluru,2021-05-15,112,52,95,26,37,0
Bengaluru,2021-05-16,95,157,227,95,40,1
Bengaluru,2021-05-17,112,63,128,28,9,1
Bengaluru,2021-05-18,98,291,253,56,15,0
Bengaluru,2021-05-19,132,58,110,41,19,3
Bengaluru,2021-05-20,100,95,297,91,43,2
Bengaluru,2021-05-21,142,55,213,70,46,0
Bengaluru,2021-05-22,124,144,361,36,28,4
Bengaluru,2021-05-23,125,234,318,21,7,3
Bengaluru,2021-05-24,91,251,339,66,16,2
Bengaluru,2021-05-25,94,206,136,73,38,0
Bengaluru,2021-05-26,104,273,381,49,19,1
Bengaluru,2021-05-27,120,189,208,27,6,1
Bengaluru,2021-05-28,94,119,132,86,34,2
Bengaluru,2021-05-29,122,274,275,26,34,3
Bengaluru,2021-05-30,125,205,254,66,8,0
Bengaluru,2021-05-31,110,198,143,52,9,4
Bengaluru,2021-06-01,94,249,179,79,16,4
Bengaluru,2021-06-02,75,220,249,89,8,3
Bengaluru,2021-06-03,72,257,254,68,15,4
Bengaluru,2021-06-04,121,246,197,88,9,4
Bengaluru,2021-06-05,115,226,368,37,33,3
Bengaluru,2021-06-06,108,172,229,26,24,4
Bengaluru,2021-06-07,84,290,82,58,34,0
Bengaluru,2021-06-08,97,229,380,40,6,3
Bengaluru,2021-06-09,94,143,275,36,30,2
Bengaluru,2021-06-10,83,208,383,21,46,4
Bengaluru,2021-06-11,127,255,281,89,23,1
Bengaluru,2021-06-12,86,124,150,80,6,1
Bengaluru,2021-06-13,87,241,135,72,49,2
Bengaluru,2021-06-14,100,286,123,97,20,0
Bengaluru,2021-06-15,121,242,138,59,16,3
Bengaluru,2021-06-16,84,209,342,93,24,0
Bengaluru,2021-06-17,106,116,310,56,21,3
Bengaluru,2021-06-18,128,297,343,27,15,3
Bengaluru,2021-06-19,118,52,176,91,40,1
Bengaluru,2021-06-20,91,130,169,55,44,3
Bengaluru,2021-06-21,105,295,185,20,24,2
Bengaluru,2021-06-22,114,286,268,26,40,4
Bengaluru,2021-06-23,91,145,363,41,26,0
Bengaluru,2021-06-24,118,243,288,97,31,2
Bengaluru,2021-06-25,89,129,342,82,25,1
Bengaluru,2021-06-26,106,213,246,72,36,1
Bengaluru,2021-06-27,122,119,137,60,30,4
Bengaluru,2021-06-28,104,149,342,82,41,1
Bengaluru,2021-06-29,112,231,268,62,18,3
Bengaluru,2021-06-30,92,270,331,26,22,1
Bengaluru,2021-07-01,91,298,366,55,46,4
Bengaluru,2021-07-02,104,158,114,83,48,3
Bengaluru,2021-07-03,87,155,284,76,32,1
Bengaluru,2021-07-04,113,203,155,98,49,3
Bengaluru,2021-07-05,92,114,89,38,49,0
Bengaluru,2021-07-06,120,150,104,34,37,3
Bengaluru,2021-07-07,107,181,281,85,36,2
Bengaluru,2021-07-08,116,283,180,20,39,0
Bengaluru,2021-07-09,105,126,388,88,33,2
Bengaluru,2021-07-10,109,285,99,95,43,4
Bengaluru,2021-07-11,109,242,274,37,49,0
Bengaluru,2021-07-12,119,201,176,69,16,3
Bengaluru,2021-07-13,96,193,346,67,41,1
Bengaluru,2021-07-14,103,123,234,83,19,1
Bengaluru,2021-07-15,111,294,161,44,17,3
Bengaluru,2021-07-16,105,277,110,38,28,2
Bengaluru,2021-07-17,93,281,297,53,27,0
Bengaluru,2021-07-18,76,95,209,40,23,3
Bengaluru,2021-07-19,97,271,280,79,19,4
Bengaluru,2021-07-20,129,293,300,75,30,2
Bengaluru,2021-07-21,103,209,193,76,23,2
Bengaluru,2021-07-22,129,89,168,62,40,0
Bengaluru,2021-07-23,122,166,142,77,8,4
Bengaluru,2021-07-24,113,217,279,41,17,4
Bengaluru,2021-07-25,86,162,338,95,29,2
Bengaluru,2021-07-26,72,294,381,97,15,0
Bengaluru,2021-07-27,97,130,270,94,37,2
Bengaluru,2021-07-28,128,69,334,51,18,1
Bengaluru,2021-07-29,88,66,288,71,47,3
Bengaluru,2021-07-30,118,148,119,37,40,2
Bengaluru,2021-07-31,91,297,284,46,34,2
Bengaluru,2021-08-01,111,142,342,99,6,3
Bengaluru,2021-08-02,103,161,158,20,43,1
Bengaluru,2021-08-03,71,155,98,74,49,1
Bengaluru,2021-08-04,100,229,324,43,5,1
Bengaluru,2021-08-05,120,69,394,80,43,4
Bengaluru,2021-08-06,103,196,324,57,18,3
Bengaluru,2021-08-07,70,182,218,85,32,4
Bengaluru,2021-08-08,95,160,255,62,13,2
Bengaluru,2021-08-09,80,226,399,35,45,4
Bengaluru,2021-08-10,106,123,265,73,44,4
Bengaluru,2021-08-11,82,130,129,54,34,1
Bengaluru,2021-08-12,111,118,215,30,17,4
Bengaluru,2021-08-13,74,280,120,23,42,4
Bengaluru,2021-08-14,106,151,141,83,28,3
Bengaluru,2021-08-15,118,260,146,31,18,1
Bengaluru,2021-08-16,105,271,271,21,7,3
Bengaluru,2021-08-17,89,205,189,76,13,1
Bengaluru,2021-08-18,71,142,350,96,34,2
Bengaluru,2021-08-19,94,240,173,22,31,3
Bengaluru,2021-08-20,120,271,191,82,22,0
Bengaluru,2021-08-21,102,240,199,45,38,4
Bengaluru,2021-08-22,111,137,245,81,33,1
Bengaluru,2021-08-23,105,57,348,88,27,4
Bengaluru,2021-08-24,94,93,236,90,43,4
Bengaluru,2021-08-25,116,217,210,42,43,4
Bengaluru,2021-08-26,106,86,170,55,32,1
Bengaluru,2021-08-27,73,72,335,96,26,4
Bengaluru,2021-08-28,105,122,89,81,34,3
Bengaluru,2021-08-29,118,265,181,35,29,1
Bengaluru,2021-08-30,70,214,322,26,5,2
Bengaluru,2021-08-31,91,132,203,90,10,2
Bengaluru,2021-09-01,104,222,303,43,13,2
Bengaluru,2021-09-02,97,111,392,69,32,2
Bengaluru,2021-09-03,120,118,169,63,38,4
Bengaluru,2021-09-04,141,107,371,22,42,0
Bengaluru,2021-09-05,125,168,214,98,47,1
Bengaluru,2021-09-06,140,161,265,75,30,1
Bengaluru,2021-09-07,136,118,90,50,11,3
Bengaluru,2021-09-08,146,211,357,85,35,2
Bengaluru,2021-09-09,101,282,175,52,22,1
Bengaluru,2021-09-10,124,248,370,41,6,0
Bengaluru,2021-09-11,96,254,377,70,14,3
Bengaluru,2021-09-12,105,91,242,43,49,0
Bengaluru,2021-09-13,141,109,399,56,25,1
Bengaluru,2021-09-14,136,226,112,21,32,1
Bengaluru,2021-09-15,113,130,386,48,37,2
Bengaluru,2021-09-16,142,69,170,87,20,1
Bengaluru,2021-09-17,124,146,345,88,42,0
Bengaluru,2021-09-18,124,85,358,45,44,0
Bengaluru,2021-09-19,105,270,204,76,16,0
Bengaluru,2021-09-20,114,95,135,29,26,3
Bengaluru,2021-09-21,147,56,382,70,49,4
Bengaluru,2021-09-22,128,169,393,97,49,2
Bengaluru,2021-09-23,109,56,244,38,42,3
Bengaluru,2021-09-24,132,56,224,53,9,2
Bengaluru,2021-09-25,90,94,269,33,48,2
Bengaluru,2021-09-26,91,216,146,79,44,1
Bengaluru,2021-09-27,99,171,257,24,28,2
Bengaluru,2021-09-28,101,152,265,28,10,1
Bengaluru,2021-09-29,95,118,120,24,8,4
Bengaluru,2021-09-30,108,71,368,96,7,0
Bengaluru,2021-10-01,120,288,387,58,18,4
Bengaluru,2021-10-02,118,264,196,64,32,3
Bengaluru,2021-10-03,119,292,370,89,13,4
Bengaluru,2021-10-04,94,265,388,26,42,4
Bengaluru,2021-10-05,116,201,188,82,43,3
Bengaluru,2021-10-06,137,82,274,65,40,2
Bengaluru,2021-10-07,99,186,308,78,38,0
Bengaluru,2021-10-08,107,202,198,25,28,0
Bengaluru,2021-10-09,100,174,123,64,37,0
Bengaluru,2021-10-10,144,248,238,81,42,0
Bengaluru,2021-10-11,136,168,193,59,40,0
Bengaluru,2021-10-12,149,280,354,68,30,1
Bengaluru,2021-10-13,130,251,215,55,23,4
Bengaluru,2021-10-14,126,50,143,77,31,0
Bengaluru,2021-10-15,134,132,260,35,19,4
Bengaluru,2021-10-16,94,115,272,58,27,2
Bengaluru,2021-10-17,90,194,297,94,37,2
Bengaluru,2021-10-18,97,189,353,60,41,4
Bengaluru,2021-10-19,94,189,130,77,33,0
Bengaluru,2021-10-20,91,278,368,52,9,0
Bengaluru,2021-10-21,112,257,359,89,25,3
Bengaluru,2021-10-22,131,81,106,38,23,1
Bengaluru,2021-10-23,121,225,143,43,29,0
Bengaluru,2021-10-24,147,216,100,39,29,0
Bengaluru,2021-10-25,135,226,361,73,47,4
Bengaluru,2021-10-26,98,239,380,36,15,4
Bengaluru,2021-10-27,128,197,333,59,25,1
Bengaluru,2021-10-28,131,193,130,54,46,2
Bengaluru,2021-10-29,99,194,253,92,48,1
Bengaluru,2021-10-30,103,265,392,81,11,1
Bengaluru,2021-10-31,135,297,338,49,39,4
Bengaluru,2021-11-01,146,239,181,37,6,3
Bengaluru,2021-11-02,161,273,267,29,33,4
Bengaluru,2021-11-03,150,286,320,27,40,1
Bengaluru,2021-11-04,183,70,250,34,13,2
Bengaluru,2021-11-05,193,162,125,67,6,4
Bengaluru,2021-11-06,167,87,101,27,38,0
Bengaluru,2021-11-07,142,266,371,59,6,2
Bengaluru,2021-11-08,164,68,126,75,32,2
Bengaluru,2021-11-09,170,225,318,88,9,0
Bengaluru,2021-11-10,145,218,306,48,41,3
Bengaluru,2021-11-11,151,277,157,28,19,4
Bengaluru,2021-11-12,173,293,172,35,36,0
Bengaluru,2021-11-13,144,67,305,55,27,2
Bengaluru,2021-11-14,196,295,375,34,45,4
Bengaluru,2021-11-15,199,107,98,33,44,1
Bengaluru,2021-11-16,193,255,378,76,44,0
Bengaluru,2021-11-17,146,271,165,83,8,1
Bengaluru,2021-11-18,179,66,101,21,12,2
Bengaluru,2021-11-19,153,167,260,73,12,2
Bengaluru,2021-11-20,180,245,274,72,27,4
Bengaluru,2021-11-21,184,271,106,68,42,4
Bengaluru,2021-11-22,148,279,91,46,12,2
Bengaluru,2021-11-23,192,204,208,47,29,0
Bengaluru,2021-11-24,183,130,101,25,40,3
Bengaluru,2021-11-25,175,74,121,75,44,3
Bengaluru,2021-11-26,156,206,227,94,48,2
Bengaluru,2021-11-27,171,74,155,87,49,2
Bengaluru,2021-11-28,149,218,328,47,28,4
Bengaluru,2021-11-29,180,79,188,25,43,3
Bengaluru,2021-11-30,162,219,214,24,8,4
Bengaluru,2021-12-01,179,204,124,40,32,3
Bengaluru,2021-12-02,145,241,185,26,12,2
Bengaluru,2021-12-03,173,101,114,94,9,4
Bengaluru,2021-12-04,160,208,111,97,22,1
Bengaluru,2021-12-05,193,75,103,62,43,2
Bengaluru,2021-12-06,173,162,242,85,30,1
Bengaluru,2021-12-07,141,236,108,24,18,0
Bengaluru,2021-12-08,199,164,119,60,14,3
Bengaluru,2021-12-09,185,194,186,49,18,3
Bengaluru,2021-12-10,169,97,198,98,30,1
Bengaluru,2021-12-11,198,88,311,38,41,1
Bengaluru,2021-12-12,179,166,371,64,13,2
Bengaluru,2021-12-13,166,51,96,22,5,4
Bengaluru,2021-12-14,185,189,361,41,30,0
Bengaluru,2021-12-15,140,265,130,97,32,1
Bengaluru,2021-12-16,143,257,221,65,17,3
Bengaluru,2021-12-17,177,50,106,98,48,1
Bengaluru,2021-12-18,181,151,208,20,21,0
Bengaluru,2021-12-19,186,156,309,51,11,1
Bengaluru,2021-12-20,190,227,291,91,27,2
Bengaluru,2021-12-21,172,251,296,88,26,2
Bengaluru,2021-12-22,167,280,146,87,21,1
Bengaluru,2021-12-23,178,110,139,60,41,4
Bengaluru,2021-12-24,157,67,219,44,12,4
Bengaluru,2021-12-25,144,208,256,63,23,0
Bengaluru,2021-12-26,165,261,321,44,24,3
Bengaluru,2021-12-27,162,150,173,33,18,3
Bengaluru,2021-12-28,185,258,125,94,23,3
Bengaluru,2021-12-29,182,274,257,75,21,3
Bengaluru,2021-12-30,173,183,163,77,46,3
Bengaluru,2021-12-31,176,157,136,98,38,2
Bengaluru,2022-01-01,145,196,336,70,19,0
Bengaluru,2022-01-02,178,203,97,58,33,0
Bengaluru,2022-01-03,173,241,264,93,17,1
Bengaluru,2022-01-04,188,213,150,54,38,0
Bengaluru,2022-01-05,191,154,214,56,8,0
Bengaluru,2022-01-06,177,274,117,82,41,3
Bengaluru,2022-01-07,158,267,147,60,13,3
Bengaluru,2022-01-08,186,60,197,85,24,0
Bengaluru,2022-01-09,193,274,252,48,10,2
Bengaluru,2022-01-10,168,196,279,54,24,3
Bengaluru,2022-01-11,169,187,289,67,15,3
Bengaluru,2022-01-12,151,89,310,29,10,2
Bengaluru,2022-01-13,169,115,331,71,6,0
Bengaluru,2022-01-14,180,76,249,66,29,3
Bengaluru,2022-01-15,164,225,363,95,21,4
Bengaluru,2022-01-16,149,73,317,68,27,0
Bengaluru,2022-01-17,179,232,341,75,13,0
Bengaluru,2022-01-18,166,216,241,30,47,1
Bengaluru,2022-01-19,177,241,334,75,48,3
Bengaluru,2022-01-20,140,80,273,37,34,0
Bengaluru,2022-01-21,158,206,89,43,16,3
Bengaluru,2022-01-22,155,207,383,94,47,0
Bengaluru,2022-01-23,196,132,135,85,20,4
Bengaluru,2022-01-24,148,152,350,94,10,0
Bengaluru,2022-01-25,145,234,389,69,36,3
Bengaluru,2022-01-26,165,80,226,94,28,2
Bengaluru,2022-01-27,160,87,267,97,21,0
Bengaluru,2022-01-28,158,246,346,49,22,3
Bengaluru,2022-01-29,176,69,300,27,8,0
Bengaluru,2022-01-30,181,155,171,71,27,0
Bengaluru,2022-01-31,190,102,154,95,29,1
Bengaluru,2022-02-01,131,51,394,20,12,1
Bengaluru,2022-02-02,107,213,155,66,22,2
Bengaluru,2022-02-03,130,190,147,39,5,3
Bengaluru,2022-02-04,119,124,226,68,16,4
Bengaluru,2022-02-05,129,291,141,50,5,3
Bengaluru,2022-02-06,116,209,290,49,32,1
Bengaluru,2022-02-07,109,256,379,29,7,2
Bengaluru,2022-02-08,141,175,122,66,46,4
Bengaluru,2022-02-09,131,215,367,34,14,2
Bengaluru,2022-02-10,131,193,282,69,10,0
Bengaluru,2022-02-11,141,204,109,20,13,4
Bengaluru,2022-02-12,118,213,142,61,17,3
Bengaluru,2022-02-13,102,88,124,78,17,2
Bengaluru,2022-02-14,111,130,299,51,40,1
Bengaluru,2022-02-15,138,265,168,54,25,2
Bengaluru,2022-02-16,135,175,134,51,10,0
Bengaluru,2022-02-17,99,238,350,84,49,2
Bengaluru,2022-02-18,130,275,314,40,11,0
Bengaluru,2022-02-19,136,284,99,32,37,4
Bengaluru,2022-02-20,90,127,135,77,35,1
Bengaluru,2022-02-21,112,51,113,46,41,1
Bengaluru,2022-02-22,139,94,116,82,16,1
Bengaluru,2022-02-23,129,269,203,59,15,2
Bengaluru,2022-02-24,103,98,130,66,18,4
Bengaluru,2022-02-25,145,254,310,29,13,0
Bengaluru,2022-02-26,90,241,150,42,15,1
Bengaluru,2022-02-27,96,272,179,68,23,2
Bengaluru,2022-02-28,130,128,243,27,18,0
Bengaluru,2022-03-01,102,129,341,25,24,3
Bengaluru,2022-03-02,131,113,246,91,15,4
Bengaluru,2022-03-03,136,233,390,68,17,0
Bengaluru,2022-03-04,135,203,227,51,38,1
Bengaluru,2022-03-05,122,206,291,71,16,0
Bengaluru,2022-03-06,123,100,336,70,43,2
Bengaluru,2022-03-07,132,166,103,87,47,4
Bengaluru,2022-03-08,145,155,399,72,24,2
Bengaluru,2022-03-09,135,285,273,75,47,4
Bengaluru,2022-03-10,114,104,102,51,43,2
Bengaluru,2022-03-11,92,132,81,62,32,4
Bengaluru,2022-03-12,100,136,138,79,10,1
Bengaluru,2022-03-13,103,126,171,99,31,0
Bengaluru,2022-03-14,110,138,333,34,36,3
Bengaluru,2022-03-15,126,260,159,67,34,3
Bengaluru,2022-03-16,94,82,228,29,15,0
Bengaluru,2022-03-17,135,164,181,28,20,1
Bengaluru,2022-03-18,122,113,303,45,46,2
Bengaluru,2022-03-19,106,237,373,28,36,3
Bengaluru,2022-03-20,125,120,113,56,36,2
Bengaluru,2022-03-21,147,241,317,69,7,2
Bengaluru,2022-03-22,110,223,191,82,38,0
Bengaluru,2022-03-23,129,86,161,50,49,2
Bengaluru,2022-03-24,133,212,369,22,9,0
Bengaluru,2022-03-25,146,160,185,86,11,0
Bengaluru,2022-03-26,142,112,206,67,45,1
Bengaluru,2022-03-27,143,168,295,36,19,1
Bengaluru,2022-03-28,144,113,280,35,49,3
Bengaluru,2022-03-29,106,260,395,84,34,4
Bengaluru,2022-03-30,121,56,193,31,7,3
Bengaluru,2022-03-31,139,162,342,93,25,4
Bengaluru,2022-04-01,115,237,385,57,48,3
Bengaluru,2022-04-02,102,87,123,75,21,3
Bengaluru,2022-04-03,99,260,275,71,26,0
Bengaluru,2022-04-04,95,65,287,25,37,1
Bengaluru,2022-04-05,102,114,98,95,12,0
Bengaluru,2022-04-06,108,74,266,90,9,0
Bengaluru,2022-04-07,93,106,96,86,21,3
Bengaluru,2022-04-08,147,292,331,43,23,1
Bengaluru,2022-04-09,104,295,395,30,28,2
Bengaluru,2022-04-10,127,196,245,67,22,1
Bengaluru,2022-04-11,139,196,362,44,44,2
Bengaluru,2022-04-12,92,231,328,21,41,4
Bengaluru,2022-04-13,147,58,197,65,37,0
Bengaluru,2022-04-14,146,162,291,20,43,2
Bengaluru,2022-04-15,133,299,210,58,9,4
Bengaluru,2022-04-16,124,130,137,67,41,1
Bengaluru,2022-04-17,125,245,310,53,31,1
Bengaluru,2022-04-18,149,217,225,28,28,2
Bengaluru,2022-04-19,148,217,210,86,8,3
Bengaluru,2022-04-20,116,149,367,98,6,1
Bengaluru,2022-04-21,120,224,273,87,36,2
Bengaluru,2022-04-22,129,123,281,46,41,4
Bengaluru,2022-04-23,102,228,184,54,13,0
Bengaluru,2022-04-24,149,66,127,93,39,3
Bengaluru,2022-04-25,125,156,171,23,35,4
Bengaluru,2022-04-26,116,72,131,59,35,4
Bengaluru,2022-04-27,117,188,242,59,17,0
Bengaluru,2022-04-28,122,53,382,80,7,0
Bengaluru,2022-04-29,127,152,108,66,25,1
Bengaluru,2022-04-30,149,248,276,60,12,3
Bengaluru,2022-05-01,145,128,123,77,18,0
Bengaluru,2022-05-02,92,129,233,99,32,2
Bengaluru,2022-05-03,149,279,265,78,8,1
Bengaluru,2022-05-04,125,257,272,91,45,3
Bengaluru,2022-05-05,103,286,380,37,42,4
Bengaluru,2022-05-06,142,125,325,62,34,3
Bengaluru,2022-05-07,146,199,242,22,47,3
Bengaluru,2022-05-08,127,165,93,68,32,4
Bengaluru,2022-05-09,111,272,83,76,12,3
Bengaluru,2022-05-10,117,223,107,43,46,3
Bengaluru,2022-05-11,136,181,104,52,28,3
Bengaluru,2022-05-12,110,239,354,63,7,2
Bengaluru,2022-05-13,111,184,349,51,21,2
Bengaluru,2022-05-14,102,164,164,23,13,0
Bengaluru,2022-05-15,145,94,219,41,34,0
Bengaluru,2022-05-16,142,239,381,47,28,2
Bengaluru,2022-05-17,141,171,305,56,42,4
Bengaluru,2022-05-18,141,262,354,96,49,0
Bengaluru,2022-05-19,130,257,352,82,19,1
Bengaluru,2022-05-20,128,147,372,68,39,4
Bengaluru,2022-05-21,110,149,194,67,40,1
Bengaluru,2022-05-22,112,70,162,32,17,2
Bengaluru,2022-05-23,110,292,148,27,12,2
Bengaluru,2022-05-24,104,91,233,49,34,1
Bengaluru,2022-05-25,146,244,218,58,15,4
Bengaluru,2022-05-26,104,283,347,59,22,0
Bengaluru,2022-05-27,116,141,264,29,20,1
Bengaluru,2022-05-28,122,56,375,32,22,1
Bengaluru,2022-05-29,138,209,282,65,46,3
Bengaluru,2022-05-30,96,203,393,46,26,2
Bengaluru,2022-05-31,126,203,152,97,39,4
Bengaluru,2022-06-01,71,186,384,83,30,2
Bengaluru,2022-06-02,129,124,265,99,16,2
Bengaluru,2022-06-03,93,265,145,34,33,3
Bengaluru,2022-06-04,92,272,220,33,34,2
Bengaluru,2022-06-05,107,90,123,62,34,1
Bengaluru,2022-06-06,96,295,193,52,19,4
Bengaluru,2022-06-07,120,226,98,23,31,0
Bengaluru,2022-06-08,87,141,187,68,14,1
Bengaluru,2022-06-09,98,145,89,94,25,4
Bengaluru,2022-06-10,118,220,294,88,8,0
Bengaluru,2022-06-11,92,140,280,47,44,3
Bengaluru,2022-06-12,110,119,385,43,21,1
Bengaluru,2022-06-13,73,181,292,29,15,3
Bengaluru,2022-06-14,95,220,305,56,10,4
Bengaluru,2022-06-15,87,225,326,86,13,0
Bengaluru,2022-06-16,116,55,281,55,44,0
Bengaluru,2022-06-17,111,277,244,47,14,1
Bengaluru,2022-06-18,106,204,311,66,49,1
Bengaluru,2022-06-19,83,270,365,22,36,2
Bengaluru,2022-06-20,114,212,231,36,10,4
Bengaluru,2022-06-21,75,277,151,29,48,4
Bengaluru,2022-06-22,111,223,363,87,40,1
Bengaluru,2022-06-23,80,212,232,81,19,4
Bengaluru,2022-06-24,89,62,109,20,40,4
Bengaluru,2022-06-25,80,278,268,43,23,3
Bengaluru,2022-06-26,86,255,369,55,15,0
Bengaluru,2022-06-27,97,227,330,64,45,2
Bengaluru,2022-06-28,86,194,242,38,47,3
Bengaluru,2022-06-29,78,209,260,28,44,2
Bengaluru,2022-06-30,94,55,397,80,39,0
Bengaluru,2022-07-01,78,144,394,70,49,2
Bengaluru,2022-07-02,122,223,317,85,34,4
Bengaluru,2022-07-03,105,190,159,66,16,2
Bengaluru,2022-07-04,99,136,93,43,24,1
Bengaluru,2022-07-05,109,191,178,40,16,2
Bengaluru,2022-07-06,99,249,279,55,25,1
Bengaluru,2022-07-07,88,73,271,88,7,0
Bengaluru,2022-07-08,125,270,233,37,42,0
Bengaluru,2022-07-09,82,163,173,39,35,3
Bengaluru,2022-07-10,89,133,131,34,16,4
Bengaluru,2022-07-11,128,136,380,62,39,0
Bengaluru,2022-07-12,100,151,362,66,30,3
Bengaluru,2022-07-13,87,229,195,32,8,1
Bengaluru,2022-07-14,124,133,181,79,17,0
Bengaluru,2022-07-15,115,102,245,85,11,4
Bengaluru,2022-07-16,116,79,260,41,15,2
Bengaluru,2022-07-17,74,268,342,45,35,3
Bengaluru,2022-07-18,112,247,134,70,13,1
Bengaluru,2022-07-19,73,105,284,29,7,3
Bengaluru,2022-07-20,71,142,174,83,47,0
Bengaluru,2022-07-21,80,259,172,79,8,0
Bengaluru,2022-07-22,86,267,155,79,30,4
Bengaluru,2022-07-23,117,110,382,28,12,3
Bengaluru,2022-07-24,96,290,300,72,29,1
Bengaluru,2022-07-25,93,127,291,53,8,3
Bengaluru,2022-07-26,101,155,304,94,45,4
Bengaluru,2022-07-27,81,239,311,78,28,3
Bengaluru,2022-07-28,94,202,384,71,10,1
Bengaluru,2022-07-29,85,203,246,86,27,3
Bengaluru,2022-07-30,78,134,263,42,23,3
Bengaluru,2022-07-31,91,181,384,63,21,4
Bengaluru,2022-08-01,128,143,374,91,6,2
Bengaluru,2022-08-02,78,241,178,86,28,2
Bengaluru,2022-08-03,123,247,265,47,17,3
Bengaluru,2022-08-04,73,88,314,21,19,3
Bengaluru,2022-08-05,91,172,372,30,41,4
Bengaluru,2022-08-06,118,89,170,85,28,1
Bengaluru,2022-08-07,91,179,113,23,36,3
Bengaluru,2022-08-08,113,183,124,67,46,2
Bengaluru,2022-08-09,112,149,333,32,5,1
Bengaluru,2022-08-10,70,120,274,53,32,4
Bengaluru,2022-08-11,106,133,260,52,40,2
Bengaluru,2022-08-12,122,290,317,40,16,2
Bengaluru,2022-08-13,124,114,119,42,16,3
Bengaluru,2022-08-14,127,242,378,26,6,3
Bengaluru,2022-08-15,125,111,275,73,20,0
Bengaluru,2022-08-16,121,282,371,22,48,4
Bengaluru,2022-08-17,116,65,225,76,29,4
Bengaluru,2022-08-18,87,259,95,42,9,0
Bengaluru,2022-08-19,119,134,224,58,25,3
Bengaluru,2022-08-20,102,192,257,68,32,4
Bengaluru,2022-08-21,99,217,395,79,18,4
Bengaluru,2022-08-22,125,281,242,38,9,0
Bengaluru,2022-08-23,99,165,341,31,40,2
Bengaluru,2022-08-24,103,126,271,60,24,1
Bengaluru,2022-08-25,120,289,362,46,44,2
Bengaluru,2022-08-26,89,275,255,91,22,3
Bengaluru,2022-08-27,117,267,395,39,39,3
Bengaluru,2022-08-28,74,179,315,86,33,0
Bengaluru,2022-08-29,106,154,219,38,41,2
Bengaluru,2022-08-30,103,246,182,33,44,2
Bengaluru,2022-08-31,107,298,120,93,22,1
Bengaluru,2022-09-01,124,210,119,77,32,1
Bengaluru,2022-09-02,114,162,251,88,22,3
Bengaluru,2022-09-03,92,239,272,46,11,4
Bengaluru,2022-09-04,90,208,292,40,34,1
Bengaluru,2022-09-05,148,263,293,52,33,3
Bengaluru,2022-09-06,93,274,96,75,23,1
Bengaluru,2022-09-07,120,192,255,32,41,2
Bengaluru,2022-09-08,142,245,135,95,36,1
Bengaluru,2022-09-09,116,124,376,89,10,3
Bengaluru,2022-09-10,99,255,358,36,5,2
Bengaluru,2022-09-11,126,256,379,68,36,0
Bengaluru,2022-09-12,118,135,354,27,32,1
Bengaluru,2022-09-13,94,145,272,89,44,3
Bengaluru,2022-09-14,117,77,311,37,20,3
Bengaluru,2022-09-15,125,68,168,45,7,2
Bengaluru,2022-09-16,110,100,348,45,30,0
Bengaluru,2022-09-17,102,200,351,82,22,2
Bengaluru,2022-09-18,106,116,118,22,46,0
Bengaluru,2022-09-19,106,274,374,50,38,1
Bengaluru,2022-09-20,99,53,204,47,25,1
Bengaluru,2022-09-21,128,240,81,98,48,0
Bengaluru,2022-09-22,132,268,374,93,8,1
Bengaluru,2022-09-23,143,168,310,55,12,1
Bengaluru,2022-09-24,146,144,90,37,18,0
Bengaluru,2022-09-25,109,136,334,24,23,4
Bengaluru,2022-09-26,94,219,332,52,20,1
Bengaluru,2022-09-27,106,160,352,71,35,0
Bengaluru,2022-09-28,111,154,201,55,30,2
Bengaluru,2022-09-29,108,168,84,46,13,2
Bengaluru,2022-09-30,128,247,230,70,36,2
Bengaluru,2022-10-01,118,80,386,50,18,4
Bengaluru,2022-10-02,117,156,267,65,23,3
Bengaluru,2022-10-03,148,226,102,36,34,3
Bengaluru,2022-10-04,116,270,333,86,17,3
Bengaluru,2022-10-05,109,236,137,42,27,0
Bengaluru,2022-10-06,114,296,394,47,9,4
Bengaluru,2022-10-07,139,203,176,37,25,2
Bengaluru,2022-10-08,130,100,255,72,27,3
Bengaluru,2022-10-09,117,284,179,42,29,3
Bengaluru,2022-10-10,95,59,109,39,11,4
Bengaluru,2022-10-11,125,121,360,47,42,2
Bengaluru,2022-10-12,110,291,149,48,42,2
Bengaluru,2022-10-13,94,238,377,49,35,4
Bengaluru,2022-10-14,124,250,133,26,34,2
Bengaluru,2022-10-15,141,168,345,43,7,4
Bengaluru,2022-10-16,141,143,168,62,36,3
Bengaluru,2022-10-17,127,128,196,62,9,4
Bengaluru,2022-10-18,123,97,293,70,35,0
Bengaluru,2022-10-19,97,109,185,63,29,0
Bengaluru,2022-10-20,93,153,86,38,38,0
Bengaluru,2022-10-21,137,96,264,87,47,0
Bengaluru,2022-10-22,123,197,182,70,14,1
Bengaluru,2022-10-23,95,178,324,33,10,2
Bengaluru,2022-10-24,143,227,364,32,10,3
Bengaluru,2022-10-25,141,285,205,43,23,3
Bengaluru,2022-10-26,147,130,324,94,34,1
Bengaluru,2022-10-27,117,69,288,45,8,0
Bengaluru,2022-10-28,116,253,169,24,49,1
Bengaluru,2022-10-29,139,189,297,57,30,4
Bengaluru,2022-10-30,145,213,140,73,21,2
Bengaluru,2022-10-31,104,139,397,48,25,3
Bengaluru,2022-11-01,177,117,356,78,34,2
Bengaluru,2022-11-02,178,69,125,88,20,1
Bengaluru,2022-11-03,161,249,105,54,39,0
Bengaluru,2022-11-04,189,118,258,55,32,2
Bengaluru,2022-11-05,167,250,182,73,14,0
Bengaluru,2022-11-06,144,152,110,24,25,4
Bengaluru,2022-11-07,143,113,337,90,37,3
Bengaluru,2022-11-08,164,249,320,97,49,2
Bengaluru,2022-11-09,143,102,264,28,49,1
Bengaluru,2022-11-10,151,127,144,77,12,2
Bengaluru,2022-11-11,181,197,303,28,18,0
Bengaluru,2022-11-12,169,179,193,38,22,4
Bengaluru,2022-11-13,143,79,181,40,13,0
Bengaluru,2022-11-14,148,274,363,79,45,4
Bengaluru,2022-11-15,188,273,381,37,43,3
Bengaluru,2022-11-16,178,105,347,93,27,4
Bengaluru,2022-11-17,169,52,111,40,30,4
Bengaluru,2022-11-18,192,272,357,50,31,4
Bengaluru,2022-11-19,193,154,291,29,20,2
Bengaluru,2022-11-20,142,63,363,28,40,1
Bengaluru,2022-11-21,168,281,331,54,21,1
Bengaluru,2022-11-22,155,86,148,51,32,4
Bengaluru,2022-11-23,141,228,285,72,24,2
Bengaluru,2022-11-24,186,204,180,63,15,4
Bengaluru,2022-11-25,191,107,176,89,31,3
Bengaluru,2022-11-26,157,184,165,96,31,0
Bengaluru,2022-11-27,179,190,166,63,42,3
Bengaluru,2022-11-28,188,165,243,75,41,3
Bengaluru,2022-11-29,180,129,282,97,49,1
Bengaluru,2022-11-30,165,297,166,53,38,0
Bengaluru,2022-12-01,161,186,298,33,19,4
Bengaluru,2022-12-02,142,106,131,66,42,2
Bengaluru,2022-12-03,183,119,310,72,34,3
Bengaluru,2022-12-04,178,68,267,78,31,3
Bengaluru,2022-12-05,174,209,210,79,9,0
Bengaluru,2022-12-06,162,155,251,69,25,0
Bengaluru,2022-12-07,142,134,146,94,37,0
Bengaluru,2022-12-08,188,80,322,91,45,1
Bengaluru,2022-12-09,177,288,144,89,44,4
Bengaluru,2022-12-10,164,200,383,84,44,2
Bengaluru,2022-12-11,195,70,330,70,34,2
Bengaluru,2022-12-12,175,98,224,69,26,1
Bengaluru,2022-12-13,198,294,112,76,34,0
Bengaluru,2022-12-14,143,78,217,80,21,2
Bengaluru,2022-12-15,164,210,356,53,35,3
Bengaluru,2022-12-16,186,186,109,87,23,3
Bengaluru,2022-12-17,170,88,252,96,6,3
Bengaluru,2022-12-18,149,227,289,66,42,3
Bengaluru,2022-12-19,180,196,279,90,39,0
Bengaluru,2022-12-20,177,190,345,33,47,1
Bengaluru,2022-12-21,179,86,252,64,24,1
Bengaluru,2022-12-22,161,82,338,65,19,2
Bengaluru,2022-12-23,163,159,176,84,48,0
Bengaluru,2022-12-24,167,57,144,91,38,4
Bengaluru,2022-12-25,162,209,319,47,22,4
Bengaluru,2022-12-26,160,105,106,35,32,4
Bengaluru,2022-12-27,190,284,361,81,38,3
Bengaluru,2022-12-28,164,285,251,40,44,0
Bengaluru,2022-12-29,179,93,156,25,46,0
Bengaluru,2022-12-30,148,168,97,23,5,0
Bengaluru,2022-12-31,192,214,279,26,24,0
Bengaluru,2023-01-01,167,285,350,30,26,1
Bengaluru,2023-01-02,154,76,117,85,29,1
Bengaluru,2023-01-03,190,209,239,42,25,3
Bengaluru,2023-01-04,199,165,358,52,17,1
Bengaluru,2023-01-05,160,298,298,79,26,4
Bengaluru,2023-01-06,162,169,187,69,48,0
Bengaluru,2023-01-07,190,75,257,40,38,1
Bengaluru,2023-01-08,188,237,237,20,34,1
Bengaluru,2023-01-09,193,144,264,99,18,0
Bengaluru,2023-01-10,187,109,354,83,11,4
Bengaluru,2023-01-11,186,132,168,46,17,0
Bengaluru,2023-01-12,187,149,106,28,31,1
Bengaluru,2023-01-13,188,178,190,90,25,1
Bengaluru,2023-01-14,189,113,204,58,25,1
Bengaluru,2023-01-15,149,109,135,43,27,4
Bengaluru,2023-01-16,169,292,283,28,49,4
Bengaluru,2023-01-17,170,222,396,54,26,1
Bengaluru,2023-01-18,145,148,158,61,13,1
Bengaluru,2023-01-19,155,209,239,82,43,3
Bengaluru,2023-01-20,154,274,288,92,37,1
Bengaluru,2023-01-21,191,161,348,30,29,3
Bengaluru,2023-01-22,165,257,312,99,35,0
Bengaluru,2023-01-23,143,76,385,40,32,4
Bengaluru,2023-01-24,193,85,282,71,5,3
Bengaluru,2023-01-25,195,106,116,42,8,2
Bengaluru,2023-01-26,166,196,360,90,33,0
Bengaluru,2023-01-27,172,116,331,20,24,4
Bengaluru,2023-01-28,174,105,246,24,14,4
Bengaluru,2023-01-29,158,202,358,97,40,3
Bengaluru,2023-01-30,181,55,324,26,6,0
Bengaluru,2023-01-31,157,280,397,84,45,2
Bengaluru,2023-02-01,130,97,157,62,10,3
Bengaluru,2023-02-02,100,63,128,83,31,4
Bengaluru,2023-02-03,146,113,85,30,48,3
Bengaluru,2023-02-04,113,212,288,50,42,2
Bengaluru,2023-02-05,139,113,122,48,23,2
Bengaluru,2023-02-06,132,257,352,47,22,2
Bengaluru,2023-02-07,106,226,122,58,10,3
Bengaluru,2023-02-08,112,64,313,27,36,0
Bengaluru,2023-02-09,92,162,245,32,19,3
Bengaluru,2023-02-10,108,283,238,47,11,3
Bengaluru,2023-02-11,138,250,346,45,8,2
Bengaluru,2023-02-12,92,276,368,55,11,4
Bengaluru,2023-02-13,101,143,103,92,21,3
Bengaluru,2023-02-14,93,205,147,82,33,3
Bengaluru,2023-02-15,123,190,325,27,28,2
Bengaluru,2023-02-16,142,133,382,23,37,4
Bengaluru,2023-02-17,145,148,377,51,8,0
Bengaluru,2023-02-18,142,133,229,95,6,4
Bengaluru,2023-02-19,94,181,147,77,10,4
Bengaluru,2023-02-20,90,193,280,25,17,4
Bengaluru,2023-02-21,131,86,304,39,32,0
Bengaluru,2023-02-22,129,162,284,28,8,0
Bengaluru,2023-02-23,129,51,148,88,30,2
Bengaluru,2023-02-24,135,169,379,83,22,4
Bengaluru,2023-02-25,142,261,275,87,11,4
Bengaluru,2023-02-26,92,125,120,64,48,4
Bengaluru,2023-02-27,95,110,148,98,10,3
Bengaluru,2023-02-28,128,88,235,36,33,1
Bengaluru,2023-03-01,109,56,386,74,49,0
Bengaluru,2023-03-02,98,267,383,57,7,0
Bengaluru,2023-03-03,104,264,342,34,39,3
Bengaluru,2023-03-04,127,57,259,91,32,3
Bengaluru,2023-03-05,128,296,172,95,21,3
Bengaluru,2023-03-06,125,218,332,59,44,2
Bengaluru,2023-03-07,130,111,368,41,38,4
Bengaluru,2023-03-08,103,220,299,31,44,4
Bengaluru,2023-03-09,136,146,109,36,26,1
Bengaluru,2023-03-10,96,209,137,34,29,0
Bengaluru,2023-03-11,138,239,154,76,21,3
Bengaluru,2023-03-12,99,140,128,33,31,3
Bengaluru,2023-03-13,148,248,259,83,42,4
Bengaluru,2023-03-14,105,141,160,96,37,0
Bengaluru,2023-03-15,99,241,273,29,10,1
Bengaluru,2023-03-16,103,183,273,66,34,2
Bengaluru,2023-03-17,97,190,197,79,18,3
Bengaluru,2023-03-18,109,148,308,57,36,0
Bengaluru,2023-03-19,134,142,350,42,12,1
Bengaluru,2023-03-20,108,193,361,24,37,0
Bengaluru,2023-03-21,136,181,280,76,36,3
Bengaluru,2023-03-22,143,156,375,64,37,0
Bengaluru,2023-03-23,147,85,316,67,36,0
Bengaluru,2023-03-24,105,298,177,65,27,2
Bengaluru,2023-03-25,115,272,299,88,46,0
Bengaluru,2023-03-26,141,274,125,23,5,3
Bengaluru,2023-03-27,113,254,89,59,44,0
Bengaluru,2023-03-28,149,75,268,22,13,3
Bengaluru,2023-03-29,93,165,220,78,25,0
Bengaluru,2023-03-30,125,234,194,47,7,1
Bengaluru,2023-03-31,131,100,202,79,32,0
Bengaluru,2023-04-01,116,100,84,42,11,4
Bengaluru,2023-04-02,127,92,310,29,32,3
Bengaluru,2023-04-03,141,258,353,66,46,4
Bengaluru,2023-04-04,130,217,256,30,10,0
Bengaluru,2023-04-05,91,291,148,60,18,1
Bengaluru,2023-04-06,90,109,174,77,12,4
Bengaluru,2023-04-07,103,253,234,63,23,3
Bengaluru,2023-04-08,129,267,104,94,17,0
Bengaluru,2023-04-09,114,90,172,50,37,0
Bengaluru,2023-04-10,90,121,331,94,43,3
Bengaluru,2023-04-11,129,210,89,44,6,2
Bengaluru,2023-04-12,102,169,272,28,6,1
Bengaluru,2023-04-13,113,195,240,26,13,1
Bengaluru,2023-04-14,144,66,358,36,32,3
Bengaluru,2023-04-15,103,273,268,98,21,3
Bengaluru,2023-04-16,92,87,351,72,33,2
Bengaluru,2023-04-17,109,273,275,80,35,0
Bengaluru,2023-04-18,149,85,311,46,23,4
Bengaluru,2023-04-19,148,97,305,33,45,4
Bengaluru,2023-04-20,121,128,391,41,20,2
Bengaluru,2023-04-21,140,130,276,81,40,2
Bengaluru,2023-04-22,91,270,321,82,18,3
Bengaluru,2023-04-23,98,148,317,66,32,2
Bengaluru,2023-04-24,101,215,202,83,40,1
Bengaluru,2023-04-25,129,70,371,41,45,2
Bengaluru,2023-04-26,135,176,251,27,46,4
Bengaluru,2023-04-27,118,127,263,47,22,2
Bengaluru,2023-04-28,145,108,275,42,48,2
Bengaluru,2023-04-29,100,114,395,72,30,0
Bengaluru,2023-04-30,144,145,361,97,12,4
Bengaluru,2023-05-01,112,154,218,84,28,1
Bengaluru,2023-05-02,123,293,122,51,47,4
Bengaluru,2023-05-03,143,267,221,32,48,3
Bengaluru,2023-05-04,117,91,215,33,49,2
Bengaluru,2023-05-05,129,222,304,59,41,0
Bengaluru,2023-05-06,114,74,182,28,42,3
Bengaluru,2023-05-07,140,150,264,86,43,2
Bengaluru,2023-05-08,111,57,186,75,39,3
Bengaluru,2023-05-09,100,103,128,98,24,4
Bengaluru,2023-05-10,96,113,319,99,22,1
Bengaluru,2023-05-11,145,111,206,31,17,2
Bengaluru,2023-05-12,131,71,177,96,48,0
Bengaluru,2023-05-13,135,57,128,47,36,2
Bengaluru,2023-05-14,117,297,255,21,28,0
Bengaluru,2023-05-15,106,238,156,80,9,1
Bengaluru,2023-05-16,139,77,247,70,42,1
Bengaluru,2023-05-17,96,144,240,74,40,2
Bengaluru,2023-05-18,145,186,179,20,15,0
Bengaluru,2023-05-19,110,102,104,42,28,4
Bengaluru,2023-05-20,104,204,281,87,40,4
Bengaluru,2023-05-21,127,251,339,35,37,0
Bengaluru,2023-05-22,121,69,388,33,8,4
Bengaluru,2023-05-23,145,245,290,32,24,4
Bengaluru,2023-05-24,114,164,211,29,16,0
Bengaluru,2023-05-25,137,177,396,79,49,2
Bengaluru,2023-05-26,101,298,388,45,6,0
Bengaluru,2023-05-27,140,158,163,97,47,1
Bengaluru,2023-05-28,113,206,243,29,34,4
Bengaluru,2023-05-29,101,76,160,24,27,0
Bengaluru,2023-05-30,149,295,167,61,11,4
Bengaluru,2023-05-31,140,252,125,32,15,2
Bengaluru,2023-06-01,125,64,154,33,12,2
Bengaluru,2023-06-02,88,233,249,56,48,1
Bengaluru,2023-06-03,109,141,232,23,33,4
Bengaluru,2023-06-04,120,277,286,60,35,0
Bengaluru,2023-06-05,74,148,142,22,25,1
Bengaluru,2023-06-06,118,192,248,29,25,1
Bengaluru,2023-06-07,112,130,172,26,13,2
Bengaluru,2023-06-08,111,105,112,62,24,3
Bengaluru,2023-06-09,99,175,208,89,44,3
Bengaluru,2023-06-10,73,284,116,61,20,3
Bengaluru,2023-06-11,96,281,194,32,28,1
Bengaluru,2023-06-12,106,280,303,54,33,1
Bengaluru,2023-06-13,110,253,81,93,23,4
Bengaluru,2023-06-14,96,221,307,91,34,4
Bengaluru,2023-06-15,112,287,173,71,38,1
Bengaluru,2023-06-16,113,166,333,29,24,1
Bengaluru,2023-06-17,92,137,219,20,9,1
Bengaluru,2023-06-18,128,148,176,29,26,3
Bengaluru,2023-06-19,119,122,131,77,6,2
Bengaluru,2023-06-20,95,154,329,88,17,1
Bengaluru,2023-06-21,79,105,149,47,23,4
Bengaluru,2023-06-22,119,222,319,58,42,0
Bengaluru,2023-06-23,108,144,93,68,45,3
Bengaluru,2023-06-24,126,130,337,29,37,0
Bengaluru,2023-06-25,95,199,172,49,25,1
Bengaluru,2023-06-26,108,266,160,89,17,1
Bengaluru,2023-06-27,79,159,131,91,24,1
Bengaluru,2023-06-28,94,77,390,57,16,0
Bengaluru,2023-06-29,70,152,118,76,48,0
Bengaluru,2023-06-30,118,104,192,56,19,2
Bengaluru,2023-07-01,126,205,252,65,24,4
Bengaluru,2023-07-02,94,223,96,89,22,0
Bengaluru,2023-07-03,85,168,101,67,41,2
Bengaluru,2023-07-04,128,299,220,54,9,2
Bengaluru,2023-07-05,72,297,344,40,7,4
Bengaluru,2023-07-06,99,81,167,46,16,1
Bengaluru,2023-07-07,110,134,143,78,49,4
Bengaluru,2023-07-08,81,99,135,31,6,3
Bengaluru,2023-07-09,71,58,374,52,43,3
Bengaluru,2023-07-10,104,196,86,72,32,2
Bengaluru,2023-07-11,99,197,163,90,44,3
Bengaluru,2023-07-12,112,239,398,28,6,3
Bengaluru,2023-07-13,89,241,333,53,24,0
Bengaluru,2023-07-14,126,122,196,56,42,4
Bengaluru,2023-07-15,116,270,144,59,10,4
Bengaluru,2023-07-16,84,249,267,97,29,1
Bengaluru,2023-07-17,87,72,277,35,16,2
Bengaluru,2023-07-18,114,54,367,97,24,3
Bengaluru,2023-07-19,129,92,397,99,12,0
Bengaluru,2023-07-20,72,87,153,82,32,1
Bengaluru,2023-07-21,110,146,231,69,31,0
Bengaluru,2023-07-22,110,258,372,65,34,0
Bengaluru,2023-07-23,86,247,143,70,46,4
Bengaluru,2023-07-24,95,297,301,38,27,4
Bengaluru,2023-07-25,91,57,331,74,49,1
Bengaluru,2023-07-26,123,101,357,74,5,0
Bengaluru,2023-07-27,119,208,251,24,17,3
Bengaluru,2023-07-28,91,112,333,69,5,4
Bengaluru,2023-07-29,77,122,318,94,34,4
Bengaluru,2023-07-30,106,164,213,30,28,3
Bengaluru,2023-07-31,114,221,81,89,36,3
Bengaluru,2023-08-01,87,183,271,73,46,1
Bengaluru,2023-08-02,83,87,246,21,13,1
Bengaluru,2023-08-03,108,87,290,41,36,0
Bengaluru,2023-08-04,91,167,94,34,24,2
Bengaluru,2023-08-05,114,92,108,83,36,2
Bengaluru,2023-08-06,125,244,222,69,40,2
Bengaluru,2023-08-07,123,105,132,51,19,3
Bengaluru,2023-08-08,85,142,117,89,34,1
Bengaluru,2023-08-09,75,241,238,25,22,0
Bengaluru,2023-08-10,81,282,361,59,11,4
Bengaluru,2023-08-11,114,260,350,71,11,1
Bengaluru,2023-08-12,102,141,146,89,30,1
Bengaluru,2023-08-13,73,151,361,72,13,1
Bengaluru,2023-08-14,129,153,176,88,24,0
Bengaluru,2023-08-15,98,142,199,73,22,2
Bengaluru,2023-08-16,72,109,343,80,29,1
Bengaluru,2023-08-17,125,235,297,31,32,3
Bengaluru,2023-08-18,81,285,292,83,36,4
Bengaluru,2023-08-19,123,156,194,46,37,2
Bengaluru,2023-08-20,103,113,317,68,36,3
Bengaluru,2023-08-21,85,249,155,51,28,0
Bengaluru,2023-08-22,121,213,187,95,32,0
Bengaluru,2023-08-23,109,70,210,60,10,3
Bengaluru,2023-08-24,83,96,370,79,15,3
Bengaluru,2023-08-25,124,83,180,92,22,3
Bengaluru,2023-08-26,118,287,384,27,26,1
Bengaluru,2023-08-27,111,161,176,65,45,2
Bengaluru,2023-08-28,100,241,397,70,33,0
Bengaluru,2023-08-29,101,129,378,80,49,3
Bengaluru,2023-08-30,123,279,338,36,27,3
Bengaluru,2023-08-31,120,289,395,51,23,0
Bengaluru,2023-09-01,96,97,86,24,27,0
Bengaluru,2023-09-02,111,80,107,32,43,4
Bengaluru,2023-09-03,108,99,293,77,36,3
Bengaluru,2023-09-04,96,226,370,34,49,2
Bengaluru,2023-09-05,147,167,266,96,23,4
Bengaluru,2023-09-06,141,191,226,87,32,3
Bengaluru,2023-09-07,125,129,378,90,26,2
Bengaluru,2023-09-08,135,222,212,45,19,1
Bengaluru,2023-09-09,145,58,240,20,10,3
Bengaluru,2023-09-10,121,231,203,30,32,0
Bengaluru,2023-09-11,123,99,239,37,48,0
Bengaluru,2023-09-12,95,143,94,95,30,2
Bengaluru,2023-09-13,117,280,270,58,34,0
Bengaluru,2023-09-14,94,111,306,82,22,2
Bengaluru,2023-09-15,95,147,252,29,6,2
Bengaluru,2023-09-16,100,242,151,27,29,2
Bengaluru,2023-09-17,126,100,283,90,27,2
Bengaluru,2023-09-18,136,205,308,55,26,3
Bengaluru,2023-09-19,140,87,208,38,13,4
Bengaluru,2023-09-20,144,94,244,67,20,4
Bengaluru,2023-09-21,134,146,382,31,11,0
Bengaluru,2023-09-22,92,118,199,56,48,1
Bengaluru,2023-09-23,147,205,321,85,24,3
Bengaluru,2023-09-24,128,209,86,47,22,0
Bengaluru,2023-09-25,119,287,142,92,44,2
Bengaluru,2023-09-26,143,176,121,45,19,4
Bengaluru,2023-09-27,91,171,134,79,40,0
Bengaluru,2023-09-28,145,136,197,84,27,2
Bengaluru,2023-09-29,129,282,90,66,14,4
Bengaluru,2023-09-30,144,244,250,33,48,3
Bengaluru,2023-10-01,106,289,331,77,33,4
Bengaluru,2023-10-02,108,276,134,88,10,1
Bengaluru,2023-10-03,133,208,340,39,35,0
Bengaluru,2023-10-04,142,90,394,96,19,4
Bengaluru,2023-10-05,111,55,349,67,18,0
Bengaluru,2023-10-06,100,142,265,36,26,1
Bengaluru,2023-10-07,130,157,240,80,23,4
Bengaluru,2023-10-08,114,160,191,32,35,3
Bengaluru,2023-10-09,136,239,390,88,48,1
Bengaluru,2023-10-10,108,171,283,22,36,2
Bengaluru,2023-10-11,128,85,170,95,40,3
Bengaluru,2023-10-12,91,101,122,57,19,3
Bengaluru,2023-10-13,101,212,319,26,18,0
Bengaluru,2023-10-14,136,216,306,76,8,3
Bengaluru,2023-10-15,122,170,399,24,22,0
Bengaluru,2023-10-16,149,263,378,51,29,3
Bengaluru,2023-10-17,108,169,262,98,9,0
Bengaluru,2023-10-18,142,229,152,64,37,3
Bengaluru,2023-10-19,146,183,130,40,24,1
Bengaluru,2023-10-20,128,205,232,86,19,3
Bengaluru,2023-10-21,127,110,161,36,37,2
Bengaluru,2023-10-22,98,199,396,46,42,4
Bengaluru,2023-10-23,124,155,170,31,43,0
Bengaluru,2023-10-24,113,53,96,84,25,4
Bengaluru,2023-10-25,95,199,123,88,36,1
Bengaluru,2023-10-26,141,264,375,83,42,1
Bengaluru,2023-10-27,126,90,232,23,11,4
Bengaluru,2023-10-28,132,73,381,28,25,3
Bengaluru,2023-10-29,130,242,230,20,29,4
Bengaluru,2023-10-30,91,98,320,75,37,4
Bengaluru,2023-10-31,104,152,397,43,22,0
Bengaluru,2023-11-01,145,56,117,91,7,3
Bengaluru,2023-11-02,195,58,180,44,23,4
Bengaluru,2023-11-03,145,214,208,29,23,4
Bengaluru,2023-11-04,140,157,185,22,28,1
Bengaluru,2023-11-05,190,59,176,35,37,1
Bengaluru,2023-11-06,191,217,178,96,12,3
Bengaluru,2023-11-07,153,126,85,24,40,1
Bengaluru,2023-11-08,166,54,292,22,42,3
Bengaluru,2023-11-09,144,175,206,23,25,1
Bengaluru,2023-11-10,150,252,245,24,41,2
Bengaluru,2023-11-11,156,153,90,50,43,1
Bengaluru,2023-11-12,174,113,131,91,41,3
Bengaluru,2023-11-13,154,258,224,82,23,4
Bengaluru,2023-11-14,145,118,172,48,16,3
Bengaluru,2023-11-15,149,247,137,51,34,0
Bengaluru,2023-11-16,157,295,257,92,25,0
Bengaluru,2023-11-17,197,54,222,89,34,0
Bengaluru,2023-11-18,165,255,182,34,6,3
Bengaluru,2023-11-19,187,57,95,95,16,3
Bengaluru,2023-11-20,161,113,104,92,17,4
Bengaluru,2023-11-21,149,161,82,35,22,4
Bengaluru,2023-11-22,150,54,220,71,19,2
Bengaluru,2023-11-23,142,59,258,59,8,4
Bengaluru,2023-11-24,166,247,350,92,27,1
Bengaluru,2023-11-25,194,114,220,84,29,0
Bengaluru,2023-11-26,185,87,202,20,33,4
Bengaluru,2023-11-27,150,97,345,82,26,3
Bengaluru,2023-11-28,164,218,287,34,33,4
Bengaluru,2023-11-29,180,83,165,63,8,4
Bengaluru,2023-11-30,188,163,363,36,32,2
Bengaluru,2023-12-01,143,125,342,91,41,2
Bengaluru,2023-12-02,158,133,83,29,10,0
Bengaluru,2023-12-03,174,281,236,41,10,4
Bengaluru,2023-12-04,184,104,241,36,49,2
Bengaluru,2023-12-05,186,125,202,69,11,4
Bengaluru,2023-12-06,193,190,142,73,21,1
Bengaluru,2023-12-07,159,278,399,92,19,1
Bengaluru,2023-12-08,193,198,240,27,8,2
Bengaluru,2023-12-09,173,274,117,32,40,0
Bengaluru,2023-12-10,192,163,218,80,44,2
Bengaluru,2023-12-11,171,280,131,85,43,0
Bengaluru,2023-12-12,149,217,321,86,40,4
Bengaluru,2023-12-13,179,209,179,27,25,1
Bengaluru,2023-12-14,154,239,396,63,34,4
Bengaluru,2023-12-15,191,202,184,26,38,3
Bengaluru,2023-12-16,181,117,215,77,24,1
Bengaluru,2023-12-17,154,281,375,53,11,3
Bengaluru,2023-12-18,184,50,344,34,13,0
Bengaluru,2023-12-19,170,226,346,71,35,4
Bengaluru,2023-12-20,193,210,331,80,40,1
Bengaluru,2023-12-21,149,90,122,72,9,2
Bengaluru,2023-12-22,188,54,106,82,19,3
Bengaluru,2023-12-23,160,200,398,75,44,0
Bengaluru,2023-12-24,157,148,240,62,21,0
Bengaluru,2023-12-25,173,276,201,37,5,1
Bengaluru,2023-12-26,146,270,99,97,32,4
Bengaluru,2023-12-27,191,286,304,39,7,3
Bengaluru,2023-12-28,162,210,228,99,5,2
Bengaluru,2023-12-29,188,191,220,65,7,1
Bengaluru,2023-12-30,192,116,347,67,42,4
Bengaluru,2023-12-31,160,166,242,39,37,1
Bengaluru,2024-01-01,148,118,355,74,7,4
Bengaluru,2024-01-02,150,51,86,57,40,2
Bengaluru,2024-01-03,169,209,330,45,32,0
Bengaluru,2024-01-04,154,209,237,38,21,4
Bengaluru,2024-01-05,156,177,132,37,44,2
Bengaluru,2024-01-06,191,232,170,39,45,2
Bengaluru,2024-01-07,141,71,360,79,24,1
Bengaluru,2024-01-08,160,113,390,67,29,0
Bengaluru,2024-01-09,178,153,220,59,20,3
Bengaluru,2024-01-10,194,214,347,54,24,4
Bengaluru,2024-01-11,144,257,353,33,30,1
Bengaluru,2024-01-12,169,237,178,44,43,3
Bengaluru,2024-01-13,198,155,219,66,37,2
Bengaluru,2024-01-14,147,73,193,70,8,1
Bengaluru,2024-01-15,199,200,308,58,23,0
Bengaluru,2024-01-16,156,200,149,81,16,4
Bengaluru,2024-01-17,176,96,346,83,13,0
Bengaluru,2024-01-18,193,97,134,81,26,3
Bengaluru,2024-01-19,168,85,153,97,28,1
Bengaluru,2024-01-20,170,200,216,60,12,4
Bengaluru,2024-01-21,181,162,330,50,6,1
Bengaluru,2024-01-22,189,105,361,57,27,0
Bengaluru,2024-01-23,186,289,142,37,19,1
Bengaluru,2024-01-24,147,271,398,27,25,1
Bengaluru,2024-01-25,169,232,113,34,33,1
Bengaluru,2024-01-26,187,287,240,90,31,0
Bengaluru,2024-01-27,152,82,335,27,11,2
Bengaluru,2024-01-28,141,109,309,32,31,2
Bengaluru,2024-01-29,192,146,262,62,25,2
Bengaluru,2024-01-30,176,136,327,61,45,3
Bengaluru,2024-01-31,160,277,228,75,16,2
Bengaluru,2024-02-01,118,230,179,50,30,4
Bengaluru,2024-02-02,96,235,350,35,36,2
Bengaluru,2024-02-03,110,66,140,84,32,1
Bengaluru,2024-02-04,103,205,205,77,21,0
Bengaluru,2024-02-05,118,136,293,59,32,4
Bengaluru,2024-02-06,90,205,180,20,29,0
Bengaluru,2024-02-07,115,73,324,98,33,1
Bengaluru,2024-02-08,106,157,322,88,33,4
Bengaluru,2024-02-09,111,120,254,29,19,3
Bengaluru,2024-02-10,104,143,81,40,22,3
Bengaluru,2024-02-11,141,144,251,73,17,4
Bengaluru,2024-02-12,112,151,256,86,43,4
Bengaluru,2024-02-13,130,213,343,22,31,2
Bengaluru,2024-02-14,114,239,328,35,46,0
Bengaluru,2024-02-15,94,193,191,71,32,0
Bengaluru,2024-02-16,140,242,320,46,25,2
Bengaluru,2024-02-17,148,199,388,58,45,1
Bengaluru,2024-02-18,136,197,192,91,7,0
Bengaluru,2024-02-19,130,168,89,38,12,4
Bengaluru,2024-02-20,109,222,160,75,39,2
Bengaluru,2024-02-21,100,224,327,26,19,4
Bengaluru,2024-02-22,108,230,387,70,16,0
Bengaluru,2024-02-23,103,96,102,26,12,4
Bengaluru,2024-02-24,115,89,392,49,7,1
Bengaluru,2024-02-25,98,214,177,33,31,2
Bengaluru,2024-02-26,90,151,243,86,15,4
Bengaluru,2024-02-27,145,266,332,55,30,1
Bengaluru,2024-02-28,92,169,90,65,9,4
Bengaluru,2024-02-29,137,226,280,36,24,1
Bengaluru,2024-03-01,134,272,144,63,29,3
Bengaluru,2024-03-02,118,182,134,54,9,4
Bengaluru,2024-03-03,118,154,374,89,13,2
Bengaluru,2024-03-04,128,136,278,87,34,3
Bengaluru,2024-03-05,128,51,254,56,23,0
Bengaluru,2024-03-06,111,123,389,60,13,1
Bengaluru,2024-03-07,100,200,377,37,5,4
Bengaluru,2024-03-08,120,68,130,52,27,1
Bengaluru,2024-03-09,120,225,122,29,15,2
Bengaluru,2024-03-10,147,246,265,84,11,3
Bengaluru,2024-03-11,104,285,257,96,20,3
Bengaluru,2024-03-12,95,160,185,92,8,1
Bengaluru,2024-03-13,136,278,279,84,19,1
Bengaluru,2024-03-14,108,299,182,85,31,2
Bengaluru,2024-03-15,93,108,267,85,42,3
Bengaluru,2024-03-16,93,219,344,31,29,0
Bengaluru,2024-03-17,126,288,293,78,27,0
Bengaluru,2024-03-18,124,61,130,53,35,3
Bengaluru,2024-03-19,123,169,286,80,33,1
Bengaluru,2024-03-20,146,268,331,43,8,2
Bengaluru,2024-03-21,137,264,101,24,28,2
Bengaluru,2024-03-22,117,169,291,44,43,4
Bengaluru,2024-03-23,111,252,150,81,5,3
Bengaluru,2024-03-24,127,270,248,34,25,3
Bengaluru,2024-03-25,118,163,303,67,33,2
Bengaluru,2024-03-26,105,138,374,69,12,3
Bengaluru,2024-03-27,102,274,313,79,44,4
Bengaluru,2024-03-28,140,203,278,82,7,3
Bengaluru,2024-03-29,125,177,344,78,18,2
Bengaluru,2024-03-30,96,211,345,44,13,4
Bengaluru,2024-03-31,108,255,397,62,22,4
Bengaluru,2024-04-01,146,209,117,49,41,3
Bengaluru,2024-04-02,112,157,378,23,38,4
Bengaluru,2024-04-03,139,298,368,70,24,2
Bengaluru,2024-04-04,139,245,379,78,15,2
Bengaluru,2024-04-05,140,242,373,21,48,0
Bengaluru,2024-04-06,102,244,315,27,41,3
Bengaluru,2024-04-07,90,230,209,92,9,4
Bengaluru,2024-04-08,110,235,332,54,22,4
Bengaluru,2024-04-09,135,113,394,43,20,4
Bengaluru,2024-04-10,141,230,103,29,22,1
Bengaluru,2024-04-11,132,245,306,53,49,4
Bengaluru,2024-04-12,104,146,188,70,8,2
Bengaluru,2024-04-13,119,160,232,32,10,0
Bengaluru,2024-04-14,123,256,161,93,49,4
Bengaluru,2024-04-15,111,209,95,83,10,2
Bengaluru,2024-04-16,92,174,230,26,7,0
Bengaluru,2024-04-17,124,147,380,65,31,4
Bengaluru,2024-04-18,122,87,363,35,25,0
Bengaluru,2024-04-19,102,178,262,49,48,4
Bengaluru,2024-04-20,105,183,282,93,35,4
Bengaluru,2024-04-21,107,254,162,81,35,0
Bengaluru,2024-04-22,122,187,297,90,37,0
Bengaluru,2024-04-23,95,52,159,73,11,1
Bengaluru,2024-04-24,104,107,299,91,32,2
Bengaluru,2024-04-25,111,145,223,57,41,4
Bengaluru,2024-04-26,118,130,346,53,23,4
Bengaluru,2024-04-27,134,268,131,29,29,1
Bengaluru,2024-04-28,134,293,264,48,44,2
Bengaluru,2024-04-29,117,129,224,98,39,2
Bengaluru,2024-04-30,95,237,323,95,19,4
Bengaluru,2024-05-01,145,102,285,79,18,1
Bengaluru,2024-05-02,100,120,123,21,29,2
Bengaluru,2024-05-03,100,270,255,24,25,0
Bengaluru,2024-05-04,105,107,289,85,20,1
Bengaluru,2024-05-05,116,96,391,48,18,4
Bengaluru,2024-05-06,140,232,171,46,16,1
Bengaluru,2024-05-07,143,277,80,87,35,2
Bengaluru,2024-05-08,139,151,99,97,14,4
Bengaluru,2024-05-09,102,177,269,73,39,4
Bengaluru,2024-05-10,98,69,115,98,9,3
Bengaluru,2024-05-11,123,214,162,85,23,1
Bengaluru,2024-05-12,134,224,298,60,40,4
Bengaluru,2024-05-13,149,57,128,59,28,3
Bengaluru,2024-05-14,136,287,182,75,29,3
Bengaluru,2024-05-15,149,211,358,49,18,4
Bengaluru,2024-05-16,98,164,195,86,35,0
Bengaluru,2024-05-17,141,252,252,90,44,2
Bengaluru,2024-05-18,125,261,292,43,28,4
Bengaluru,2024-05-19,93,173,215,39,49,1
Bengaluru,2024-05-20,146,106,127,89,42,2
Bengaluru,2024-05-21,93,96,159,27,17,4
Bengaluru,2024-05-22,123,176,286,74,43,3
Bengaluru,2024-05-23,130,297,80,39,19,1
Bengaluru,2024-05-24,132,155,177,52,37,2
Bengaluru,2024-05-25,111,283,396,23,29,4
Bengaluru,2024-05-26,124,100,143,36,47,4
Bengaluru,2024-05-27,93,188,313,38,9,4
Bengaluru,2024-05-28,101,241,394,36,12,2
Bengaluru,2024-05-29,148,187,166,53,39,2
Bengaluru,2024-05-30,114,210,93,80,44,4
Bengaluru,2024-05-31,138,288,112,80,24,2
Bengaluru,2024-06-01,110,55,332,79,45,0
Bengaluru,2024-06-02,121,105,359,94,23,4
Bengaluru,2024-06-03,80,271,243,70,16,4
Bengaluru,2024-06-04,129,60,129,74,31,2
Bengaluru,2024-06-05,87,104,216,83,9,0
Bengaluru,2024-06-06,84,144,265,36,31,3
Bengaluru,2024-06-07,72,119,86,22,40,3
Bengaluru,2024-06-08,78,247,160,31,44,4
Bengaluru,2024-06-09,99,158,255,92,38,0
Bengaluru,2024-06-10,97,189,382,47,5,2
Bengaluru,2024-06-11,87,67,278,81,18,4
Bengaluru,2024-06-12,119,261,258,20,8,3
Bengaluru,2024-06-13,71,90,175,94,31,1
Bengaluru,2024-06-14,90,92,368,80,27,0
Bengaluru,2024-06-15,110,165,366,62,28,1
Bengaluru,2024-06-16,111,107,150,83,12,1
Bengaluru,2024-06-17,85,83,253,22,47,2
Bengaluru,2024-06-18,71,144,291,40,35,3
Bengaluru,2024-06-19,113,243,382,31,8,1
Bengaluru,2024-06-20,89,87,97,39,10,1
Bengaluru,2024-06-21,96,222,129,34,15,4
Bengaluru,2024-06-22,99,139,324,87,48,0
Bengaluru,2024-06-23,96,235,372,22,44,1
Bengaluru,2024-06-24,98,214,208,71,45,1
Bengaluru,2024-06-25,90,146,240,91,43,0
Bengaluru,2024-06-26,91,291,357,55,13,4
Bengaluru,2024-06-27,74,233,264,97,44,3
Bengaluru,2024-06-28,104,186,111,65,14,3
Bengaluru,2024-06-29,125,134,295,97,14,0
Bengaluru,2024-06-30,126,244,369,23,17,4
Bengaluru,2024-07-01,73,201,130,76,5,2
Bengaluru,2024-07-02,124,103,198,64,37,0
Bengaluru,2024-07-03,104,294,129,30,23,3
Bengaluru,2024-07-04,127,213,105,29,36,2
Bengaluru,2024-07-05,86,176,283,39,26,3
Bengaluru,2024-07-06,78,143,313,22,33,4
Bengaluru,2024-07-07,112,122,308,68,28,2
Bengaluru,2024-07-08,71,81,259,28,31,4
Bengaluru,2024-07-09,120,209,368,28,23,2
Bengaluru,2024-07-10,127,287,94,47,10,0
Bengaluru,2024-07-11,106,201,181,61,16,1
Bengaluru,2024-07-12,110,281,219,86,18,1
Bengaluru,2024-07-13,97,134,183,72,38,1
Bengaluru,2024-07-14,107,111,399,77,21,4
Bengaluru,2024-07-15,116,115,308,86,20,3
Bengaluru,2024-07-16,118,122,353,98,41,4
Bengaluru,2024-07-17,89,171,179,89,21,3
Bengaluru,2024-07-18,120,127,231,63,45,2
Bengaluru,2024-07-19,93,141,185,22,28,1
Bengaluru,2024-07-20,101,199,115,34,11,3
Bengaluru,2024-07-21,110,277,250,64,25,3
Bengaluru,2024-07-22,93,61,378,88,20,4
Bengaluru,2024-07-23,102,62,137,23,5,0
Bengaluru,2024-07-24,108,199,358,69,45,3
Bengaluru,2024-07-25,93,232,339,90,8,2
Bengaluru,2024-07-26,127,100,159,35,49,3
Bengaluru,2024-07-27,97,214,95,23,25,2
Bengaluru,2024-07-28,70,52,284,76,36,4
Bengaluru,2024-07-29,124,252,378,45,5,4
Bengaluru,2024-07-30,124,143,380,31,35,0
Bengaluru,2024-07-31,78,173,272,47,47,4
Bengaluru,2024-08-01,117,76,193,72,17,4
Bengaluru,2024-08-02,118,114,270,26,13,3
Bengaluru,2024-08-03,129,70,376,20,17,0
Bengaluru,2024-08-04,123,165,346,93,40,3
Bengaluru,2024-08-05,91,203,376,27,11,0
Bengaluru,2024-08-06,88,186,132,79,29,2
Bengaluru,2024-08-07,119,261,265,23,14,3
Bengaluru,2024-08-08,93,296,158,84,39,0
Bengaluru,2024-08-09,102,98,306,60,38,4
Bengaluru,2024-08-10,92,122,366,78,21,4
Bengaluru,2024-08-11,117,256,262,20,41,1
Bengaluru,2024-08-12,120,121,339,27,39,1
Bengaluru,2024-08-13,112,125,282,67,31,1
Bengaluru,2024-08-14,121,108,133,62,28,1
Bengaluru,2024-08-15,70,298,376,26,15,4
Bengaluru,2024-08-16,87,250,275,97,24,0
Bengaluru,2024-08-17,89,71,136,99,18,0
Bengaluru,2024-08-18,97,95,368,28,43,2
Bengaluru,2024-08-19,101,210,381,29,23,3
Bengaluru,2024-08-20,121,106,330,39,28,0
Bengaluru,2024-08-21,113,194,320,28,21,3
Bengaluru,2024-08-22,124,104,305,77,28,4
Bengaluru,2024-08-23,108,57,246,93,7,2
Bengaluru,2024-08-24,88,265,119,60,28,0
Bengaluru,2024-08-25,74,55,192,95,47,3
Bengaluru,2024-08-26,87,273,313,20,21,3
Bengaluru,2024-08-27,95,270,175,51,11,2
Bengaluru,2024-08-28,107,274,154,97,42,3
Bengaluru,2024-08-29,104,165,349,22,25,4
Bengaluru,2024-08-30,92,237,157,69,6,1
Bengaluru,2024-08-31,73,209,294,49,14,3
Bengaluru,2024-09-01,113,59,389,92,47,4
Bengaluru,2024-09-02,99,203,273,26,12,2
Bengaluru,2024-09-03,148,61,252,84,28,1
Bengaluru,2024-09-04,125,285,365,97,25,2
Bengaluru,2024-09-05,102,139,263,44,32,0
Bengaluru,2024-09-06,133,285,277,58,18,3
Bengaluru,2024-09-07,134,230,143,26,8,0
Bengaluru,2024-09-08,141,285,380,47,25,4
Bengaluru,2024-09-09,126,299,375,58,49,1
Bengaluru,2024-09-10,129,141,157,37,36,1
Bengaluru,2024-09-11,125,238,386,53,6,4
Bengaluru,2024-09-12,138,290,187,74,7,4
Bengaluru,2024-09-13,149,53,235,21,26,2
Bengaluru,2024-09-14,127,165,152,37,25,4
Bengaluru,2024-09-15,103,219,87,49,38,1
Bengaluru,2024-09-16,106,189,122,83,28,1
Bengaluru,2024-09-17,138,205,322,79,40,4
Bengaluru,2024-09-18,146,269,356,40,48,1
Bengaluru,2024-09-19,93,90,162,56,32,0
Bengaluru,2024-09-20,97,296,342,85,15,1
Bengaluru,2024-09-21,148,219,86,87,33,0
Bengaluru,2024-09-22,109,63,346,71,43,2
Bengaluru,2024-09-23,136,120,101,43,20,1
Bengaluru,2024-09-24,107,252,80,93,25,4
Bengaluru,2024-09-25,141,166,366,59,30,3
Bengaluru,2024-09-26,123,209,150,84,38,4
Bengaluru,2024-09-27,111,67,324,31,41,2
Bengaluru,2024-09-28,108,162,236,54,12,3
Bengaluru,2024-09-29,140,136,256,78,17,0
Bengaluru,2024-09-30,97,152,224,36,26,2
Bengaluru,2024-10-01,111,203,311,21,24,1
Bengaluru,2024-10-02,133,284,241,78,42,0
Bengaluru,2024-10-03,101,145,212,44,25,4
Bengaluru,2024-10-04,109,64,383,38,41,2
Bengaluru,2024-10-05,147,99,269,70,44,0
Bengaluru,2024-10-06,102,211,380,31,24,3
Bengaluru,2024-10-07,109,63,369,70,38,4
Bengaluru,2024-10-08,103,242,348,43,24,4
Bengaluru,2024-10-09,94,121,280,55,47,2
Bengaluru,2024-10-10,143,195,196,26,39,0
Bengaluru,2024-10-11,109,232,151,76,19,2
Bengaluru,2024-10-12,144,226,246,35,44,3
Bengaluru,2024-10-13,112,119,343,83,12,4
Bengaluru,2024-10-14,135,69,288,74,15,0
Bengaluru,2024-10-15,136,58,148,44,33,2
Bengaluru,2024-10-16,110,96,214,95,26,1
Bengaluru,2024-10-17,99,241,346,94,18,0
Bengaluru,2024-10-18,118,191,179,40,8,1
Bengaluru,2024-10-19,128,263,99,99,48,2
Bengaluru,2024-10-20,99,87,346,91,41,4
Bengaluru,2024-10-21,131,92,117,54,17,4
Bengaluru,2024-10-22,111,142,282,26,15,4
Bengaluru,2024-10-23,126,54,351,27,25,3
Bengaluru,2024-10-24,141,56,339,62,30,3
Bengaluru,2024-10-25,114,211,395,68,7,0
Bengaluru,2024-10-26,134,158,300,25,40,1
Bengaluru,2024-10-27,101,92,138,77,35,3
Bengaluru,2024-10-28,137,132,137,89,44,3
Bengaluru,2024-10-29,117,273,234,42,23,3
Bengaluru,2024-10-30,147,187,235,76,29,4
Bengaluru,2024-10-31,117,169,364,30,36,2
Bengaluru,2024-11-01,143,178,170,74,43,1
Bengaluru,2024-11-02,165,165,114,37,27,4
Bengaluru,2024-11-03,186,129,331,74,46,4
Bengaluru,2024-11-04,166,241,220,39,19,4
Bengaluru,2024-11-05,171,176,335,89,48,1
Bengaluru,2024-11-06,192,264,249,32,8,4
Bengaluru,2024-11-07,162,114,139,31,8,4
Bengaluru,2024-11-08,151,66,201,45,12,2
Bengaluru,2024-11-09,168,204,83,89,15,2
Bengaluru,2024-11-10,171,244,311,48,48,2
Bengaluru,2024-11-11,145,90,234,98,32,3
Bengaluru,2024-11-12,191,260,97,20,41,0
Bengaluru,2024-11-13,152,282,152,98,32,3
Bengaluru,2024-11-14,155,249,340,70,12,0
Bengaluru,2024-11-15,150,146,175,94,27,0
Bengaluru,2024-11-16,187,126,288,89,13,1
Bengaluru,2024-11-17,158,251,280,40,6,2
Bengaluru,2024-11-18,153,264,159,80,40,2
Bengaluru,2024-11-19,167,236,81,58,22,0
Bengaluru,2024-11-20,179,122,240,52,12,1
Bengaluru,2024-11-21,186,251,131,95,10,0
Bengaluru,2024-11-22,176,192,320,37,17,3
Bengaluru,2024-11-23,183,93,390,69,45,0
Bengaluru,2024-11-24,146,92,394,48,47,2
Bengaluru,2024-11-25,164,129,181,20,18,3
Bengaluru,2024-11-26,147,59,285,36,29,0
Bengaluru,2024-11-27,172,233,366,90,11,3
Bengaluru,2024-11-28,188,201,395,73,33,2
Bengaluru,2024-11-29,182,172,112,84,38,1
Bengaluru,2024-11-30,190,170,109,35,12,1
Bengaluru,2024-12-01,151,213,363,24,39,1
Bengaluru,2024-12-02,176,82,209,52,47,3
Bengaluru,2024-12-03,177,56,207,66,38,2
Bengaluru,2024-12-04,148,60,255,61,36,2
Bengaluru,2024-12-05,170,267,83,92,41,3
Bengaluru,2024-12-06,174,285,362,80,18,0
Bengaluru,2024-12-07,167,94,259,63,16,3
Bengaluru,2024-12-08,181,278,138,23,19,4
Bengaluru,2024-12-09,174,205,288,30,43,3
Bengaluru,2024-12-10,168,254,238,23,32,0
Bengaluru,2024-12-11,176,190,117,40,37,0
Bengaluru,2024-12-12,195,295,396,36,28,0
Bengaluru,2024-12-13,157,157,114,78,44,0
Bengaluru,2024-12-14,142,147,389,32,5,4
Bengaluru,2024-12-15,181,153,333,36,48,0
Bengaluru,2024-12-16,158,81,322,66,12,0
Bengaluru,2024-12-17,160,77,315,86,7,0
Bengaluru,2024-12-18,147,199,379,74,24,1
Bengaluru,2024-12-19,163,74,166,24,26,2
Bengaluru,2024-12-20,188,117,111,77,17,4
Bengaluru,2024-12-21,186,275,394,44,11,2
Bengaluru,2024-12-22,186,252,359,49,34,0
Bengaluru,2024-12-23,141,168,201,34,41,2
Bengaluru,2024-12-24,172,171,282,66,18,4
Bengaluru,2024-12-25,199,274,175,58,44,3
Bengaluru,2024-12-26,178,178,99,42,28,4
Bengaluru,2024-12-27,170,78,86,73,27,3
Bengaluru,2024-12-28,199,210,205,53,24,2
Bengaluru,2024-12-29,179,74,173,44,23,1
Bengaluru,2024-12-30,192,109,352,48,19,0
Bengaluru,2024-12-31,173,165,88,35,11,2
Chennai,2019-01-01,200,243,137,68,41,0
Chennai,2019-01-02,202,79,177,26,11,1
Chennai,2019-01-03,169,110,206,96,45,2
Chennai,2019-01-04,160,63,383,22,40,1
Chennai,2019-01-05,171,80,344,62,42,2
Chennai,2019-01-06,161,162,159,23,12,2
Chennai,2019-01-07,162,122,156,73,39,3
Chennai,2019-01-08,154,74,367,70,32,3
Chennai,2019-01-09,156,244,295,43,5,2
Chennai,2019-01-10,150,154,322,20,5,3
Chennai,2019-01-11,181,77,304,87,5,3
Chennai,2019-01-12,163,287,144,52,44,2
Chennai,2019-01-13,197,66,245,49,43,2
Chennai,2019-01-14,192,232,144,54,41,2
Chennai,2019-01-15,209,83,169,44,28,3
Chennai,2019-01-16,164,289,338,30,31,4
Chennai,2019-01-17,151,192,223,75,17,3
Chennai,2019-01-18,168,237,221,21,17,2
Chennai,2019-01-19,194,188,345,29,16,3
Chennai,2019-01-20,164,75,136,76,5,3
Chennai,2019-01-21,179,296,354,31,36,4
Chennai,2019-01-22,190,92,302,31,38,4
Chennai,2019-01-23,153,159,88,73,13,0
Chennai,2019-01-24,151,226,144,85,35,4
Chennai,2019-01-25,165,149,174,45,46,1
Chennai,2019-01-26,152,164,295,35,43,4
Chennai,2019-01-27,192,217,171,73,28,2
Chennai,2019-01-28,155,255,360,70,28,3
Chennai,2019-01-29,187,208,94,58,38,3
Chennai,2019-01-30,160,228,293,97,11,4
Chennai,2019-01-31,180,295,113,46,40,2
Chennai,2019-02-01,146,194,133,46,5,3
Chennai,2019-02-02,114,196,343,28,15,0
Chennai,2019-02-03,139,162,84,71,22,3
Chennai,2019-02-04,100,185,345,63,37,1
Chennai,2019-02-05,113,241,165,40,16,1
Chennai,2019-02-06,147,153,116,40,40,2
Chennai,2019-02-07,107,161,266,75,45,3
Chennai,2019-02-08,150,76,308,90,9,0
Chennai,2019-02-09,153,261,110,24,5,3
Chennai,2019-02-10,113,253,367,46,13,0
Chennai,2019-02-11,159,137,293,81,27,2
Chennai,2019-02-12,136,141,309,83,34,3
Chennai,2019-02-13,140,54,107,36,25,3
Chennai,2019-02-14,150,91,344,99,20,1
Chennai,2019-02-15,122,291,97,91,11,0
Chennai,2019-02-16,110,296,268,30,23,3
Chennai,2019-02-17,100,119,284,32,34,4
Chennai,2019-02-18,111,58,262,73,31,1
Chennai,2019-02-19,144,71,185,87,43,3
Chennai,2019-02-20,132,207,352,57,35,1
Chennai,2019-02-21,144,120,333,57,43,2
Chennai,2019-02-22,149,196,355,41,9,2
Chennai,2019-02-23,145,65,137,39,31,1
Chennai,2019-02-24,114,128,255,96,34,2
Chennai,2019-02-25,105,249,348,84,32,4
Chennai,2019-02-26,145,153,206,88,40,2
Chennai,2019-02-27,134,276,384,28,28,2
Chennai,2019-02-28,104,286,213,32,32,1
Chennai,2019-03-01,112,243,340,39,41,3
Chennai,2019-03-02,136,100,382,37,6,0
Chennai,2019-03-03,119,172,166,85,38,3
Chennai,2019-03-04,100,103,378,96,24,2
Chennai,2019-03-05,151,83,251,41,5,0
Chennai,2019-03-06,154,78,162,86,8,4
Chennai,2019-03-07,152,181,355,77,32,3
Chennai,2019-03-08,118,275,223,35,10,4
Chennai,2019-03-09,155,277,147,55,27,4
Chennai,2019-03-10,140,185,215,35,7,0
Chennai,2019-03-11,119,180,287,32,37,4
Chennai,2019-03-12,139,110,96,67,46,1
Chennai,2019-03-13,101,278,373,30,39,4
Chennai,2019-03-14,108,285,97,50,8,4
Chennai,2019-03-15,106,236,312,87,18,2
Chennai,2019-03-16,138,206,327,59,27,0
Chennai,2019-03-17,106,280,379,34,14,3
Chennai,2019-03-18,115,230,381,66,48,0
Chennai,2019-03-19,130,183,291,77,39,4
Chennai,2019-03-20,117,152,396,63,24,4
Chennai,2019-03-21,103,265,95,38,5,2
Chennai,2019-03-22,106,119,278,60,21,1
Chennai,2019-03-23,149,202,130,66,6,4
Chennai,2019-03-24,107,70,291,48,34,1
Chennai,2019-03-25,148,200,296,24,15,3
Chennai,2019-03-26,108,54,96,31,37,1
Chennai,2019-03-27,101,229,83,45,8,3
Chennai,2019-03-28,155,137,329,55,47,2
Chennai,2019-03-29,106,121,165,78,8,2
Chennai,2019-03-30,133,136,289,62,43,3
Chennai,2019-03-31,116,99,93,42,6,3
Chennai,2019-04-01,137,285,179,93,32,4
Chennai,2019-04-02,150,91,169,53,44,2
Chennai,2019-04-03,105,107,353,74,12,2
Chennai,2019-04-04,119,122,196,83,6,2
Chennai,2019-04-05,159,117,341,61,31,2
Chennai,2019-04-06,146,89,206,57,5,4
Chennai,2019-04-07,106,174,117,60,6,0
Chennai,2019-04-08,108,112,372,45,43,0
Chennai,2019-04-09,111,195,113,90,29,4
Chennai,2019-04-10,102,163,115,46,34,1
Chennai,2019-04-11,133,254,179,50,13,4
Chennai,2019-04-12,148,132,230,28,19,1
Chennai,2019-04-13,134,167,253,46,36,4
Chennai,2019-04-14,102,263,94,91,35,4
Chennai,2019-04-15,142,122,373,51,20,0
Chennai,2019-04-16,141,137,365,90,23,0
Chennai,2019-04-17,129,67,298,59,26,3
Chennai,2019-04-18,111,115,177,39,32,0
Chennai,2019-04-19,154,169,294,66,11,2
Chennai,2019-04-20,122,195,333,64,5,3
Chennai,2019-04-21,101,70,328,73,17,4
Chennai,2019-04-22,155,263,98,84,24,1
Chennai,2019-04-23,143,188,255,81,21,0
Chennai,2019-04-24,126,266,218,25,33,3
Chennai,2019-04-25,150,74,324,59,24,2
Chennai,2019-04-26,127,57,392,39,36,2
Chennai,2019-04-27,125,273,309,89,26,3
Chennai,2019-04-28,126,274,347,47,31,3
Chennai,2019-04-29,126,184,203,43,15,4
Chennai,2019-04-30,135,216,92,53,46,4
Chennai,2019-05-01,129,293,204,98,17,0
Chennai,2019-05-02,112,237,134,50,35,0
Chennai,2019-05-03,127,250,363,38,26,2
Chennai,2019-05-04,139,78,136,67,22,4
Chennai,2019-05-05,121,189,383,26,44,4
Chennai,2019-05-06,138,203,145,55,22,0
Chennai,2019-05-07,134,277,391,57,35,0
Chennai,2019-05-08,117,76,340,75,31,0
Chennai,2019-05-09,118,65,210,51,33,0
Chennai,2019-05-10,157,126,110,87,29,2
Chennai,2019-05-11,139,53,329,24,26,0
Chennai,2019-05-12,128,280,322,83,36,2
Chennai,2019-05-13,146,109,293,20,26,4
Chennai,2019-05-14,121,64,367,69,25,0
Chennai,2019-05-15,123,294,200,24,38,3
Chennai,2019-05-16,103,116,221,52,34,4
Chennai,2019-05-17,147,236,265,95,19,3
Chennai,2019-05-18,102,69,82,82,11,1
Chennai,2019-05-19,119,266,193,28,9,2
Chennai,2019-05-20,103,266,101,20,11,4
Chennai,2019-05-21,153,200,303,79,46,0
Chennai,2019-05-22,132,270,328,51,23,3
Chennai,2019-05-23,159,278,122,71,35,2
Chennai,2019-05-24,107,251,85,98,16,2
Chennai,2019-05-25,135,227,381,77,44,4
Chennai,2019-05-26,105,298,364,60,39,3
Chennai,2019-05-27,156,150,121,75,8,4
Chennai,2019-05-28,137,288,108,99,48,2
Chennai,2019-05-29,158,138,201,82,43,0
Chennai,2019-05-30,136,145,174,69,10,2
Chennai,2019-05-31,150,53,193,49,15,2
Chennai,2019-06-01,127,180,226,80,33,4
Chennai,2019-06-02,104,248,108,63,38,4
Chennai,2019-06-03,115,201,111,33,27,0
Chennai,2019-06-04,127,66,126,53,23,3
Chennai,2019-06-05,123,281,160,45,44,1
Chennai,2019-06-06,131,118,105,48,17,0
Chennai,2019-06-07,132,198,227,46,17,1
Chennai,2019-06-08,92,116,179,26,35,1
Chennai,2019-06-09,107,272,99,39,21,0
Chennai,2019-06-10,125,262,335,50,20,2
Chennai,2019-06-11,111,84,113,56,39,2
Chennai,2019-06-12,89,246,195,67,36,2
Chennai,2019-06-13,93,176,320,25,46,0
Chennai,2019-06-14,87,262,184,43,38,0
Chennai,2019-06-15,101,233,195,39,17,3
Chennai,2019-06-16,84,68,271,56,27,1
Chennai,2019-06-17,105,280,285,98,8,2
Chennai,2019-06-18,118,266,103,51,31,3
Chennai,2019-06-19,81,248,371,57,10,1
Chennai,2019-06-20,100,276,373,62,5,2
Chennai,2019-06-21,113,224,299,20,32,1
Chennai,2019-06-22,80,247,244,94,12,0
Chennai,2019-06-23,126,140,232,61,36,1
Chennai,2019-06-24,113,225,367,88,20,2
Chennai,2019-06-25,106,241,172,72,13,1
Chennai,2019-06-26,119,226,289,28,21,1
Chennai,2019-06-27,89,293,227,37,41,2
Chennai,2019-06-28,92,297,241,73,12,4
Chennai,2019-06-29,134,210,221,86,42,0
Chennai,2019-06-30,98,275,120,56,28,3
Chennai,2019-07-01,110,176,334,56,41,3
Chennai,2019-07-02,131,236,322,86,39,3
Chennai,2019-07-03,83,212,378,66,13,4
Chennai,2019-07-04,122,274,133,36,16,1
Chennai,2019-07-05,128,269,393,78,25,0
Chennai,2019-07-06,107,184,169,83,11,0
Chennai,2019-07-07,109,295,233,78,24,3
Chennai,2019-07-08,93,255,298,74,10,3
Chennai,2019-07-09,113,114,284,26,29,1
Chennai,2019-07-10,130,268,117,91,33,3
Chennai,2019-07-11,111,138,397,25,28,1
Chennai,2019-07-12,103,120,370,23,14,3
Chennai,2019-07-13,128,235,394,37,22,3
Chennai,2019-07-14,126,275,206,88,37,3
Chennai,2019-07-15,109,249,330,63,16,2
Chennai,2019-07-16,108,100,118,79,44,0
Chennai,2019-07-17,116,162,391,59,30,1
Chennai,2019-07-18,123,290,158,33,9,4
Chennai,2019-07-19,137,217,358,55,45,3
Chennai,2019-07-20,132,276,163,58,46,0
Chennai,2019-07-21,83,140,257,76,5,0
Chennai,2019-07-22,83,287,321,30,18,0
Chennai,2019-07-23,90,216,232,91,41,2
Chennai,2019-07-24,99,145,182,49,22,2
Chennai,2019-07-25,137,276,192,20,15,0
Chennai,2019-07-26,130,274,90,94,13,3
Chennai,2019-07-27,90,82,396,56,6,1
Chennai,2019-07-28,125,138,101,69,43,0
Chennai,2019-07-29,136,100,360,80,20,1
Chennai,2019-07-30,99,182,238,82,39,0
Chennai,2019-07-31,84,205,145,59,49,0
Chennai,2019-08-01,135,88,225,54,41,1
Chennai,2019-08-02,106,71,207,56,9,2
Chennai,2019-08-03,107,54,222,45,19,1
Chennai,2019-08-04,121,282,266,27,42,4
Chennai,2019-08-05,83,121,280,93,45,4
Chennai,2019-08-06,113,141,397,57,22,1
Chennai,2019-08-07,117,69,167,95,37,1
Chennai,2019-08-08,113,58,260,38,35,3
Chennai,2019-08-09,94,53,83,92,20,3
Chennai,2019-08-10,89,96,227,36,39,0
Chennai,2019-08-11,112,130,230,63,31,3
Chennai,2019-08-12,90,236,341,21,43,4
Chennai,2019-08-13,82,206,343,31,16,4
Chennai,2019-08-14,114,293,306,60,13,0
Chennai,2019-08-15,132,233,366,46,13,1
Chennai,2019-08-16,124,211,315,95,27,4
Chennai,2019-08-17,98,120,374,73,37,3
Chennai,2019-08-18,96,201,343,94,24,4
Chennai,2019-08-19,132,223,274,47,19,3
Chennai,2019-08-20,110,182,135,26,45,4
Chennai,2019-08-21,81,118,165,78,22,0
Chennai,2019-08-22,108,161,92,70,22,2
Chennai,2019-08-23,130,201,256,36,27,4
Chennai,2019-08-24,92,65,276,71,12,3
Chennai,2019-08-25,117,72,399,25,18,0
Chennai,2019-08-26,136,242,191,50,45,1
Chennai,2019-08-27,97,142,372,54,8,3
Chennai,2019-08-28,83,74,361,69,24,2
Chennai,2019-08-29,107,134,160,68,33,4
Chennai,2019-08-30,115,151,163,53,43,2
Chennai,2019-08-31,100,249,109,30,40,0
Chennai,2019-09-01,136,157,238,84,13,2
Chennai,2019-09-02,119,207,100,59,13,3
Chennai,2019-09-03,148,168,354,73,37,0
Chennai,2019-09-04,157,61,87,30,46,0
Chennai,2019-09-05,150,209,227,98,45,1
Chennai,2019-09-06,156,66,291,21,28,2
Chennai,2019-09-07,143,267,111,27,36,1
Chennai,2019-09-08,147,223,126,53,7,4
Chennai,2019-09-09,159,90,221,51,18,2
Chennai,2019-09-10,143,198,355,61,43,1
Chennai,2019-09-11,118,231,120,29,48,1
Chennai,2019-09-12,102,269,365,32,45,1
Chennai,2019-09-13,121,180,174,94,6,0
Chennai,2019-09-14,152,149,227,60,18,1
Chennai,2019-09-15,154,143,342,33,9,2
Chennai,2019-09-16,120,206,151,36,34,0
Chennai,2019-09-17,112,206,365,29,48,2
Chennai,2019-09-18,157,123,336,76,31,0
Chennai,2019-09-19,130,178,114,95,31,3
Chennai,2019-09-20,120,83,278,62,16,3
Chennai,2019-09-21,140,81,261,42,34,1
Chennai,2019-09-22,145,171,270,92,17,3
Chennai,2019-09-23,116,109,96,54,41,1
Chennai,2019-09-24,137,171,88,53,26,2
Chennai,2019-09-25,139,252,143,94,14,0
Chennai,2019-09-26,154,177,248,60,44,2
Chennai,2019-09-27,124,227,151,50,30,2
Chennai,2019-09-28,125,206,330,40,44,3
Chennai,2019-09-29,144,146,136,70,6,1
Chennai,2019-09-30,106,275,174,26,24,0
Chennai,2019-10-01,138,285,356,51,36,4
Chennai,2019-10-02,110,68,344,93,12,0
Chennai,2019-10-03,104,272,342,56,11,1
Chennai,2019-10-04,114,194,117,53,48,0
Chennai,2019-10-05,152,75,380,35,49,0
Chennai,2019-10-06,100,236,247,35,20,4
Chennai,2019-10-07,130,128,133,91,25,3
Chennai,2019-10-08,114,133,120,60,11,4
Chennai,2019-10-09,150,147,97,21,35,2
Chennai,2019-10-10,123,295,291,93,23,4
Chennai,2019-10-11,119,179,396,64,12,0
Chennai,2019-10-12,119,76,199,86,6,2
Chennai,2019-10-13,104,254,89,39,47,2
Chennai,2019-10-14,116,86,277,28,36,1
Chennai,2019-10-15,123,208,305,26,48,1
Chennai,2019-10-16,150,153,216,57,33,2
Chennai,2019-10-17,150,131,279,48,22,3
Chennai,2019-10-18,141,287,304,48,12,4
Chennai,2019-10-19,154,112,202,62,43,1
Chennai,2019-10-20,115,254,274,65,20,2
Chennai,2019-10-21,121,219,330,94,24,4
Chennai,2019-10-22,122,240,129,96,26,4
Chennai,2019-10-23,144,270,295,61,9,3
Chennai,2019-10-24,127,71,232,84,6,4
Chennai,2019-10-25,102,83,137,49,13,3
Chennai,2019-10-26,136,83,374,54,32,0
Chennai,2019-10-27,126,55,140,42,24,2
Chennai,2019-10-28,119,224,393,79,28,0
Chennai,2019-10-29,140,185,115,62,6,0
Chennai,2019-10-30,109,217,88,49,14,2
Chennai,2019-10-31,154,258,143,98,25,4
Chennai,2019-11-01,153,54,372,20,43,4
Chennai,2019-11-02,164,112,298,73,31,0
Chennai,2019-11-03,192,99,278,78,22,4
Chennai,2019-11-04,152,123,361,91,20,2
Chennai,2019-11-05,192,88,375,68,47,2
Chennai,2019-11-06,167,293,131,30,23,0
Chennai,2019-11-07,205,199,117,90,10,2
Chennai,2019-11-08,165,148,205,32,31,0
Chennai,2019-11-09,192,132,228,42,31,0
Chennai,2019-11-10,178,299,344,97,23,3
Chennai,2019-11-11,170,160,398,50,47,4
Chennai,2019-11-12,190,257,219,58,48,2
Chennai,2019-11-13,199,192,275,28,22,2
Chennai,2019-11-14,193,219,296,77,23,2
Chennai,2019-11-15,164,216,263,75,22,1
Chennai,2019-11-16,198,105,209,65,45,3
Chennai,2019-11-17,199,56,138,92,21,3
Chennai,2019-11-18,190,197,117,80,6,1
Chennai,2019-11-19,186,173,232,32,17,1
Chennai,2019-11-20,202,261,182,41,17,4
Chennai,2019-11-21,192,261,83,92,42,1
Chennai,2019-11-22,188,151,294,66,48,3
Chennai,2019-11-23,172,178,343,35,8,2
Chennai,2019-11-24,194,289,190,93,44,1
Chennai,2019-11-25,150,232,195,69,32,3
Chennai,2019-11-26,162,66,222,65,21,1
Chennai,2019-11-27,199,72,285,84,47,1
Chennai,2019-11-28,186,197,310,62,9,0
Chennai,2019-11-29,196,266,366,94,48,3
Chennai,2019-11-30,209,224,144,40,49,4
Chennai,2019-12-01,201,295,143,85,23,2
Chennai,2019-12-02,163,161,323,99,12,0
Chennai,2019-12-03,162,86,266,44,12,3
Chennai,2019-12-04,198,143,239,44,27,0
Chennai,2019-12-05,177,175,283,54,33,1
Chennai,2019-12-06,161,141,303,85,18,2
Chennai,2019-12-07,202,176,96,50,38,1
Chennai,2019-12-08,195,54,171,43,8,1
Chennai,2019-12-09,159,224,180,25,35,0
Chennai,2019-12-10,158,256,140,76,48,1
Chennai,2019-12-11,209,86,208,90,42,1
Chennai,2019-12-12,192,55,147,47,37,4
Chennai,2019-12-13,182,50,247,20,45,4
Chennai,2019-12-14,179,176,176,94,28,4
Chennai,2019-12-15,150,166,255,26,14,2
Chennai,2019-12-16,167,180,235,27,46,1
Chennai,2019-12-17,150,233,305,97,10,4
Chennai,2019-12-18,189,70,134,40,5,2
Chennai,2019-12-19,199,61,158,77,45,3
Chennai,2019-12-20,209,62,297,67,30,4
Chennai,2019-12-21,156,174,147,45,27,4
Chennai,2019-12-22,190,192,219,71,34,4
Chennai,2019-12-23,168,220,338,94,16,4
Chennai,2019-12-24,188,77,344,40,47,2
Chennai,2019-12-25,205,297,277,37,5,3
Chennai,2019-12-26,200,78,227,59,12,2
Chennai,2019-12-27,203,139,306,92,34,0
Chennai,2019-12-28,193,179,270,82,21,3
Chennai,2019-12-29,188,197,393,30,23,4
Chennai,2019-12-30,169,177,143,75,16,3
Chennai,2019-12-31,166,213,281,32,16,3
Chennai,2020-01-01,197,189,262,43,27,0
Chennai,2020-01-02,168,70,103,74,7,4
Chennai,2020-01-03,205,187,282,54,40,2
Chennai,2020-01-04,174,129,277,63,30,1
Chennai,2020-01-05,158,118,151,99,30,2
Chennai,2020-01-06,166,77,309,94,7,2
Chennai,2020-01-07,152,111,280,63,41,4
Chennai,2020-01-08,153,277,274,21,32,3
Chennai,2020-01-09,161,254,143,32,39,2
Chennai,2020-01-10,175,133,369,42,17,4
Chennai,2020-01-11,209,151,207,60,16,3
Chennai,2020-01-12,156,266,260,92,49,1
Chennai,2020-01-13,193,190,345,62,18,1
Chennai,2020-01-14,153,163,213,64,5,2
Chennai,2020-01-15,151,125,328,47,48,0
Chennai,2020-01-16,204,97,286,63,14,4
Chennai,2020-01-17,160,235,142,59,46,2
Chennai,2020-01-18,173,232,81,59,19,0
Chennai,2020-01-19,183,269,255,89,18,0
Chennai,2020-01-20,201,75,233,48,31,0
Chennai,2020-01-21,203,55,204,77,30,0
Chennai,2020-01-22,165,207,225,47,11,2
Chennai,2020-01-23,191,94,373,21,30,3
Chennai,2020-01-24,168,253,120,78,49,0
Chennai,2020-01-25,180,168,332,35,16,4
Chennai,2020-01-26,179,144,214,20,10,3
Chennai,2020-01-27,167,82,235,58,44,3
Chennai,2020-01-28,192,280,320,64,17,3
Chennai,2020-01-29,195,129,306,44,40,4
Chennai,2020-01-30,178,255,230,45,26,3
Chennai,2020-01-31,167,267,110,61,6,3
Chennai,2020-02-01,116,242,397,58,25,4
Chennai,2020-02-02,156,223,173,56,5,1
Chennai,2020-02-03,159,171,154,87,18,1
Chennai,2020-02-04,139,58,128,77,37,0
Chennai,2020-02-05,119,210,344,75,11,4
Chennai,2020-02-06,127,213,213,68,22,4
Chennai,2020-02-07,139,102,112,54,42,1
Chennai,2020-02-08,115,200,391,70,14,0
Chennai,2020-02-09,103,227,92,68,6,1
Chennai,2020-02-10,157,274,205,72,26,3
Chennai,2020-02-11,130,155,201,49,31,0
Chennai,2020-02-12,153,97,348,69,21,3
Chennai,2020-02-13,107,273,376,62,31,2
Chennai,2020-02-14,138,255,82,84,15,1
Chennai,2020-02-15,152,100,170,90,13,1
Chennai,2020-02-16,158,104,132,28,33,1
Chennai,2020-02-17,123,115,377,31,14,3
Chennai,2020-02-18,135,232,175,65,38,3
Chennai,2020-02-19,143,95,292,51,43,2
Chennai,2020-02-20,114,293,271,87,41,2
Chennai,2020-02-21,154,106,316,56,30,0
Chennai,2020-02-22,131,88,391,56,19,2
Chennai,2020-02-23,123,111,233,58,30,2
Chennai,2020-02-24,143,237,342,70,32,0
Chennai,2020-02-25,105,71,366,47,7,4
Chennai,2020-02-26,139,245,148,26,49,1
Chennai,2020-02-27,109,88,340,80,31,0
Chennai,2020-02-28,132,218,174,39,18,3
Chennai,2020-02-29,103,141,257,29,38,2
Chennai,2020-03-01,145,238,151,80,32,3
Chennai,2020-03-02,114,51,307,55,22,0
Chennai,2020-03-03,102,225,378,66,39,2
Chennai,2020-03-04,126,120,394,81,15,2
Chennai,2020-03-05,107,143,160,81,46,0
Chennai,2020-03-06,152,170,199,81,10,2
Chennai,2020-03-07,134,141,362,82,47,0
Chennai,2020-03-08,139,75,391,34,32,1
Chennai,2020-03-09,122,161,147,71,16,4
Chennai,2020-03-10,135,78,109,67,48,4
Chennai,2020-03-11,101,280,398,82,30,3
Chennai,2020-03-12,119,56,352,57,49,0
Chennai,2020-03-13,104,201,134,23,9,2
Chennai,2020-03-14,113,287,150,90,37,1
Chennai,2020-03-15,117,60,268,53,40,0
Chennai,2020-03-16,153,77,394,94,17,1
Chennai,2020-03-17,148,214,196,23,34,2
Chennai,2020-03-18,146,138,329,62,28,2
Chennai,2020-03-19,116,254,311,61,29,1
Chennai,2020-03-20,126,159,309,30,22,3
Chennai,2020-03-21,153,62,334,67,24,0
Chennai,2020-03-22,131,65,134,70,30,4
Chennai,2020-03-23,137,96,105,41,30,2
Chennai,2020-03-24,150,52,143,20,29,0
Chennai,2020-03-25,142,107,393,54,6,1
Chennai,2020-03-26,104,91,387,40,35,1
Chennai,2020-03-27,155,158,353,31,41,4
Chennai,2020-03-28,130,78,187,85,31,3
Chennai,2020-03-29,101,287,89,54,35,0
Chennai,2020-03-30,103,189,312,88,45,4
Chennai,2020-03-31,102,164,111,45,32,4
Chennai,2020-04-01,126,228,171,84,24,2
Chennai,2020-04-02,139,175,297,33,26,1
Chennai,2020-04-03,137,141,256,78,24,1
Chennai,2020-04-04,146,238,355,81,26,2
Chennai,2020-04-05,119,171,352,65,29,2
Chennai,2020-04-06,151,227,148,20,11,3
Chennai,2020-04-07,127,248,201,35,47,3
Chennai,2020-04-08,152,136,342,79,31,0
Chennai,2020-04-09,111,290,302,73,30,0
Chennai,2020-04-10,100,196,386,67,32,3
Chennai,2020-04-11,102,250,122,37,27,1
Chennai,2020-04-12,140,154,255,47,34,1
Chennai,2020-04-13,146,146,172,75,45,4
Chennai,2020-04-14,117,183,165,93,17,2
Chennai,2020-04-15,121,209,289,30,16,2
Chennai,2020-04-16,116,109,338,28,44,1
Chennai,2020-04-17,150,187,301,99,43,0
Chennai,2020-04-18,159,181,340,50,37,4
Chennai,2020-04-19,129,218,383,98,22,2
Chennai,2020-04-20,156,70,192,41,5,3
Chennai,2020-04-21,114,86,190,66,7,0
Chennai,2020-04-22,123,293,217,41,38,2
Chennai,2020-04-23,146,146,312,40,45,4
Chennai,2020-04-24,126,53,83,60,31,1
Chennai,2020-04-25,121,283,164,59,32,0
Chennai,2020-04-26,101,132,156,47,15,4
Chennai,2020-04-27,157,143,258,54,8,0
Chennai,2020-04-28,157,66,134,59,46,1
Chennai,2020-04-29,159,263,208,99,30,0
Chennai,2020-04-30,145,259,312,54,27,3
Chennai,2020-05-01,102,272,308,23,9,0
Chennai,2020-05-02,100,246,204,82,29,1
Chennai,2020-05-03,132,275,252,20,5,0
Chennai,2020-05-04,121,262,159,70,14,0
Chennai,2020-05-05,104,294,91,55,38,1
Chennai,2020-05-06,140,155,156,76,20,4
Chennai,2020-05-07,123,158,373,63,33,4
Chennai,2020-05-08,143,226,260,23,13,0
Chennai,2020-05-09,150,292,294,80,13,3
Chennai,2020-05-10,123,275,317,57,44,3
Chennai,2020-05-11,111,154,332,86,19,3
Chennai,2020-05-12,118,169,91,56,27,2
Chennai,2020-05-13,159,98,278,41,46,1
Chennai,2020-05-14,146,118,363,66,15,1
Chennai,2020-05-15,101,53,211,56,15,1
Chennai,2020-05-16,105,122,159,83,37,4
Chennai,2020-05-17,149,159,342,27,41,1
Chennai,2020-05-18,144,180,151,69,20,0
Chennai,2020-05-19,154,266,317,57,30,2
Chennai,2020-05-20,138,97,226,82,33,3
Chennai,2020-05-21,100,288,301,85,22,2
Chennai,2020-05-22,144,255,348,42,33,4
Chennai,2020-05-23,114,221,118,76,15,2
Chennai,2020-05-24,158,189,92,92,21,1
Chennai,2020-05-25,145,151,189,62,5,0
Chennai,2020-05-26,106,240,333,50,7,3
Chennai,2020-05-27,116,290,263,55,10,2
Chennai,2020-05-28,116,168,177,29,33,2
Chennai,2020-05-29,111,203,89,59,28,2
Chennai,2020-05-30,143,94,226,83,18,2
Chennai,2020-05-31,124,260,187,64,33,1
Chennai,2020-06-01,87,154,322,75,13,2
Chennai,2020-06-02,88,54,128,78,29,2
Chennai,2020-06-03,88,129,264,69,39,0
Chennai,2020-06-04,121,237,330,35,47,1
Chennai,2020-06-05,114,103,121,64,33,1
Chennai,2020-06-06,96,162,133,75,17,3
Chennai,2020-06-07,97,256,387,21,14,0
Chennai,2020-06-08,116,105,396,93,9,1
Chennai,2020-06-09,127,223,95,75,35,2
Chennai,2020-06-10,120,158,317,68,18,2
Chennai,2020-06-11,126,212,259,49,48,2
Chennai,2020-06-12,92,265,88,60,48,3
Chennai,2020-06-13,117,290,398,23,32,4
Chennai,2020-06-14,132,80,95,47,21,0
Chennai,2020-06-15,95,220,326,92,22,4
Chennai,2020-06-16,103,235,331,78,47,4
Chennai,2020-06-17,137,50,148,25,14,0
Chennai,2020-06-18,83,100,368,92,48,3
Chennai,2020-06-19,138,190,101,94,44,0
Chennai,2020-06-20,114,256,252,92,17,0
Chennai,2020-06-21,92,242,161,40,38,1
Chennai,2020-06-22,88,191,252,27,16,0
Chennai,2020-06-23,106,60,387,42,10,1
Chennai,2020-06-24,137,204,257,33,37,2
Chennai,2020-06-25,100,55,163,85,45,2
Chennai,2020-06-26,93,166,260,30,42,1
Chennai,2020-06-27,129,181,281,55,41,1
Chennai,2020-06-28,115,211,286,57,44,0
Chennai,2020-06-29,137,185,324,35,39,0
Chennai,2020-06-30,82,96,195,64,43,2
Chennai,2020-07-01,114,73,100,67,40,2
Chennai,2020-07-02,131,79,352,76,36,3
Chennai,2020-07-03,112,231,204,34,7,1
Chennai,2020-07-04,94,153,187,70,21,1
Chennai,2020-07-05,121,260,94,59,45,1
Chennai,2020-07-06,121,194,130,98,41,1
Chennai,2020-07-07,94,142,117,27,13,4
Chennai,2020-07-08,112,149,367,58,46,4
Chennai,2020-07-09,97,218,80,36,40,3
Chennai,2020-07-10,93,202,311,84,17,3
Chennai,2020-07-11,107,118,399,34,12,2
Chennai,2020-07-12,80,273,195,70,45,4
Chennai,2020-07-13,98,234,287,39,26,4
Chennai,2020-07-14,88,82,262,23,14,1
Chennai,2020-07-15,99,110,239,70,15,1
Chennai,2020-07-16,103,170,351,33,49,4
Chennai,2020-07-17,89,265,269,35,37,1
Chennai,2020-07-18,107,228,315,91,21,0
Chennai,2020-07-19,81,243,322,78,43,2
Chennai,2020-07-20,88,238,252,72,22,1
Chennai,2020-07-21,84,125,199,94,46,4
Chennai,2020-07-22,137,274,162,56,40,3
Chennai,2020-07-23,121,169,389,58,11,2
Chennai,2020-07-24,138,276,202,29,20,0
Chennai,2020-07-25,136,62,368,83,30,3
Chennai,2020-07-26,116,92,261,84,41,2
Chennai,2020-07-27,96,247,181,83,48,2
Chennai,2020-07-28,85,176,387,21,46,2
Chennai,2020-07-29,136,283,292,40,19,1
Chennai,2020-07-30,129,158,339,52,45,0
Chennai,2020-07-31,86,60,267,59,24,3
Chennai,2020-08-01,97,139,261,46,10,1
Chennai,2020-08-02,89,290,292,51,48,2
Chennai,2020-08-03,84,248,222,52,22,2
Chennai,2020-08-04,97,243,270,36,27,0
Chennai,2020-08-05,103,157,250,41,42,1
Chennai,2020-08-06,109,170,124,85,42,1
Chennai,2020-08-07,82,278,241,69,7,2
Chennai,2020-08-08,125,67,240,23,10,4
Chennai,2020-08-09,89,236,351,41,26,1
Chennai,2020-08-10,100,130,318,32,5,3
Chennai,2020-08-11,92,112,346,55,43,4
Chennai,2020-08-12,83,147,291,73,17,4
Chennai,2020-08-13,118,63,358,64,17,2
Chennai,2020-08-14,83,141,289,55,45,2
Chennai,2020-08-15,86,166,336,21,12,0
Chennai,2020-08-16,87,257,285,99,17,3
Chennai,2020-08-17,93,88,301,44,8,4
Chennai,2020-08-18,138,106,388,49,30,3
Chennai,2020-08-19,122,297,292,41,35,1
Chennai,2020-08-20,130,203,359,71,26,4
Chennai,2020-08-21,108,290,80,75,46,3
Chennai,2020-08-22,135,67,321,24,28,3
Chennai,2020-08-23,118,194,322,69,25,0
Chennai,2020-08-24,135,192,98,42,24,1
Chennai,2020-08-25,102,54,374,95,39,2
Chennai,2020-08-26,123,173,217,83,17,2
Chennai,2020-08-27,128,120,131,82,21,2
Chennai,2020-08-28,126,130,141,22,12,2
Chennai,2020-08-29,99,94,186,21,41,3
Chennai,2020-08-30,120,200,227,64,26,2
Chennai,2020-08-31,101,159,194,28,18,1
Chennai,2020-09-01,109,189,118,29,11,4
Chennai,2020-09-02,133,98,194,63,42,1
Chennai,2020-09-03,154,299,313,36,16,1
Chennai,2020-09-04,123,191,296,53,21,3
Chennai,2020-09-05,108,230,379,78,44,3
Chennai,2020-09-06,131,159,239,57,29,1
Chennai,2020-09-07,131,291,367,33,16,0
Chennai,2020-09-08,118,284,209,71,38,0
Chennai,2020-09-09,116,192,236,98,26,4
Chennai,2020-09-10,156,148,239,77,35,1
Chennai,2020-09-11,110,68,209,32,36,2
Chennai,2020-09-12,147,151,194,55,31,4
Chennai,2020-09-13,134,139,234,79,26,4
Chennai,2020-09-14,144,59,316,63,15,0
Chennai,2020-09-15,159,188,311,73,18,4
Chennai,2020-09-16,124,265,391,84,38,4
Chennai,2020-09-17,124,141,322,77,23,0
Chennai,2020-09-18,136,185,82,49,49,1
Chennai,2020-09-19,119,236,203,27,25,1
Chennai,2020-09-20,110,238,285,46,8,1
Chennai,2020-09-21,121,124,369,56,12,3
Chennai,2020-09-22,148,286,93,44,37,4
Chennai,2020-09-23,116,236,133,64,38,3
Chennai,2020-09-24,103,95,384,27,42,1
Chennai,2020-09-25,111,135,162,60,31,1
Chennai,2020-09-26,137,116,245,56,16,2
Chennai,2020-09-27,119,199,321,93,11,1
Chennai,2020-09-28,116,132,98,40,42,2
Chennai,2020-09-29,122,265,339,81,15,4
Chennai,2020-09-30,123,164,385,20,5,3
Chennai,2020-10-01,158,83,262,34,46,3
Chennai,2020-10-02,144,221,316,29,13,2
Chennai,2020-10-03,115,53,311,46,9,4
Chennai,2020-10-04,131,185,177,97,15,1
Chennai,2020-10-05,134,80,287,88,17,4
Chennai,2020-10-06,136,76,198,52,26,0
Chennai,2020-10-07,109,175,395,48,47,1
Chennai,2020-10-08,114,263,320,57,12,1
Chennai,2020-10-09,145,285,248,68,23,1
Chennai,2020-10-10,151,66,98,38,5,4
Chennai,2020-10-11,113,98,145,27,35,4
Chennai,2020-10-12,123,291,206,75,22,0
Chennai,2020-10-13,120,227,227,52,33,3
Chennai,2020-10-14,149,87,155,34,16,2
Chennai,2020-10-15,109,276,335,28,35,3
Chennai,2020-10-16,142,122,175,23,32,2
Chennai,2020-10-17,153,183,338,35,32,2
Chennai,2020-10-18,104,243,241,47,43,3
Chennai,2020-10-19,114,284,219,44,39,3
Chennai,2020-10-20,104,285,297,47,11,3
Chennai,2020-10-21,156,65,104,95,28,2
Chennai,2020-10-22,118,223,105,66,8,3
Chennai,2020-10-23,102,223,282,69,14,2
Chennai,2020-10-24,130,74,353,76,5,2
Chennai,2020-10-25,159,218,302,51,47,3
Chennai,2020-10-26,143,155,168,41,26,2
Chennai,2020-10-27,133,69,328,30,10,0
Chennai,2020-10-28,151,299,253,95,9,0
Chennai,2020-10-29,125,74,235,66,16,2
Chennai,2020-10-30,138,154,190,56,42,2
Chennai,2020-10-31,143,175,140,28,22,3
Chennai,2020-11-01,190,254,345,82,46,0
Chennai,2020-11-02,202,145,344,49,29,4
Chennai,2020-11-03,193,214,287,26,43,1
Chennai,2020-11-04,192,51,157,36,26,0
Chennai,2020-11-05,203,61,252,91,22,0
Chennai,2020-11-06,182,270,132,47,14,0
Chennai,2020-11-07,160,135,374,72,7,1
Chennai,2020-11-08,190,168,102,77,28,1
Chennai,2020-11-09,177,123,262,66,20,4
Chennai,2020-11-10,158,137,223,30,25,2
Chennai,2020-11-11,185,242,371,94,39,4
Chennai,2020-11-12,175,149,331,64,16,4
Chennai,2020-11-13,153,94,282,70,39,1
Chennai,2020-11-14,171,281,351,69,33,3
Chennai,2020-11-15,166,180,177,45,45,2
Chennai,2020-11-16,199,285,354,84,26,4
Chennai,2020-11-17,193,123,345,67,48,2
Chennai,2020-11-18,190,99,268,91,40,0
Chennai,2020-11-19,181,100,387,98,10,2
Chennai,2020-11-20,170,210,245,69,29,3
Chennai,2020-11-21,203,285,282,28,20,4
Chennai,2020-11-22,169,221,153,38,5,2
Chennai,2020-11-23,209,206,313,74,47,0
Chennai,2020-11-24,186,234,154,85,34,4
Chennai,2020-11-25,192,141,395,25,38,0
Chennai,2020-11-26,200,195,212,64,28,2
Chennai,2020-11-27,192,96,341,28,5,2
Chennai,2020-11-28,204,75,168,93,26,4
Chennai,2020-11-29,195,179,195,81,34,3
Chennai,2020-11-30,193,73,264,90,43,3
Chennai,2020-12-01,176,288,171,52,43,1
Chennai,2020-12-02,152,261,336,68,22,3
Chennai,2020-12-03,206,95,240,72,25,0
Chennai,2020-12-04,197,282,212,99,6,0
Chennai,2020-12-05,174,204,190,85,37,1
Chennai,2020-12-06,193,72,191,31,43,0
Chennai,2020-12-07,181,155,243,21,47,3
Chennai,2020-12-08,194,261,197,87,9,1
Chennai,2020-12-09,164,220,359,67,12,2
Chennai,2020-12-10,198,128,106,43,29,0
Chennai,2020-12-11,177,132,106,89,20,4
Chennai,2020-12-12,189,136,247,42,29,0
Chennai,2020-12-13,165,115,115,51,16,4
Chennai,2020-12-14,193,122,258,23,39,4
Chennai,2020-12-15,173,165,162,98,16,2
Chennai,2020-12-16,168,98,147,35,18,2
Chennai,2020-12-17,160,116,303,95,32,4
Chennai,2020-12-18,155,174,338,51,45,2
Chennai,2020-12-19,150,113,195,53,33,0
Chennai,2020-12-20,188,239,379,24,10,2
Chennai,2020-12-21,189,66,141,50,8,3
Chennai,2020-12-22,150,147,322,81,17,1
Chennai,2020-12-23,152,179,226,95,18,4
Chennai,2020-12-24,191,148,275,92,25,2
Chennai,2020-12-25,177,130,146,84,32,4
Chennai,2020-12-26,191,203,275,67,6,2
Chennai,2020-12-27,152,126,346,79,18,4
Chennai,2020-12-28,160,121,116,79,25,1
Chennai,2020-12-29,169,101,202,49,43,2
Chennai,2020-12-30,153,285,396,89,39,0
Chennai,2020-12-31,173,67,338,45,15,3
Chennai,2021-01-01,175,201,133,99,27,0
Chennai,2021-01-02,195,119,127,34,35,2
Chennai,2021-01-03,187,122,239,96,25,4
Chennai,2021-01-04,158,97,258,58,32,2
Chennai,2021-01-05,175,141,391,88,16,2
Chennai,2021-01-06,196,156,102,28,10,0
Chennai,2021-01-07,207,252,203,88,13,0
Chennai,2021-01-08,180,242,232,62,24,3
Chennai,2021-01-09,152,52,243,44,17,2
Chennai,2021-01-10,167,113,371,98,12,1
Chennai,2021-01-11,160,214,194,38,42,1
Chennai,2021-01-12,184,195,293,63,37,0
Chennai,2021-01-13,161,81,123,34,32,0
Chennai,2021-01-14,196,299,366,57,8,1
Chennai,2021-01-15,156,258,173,80,40,1
Chennai,2021-01-16,179,245,134,51,45,4
Chennai,2021-01-17,202,197,391,82,11,3
Chennai,2021-01-18,166,173,114,56,33,2
Chennai,2021-01-19,159,254,248,73,33,4
Chennai,2021-01-20,191,176,162,75,25,4
Chennai,2021-01-21,187,174,353,89,26,0
Chennai,2021-01-22,193,145,150,32,39,4
Chennai,2021-01-23,169,163,168,28,27,2
Chennai,2021-01-24,170,136,285,59,48,0
Chennai,2021-01-25,182,105,181,76,30,1
Chennai,2021-01-26,190,173,299,44,39,2
Chennai,2021-01-27,188,270,162,87,45,0
Chennai,2021-01-28,196,62,186,62,25,3
Chennai,2021-01-29,175,57,205,93,22,1
Chennai,2021-01-30,152,286,346,40,25,3
Chennai,2021-01-31,199,129,380,66,36,3
Chennai,2021-02-01,136,178,323,40,21,2
Chennai,2021-02-02,127,215,248,25,38,1
Chennai,2021-02-03,155,140,371,22,26,4
Chennai,2021-02-04,145,151,181,94,16,0
Chennai,2021-02-05,115,193,325,89,13,2
Chennai,2021-02-06,152,279,98,29,44,3
Chennai,2021-02-07,158,223,269,74,19,3
Chennai,2021-02-08,154,245,203,56,13,4
Chennai,2021-02-09,108,52,90,59,48,3
Chennai,2021-02-10,107,262,86,78,19,4
Chennai,2021-02-11,158,177,242,24,29,4
Chennai,2021-02-12,138,257,357,51,23,0
Chennai,2021-02-13,106,137,272,87,36,1
Chennai,2021-02-14,152,59,352,57,35,1
Chennai,2021-02-15,146,236,226,96,49,1
Chennai,2021-02-16,106,239,165,52,44,3
Chennai,2021-02-17,101,96,290,62,14,1
Chennai,2021-02-18,114,299,234,86,37,4
Chennai,2021-02-19,156,255,218,83,18,4
Chennai,2021-02-20,105,132,319,87,47,0
Chennai,2021-02-21,141,179,122,65,42,4
Chennai,2021-02-22,124,84,324,58,38,1
Chennai,2021-02-23,155,61,219,34,33,0
Chennai,2021-02-24,105,177,126,36,16,2
Chennai,2021-02-25,131,71,81,60,32,0
Chennai,2021-02-26,155,132,141,69,19,0
Chennai,2021-02-27,102,117,374,50,28,3
Chennai,2021-02-28,124,115,168,56,11,2
Chennai,2021-03-01,112,125,197,66,36,1
Chennai,2021-03-02,107,103,159,61,9,0
Chennai,2021-03-03,133,51,399,81,19,0
Chennai,2021-03-04,146,191,135,83,26,0
Chennai,2021-03-05,140,280,192,69,13,2
Chennai,2021-03-06,120,52,294,73,46,4
Chennai,2021-03-07,141,63,226,27,45,1
Chennai,2021-03-08,155,287,116,22,42,4
Chennai,2021-03-09,113,169,91,32,15,1
Chennai,2021-03-10,108,89,228,99,5,4
Chennai,2021-03-11,123,122,364,49,19,2
Chennai,2021-03-12,157,230,115,94,22,2
Chennai,2021-03-13,150,128,261,63,49,1
Chennai,2021-03-14,132,104,267,27,28,4
Chennai,2021-03-15,139,161,230,54,7,2
Chennai,2021-03-16,135,165,268,27,18,4
Chennai,2021-03-17,115,91,107,28,17,2
Chennai,2021-03-18,104,131,360,68,9,1
Chennai,2021-03-19,125,96,237,54,26,4
Chennai,2021-03-20,132,89,81,22,29,1
Chennai,2021-03-21,137,224,245,97,30,4
Chennai,2021-03-22,119,224,378,56,49,4
Chennai,2021-03-23,128,144,328,91,48,3
Chennai,2021-03-24,145,108,255,47,37,0
Chennai,2021-03-25,106,145,348,93,19,1
Chennai,2021-03-26,123,205,199,70,13,3
Chennai,2021-03-27,104,147,280,67,37,3
Chennai,2021-03-28,108,249,179,32,16,2
Chennai,2021-03-29,136,228,244,44,21,3
Chennai,2021-03-30,121,114,151,39,29,3
Chennai,2021-03-31,117,243,153,96,43,0
Chennai,2021-04-01,110,236,94,30,35,3
Chennai,2021-04-02,153,173,399,98,34,2
Chennai,2021-04-03,123,105,155,71,29,1
Chennai,2021-04-04,117,132,280,78,8,2
Chennai,2021-04-05,126,60,147,90,22,3
Chennai,2021-04-06,109,201,111,95,13,2
Chennai,2021-04-07,133,282,99,55,12,4
Chennai,2021-04-08,118,192,382,96,49,3
Chennai,2021-04-09,121,96,282,45,45,1
Chennai,2021-04-10,106,279,195,43,45,3
Chennai,2021-04-11,149,111,314,28,43,2
Chennai,2021-04-12,135,160,334,73,31,4
Chennai,2021-04-13,121,68,118,94,25,1
Chennai,2021-04-14,143,210,122,22,44,1
Chennai,2021-04-15,150,66,254,79,21,1
Chennai,2021-04-16,106,113,106,73,46,4
Chennai,2021-04-17,131,289,204,41,38,0
Chennai,2021-04-18,102,224,212,39,14,0
Chennai,2021-04-19,118,94,270,69,32,1
Chennai,2021-04-20,115,248,149,73,17,0
Chennai,2021-04-21,146,101,185,50,41,2
Chennai,2021-04-22,142,158,242,81,26,4
Chennai,2021-04-23,148,146,123,60,34,3
Chennai,2021-04-24,142,202,397,20,24,0
Chennai,2021-04-25,112,57,321,85,36,2
Chennai,2021-04-26,141,156,304,61,45,4
Chennai,2021-04-27,135,102,375,71,27,4
Chennai,2021-04-28,106,211,276,95,18,2
Chennai,2021-04-29,103,103,377,77,6,1
Chennai,2021-04-30,114,106,366,98,25,0
Chennai,2021-05-01,156,125,345,51,49,1
Chennai,2021-05-02,102,106,395,81,44,1
Chennai,2021-05-03,131,244,202,81,28,4
Chennai,2021-05-04,157,95,333,80,12,1
Chennai,2021-05-05,124,62,383,57,9,0
Chennai,2021-05-06,154,261,338,30,8,2
Chennai,2021-05-07,138,103,122,91,19,4
Chennai,2021-05-08,102,52,189,34,18,0
Chennai,2021-05-09,127,138,385,79,19,1
Chennai,2021-05-10,151,236,166,85,48,2
Chennai,2021-05-11,129,256,108,78,43,1
Chennai,2021-05-12,154,70,239,70,40,0
Chennai,2021-05-13,151,182,225,25,32,3
Chennai,2021-05-14,137,99,160,37,19,1
Chennai,2021-05-15,108,100,222,31,28,0
Chennai,2021-05-16,114,82,131,79,5,0
Chennai,2021-05-17,113,67,249,56,35,4
Chennai,2021-05-18,111,251,242,95,48,4
Chennai,2021-05-19,106,99,169,76,12,4
Chennai,2021-05-20,159,138,294,87,12,4
Chennai,2021-05-21,127,275,307,78,6,3
Chennai,2021-05-22,104,94,243,26,24,4
Chennai,2021-05-23,116,244,136,33,34,3
Chennai,2021-05-24,115,143,226,25,16,4
Chennai,2021-05-25,100,72,297,77,9,1
Chennai,2021-05-26,126,117,227,32,33,2
Chennai,2021-05-27,137,215,231,36,40,4
Chennai,2021-05-28,128,149,282,80,19,4
Chennai,2021-05-29,149,196,285,96,41,0
Chennai,2021-05-30,118,63,176,47,8,2
Chennai,2021-05-31,142,173,386,33,24,3
Chennai,2021-06-01,103,273,264,88,25,3
Chennai,2021-06-02,96,205,363,83,5,0
Chennai,2021-06-03,115,187,373,50,14,3
Chennai,2021-06-04,102,222,250,48,46,2
Chennai,2021-06-05,111,128,290,56,6,0
Chennai,2021-06-06,85,145,134,22,9,0
Chennai,2021-06-07,133,182,83,45,31,0
Chennai,2021-06-08,126,109,381,30,49,3
Chennai,2021-06-09,124,268,159,43,8,2
Chennai,2021-06-10,130,81,360,23,11,1
Chennai,2021-06-11,106,103,147,57,49,3
Chennai,2021-06-12,123,99,380,69,14,0
Chennai,2021-06-13,104,187,303,43,37,0
Chennai,2021-06-14,84,112,351,70,14,4
Chennai,2021-06-15,81,218,387,85,42,4
Chennai,2021-06-16,119,221,311,88,22,3
Chennai,2021-06-17,105,146,178,64,29,2
Chennai,2021-06-18,88,203,364,51,16,3
Chennai,2021-06-19,108,78,96,96,40,0
Chennai,2021-06-20,96,94,117,46,27,3
Chennai,2021-06-21,121,50,307,40,14,2
Chennai,2021-06-22,97,222,260,33,37,0
Chennai,2021-06-23,107,95,133,64,48,4
Chennai,2021-06-24,89,294,120,50,24,1
Chennai,2021-06-25,80,291,101,69,9,3
Chennai,2021-06-26,87,151,173,91,34,3
Chennai,2021-06-27,106,124,366,60,42,0
Chennai,2021-06-28,104,265,316,98,7,3
Chennai,2021-06-29,129,76,91,50,41,1
Chennai,2021-06-30,94,204,290,24,26,1
Chennai,2021-07-01,138,207,207,75,19,2
Chennai,2021-07-02,110,157,105,58,17,3
Chennai,2021-07-03,112,90,215,32,41,3
Chennai,2021-07-04,118,169,356,29,7,4
Chennai,2021-07-05,108,83,200,69,36,0
Chennai,2021-07-06,116,60,291,93,9,3
Chennai,2021-07-07,98,166,201,36,19,2
Chennai,2021-07-08,96,185,170,76,21,3
Chennai,2021-07-09,100,268,225,35,40,3
Chennai,2021-07-10,110,192,284,22,45,0
Chennai,2021-07-11,88,68,221,28,35,2
Chennai,2021-07-12,108,130,122,75,37,3
Chennai,2021-07-13,107,193,110,98,20,2
Chennai,2021-07-14,120,84,257,86,41,2
Chennai,2021-07-15,83,58,323,89,8,3
Chennai,2021-07-16,119,186,343,26,22,2
Chennai,2021-07-17,87,259,388,31,44,0
Chennai,2021-07-18,125,271,384,53,31,1
Chennai,2021-07-19,138,208,315,47,43,0
Chennai,2021-07-20,128,135,231,39,45,2
Chennai,2021-07-21,94,154,238,97,48,1
Chennai,2021-07-22,102,178,85,33,37,0
Chennai,2021-07-23,130,266,95,30,19,3
Chennai,2021-07-24,88,171,382,44,9,3
Chennai,2021-07-25,136,104,257,25,36,2
Chennai,2021-07-26,118,234,298,55,16,1
Chennai,2021-07-27,136,285,83,48,5,3
Chennai,2021-07-28,91,83,332,90,5,4
Chennai,2021-07-29,132,109,196,20,44,3
Chennai,2021-07-30,115,59,176,24,5,2
Chennai,2021-07-31,104,151,372,99,25,2
Chennai,2021-08-01,128,124,377,61,19,1
Chennai,2021-08-02,134,204,380,67,8,2
Chennai,2021-08-03,103,116,295,62,30,1
Chennai,2021-08-04,139,110,309,40,22,0
Chennai,2021-08-05,106,178,132,47,22,1
Chennai,2021-08-06,118,189,257,51,11,1
Chennai,2021-08-07,109,274,310,27,28,0
Chennai,2021-08-08,101,115,267,60,41,3
Chennai,2021-08-09,117,63,338,32,12,2
Chennai,2021-08-10,84,161,251,96,45,1
Chennai,2021-08-11,136,225,228,35,13,3
Chennai,2021-08-12,117,225,255,47,39,1
Chennai,2021-08-13,86,189,332,84,44,0
Chennai,2021-08-14,123,252,198,38,23,1
Chennai,2021-08-15,101,180,137,22,44,1
Chennai,2021-08-16,96,178,278,68,42,3
Chennai,2021-08-17,131,98,387,47,28,2
Chennai,2021-08-18,110,80,363,69,46,4
Chennai,2021-08-19,99,112,196,61,32,1
Chennai,2021-08-20,133,275,334,45,27,0
Chennai,2021-08-21,114,259,227,24,40,0
Chennai,2021-08-22,90,94,154,64,21,3
Chennai,2021-08-23,108,121,256,85,7,1
Chennai,2021-08-24,118,140,192,21,43,3
Chennai,2021-08-25,123,68,146,79,41,4
Chennai,2021-08-26,126,184,104,67,33,4
Chennai,2021-08-27,115,120,226,64,47,2
Chennai,2021-08-28,100,60,112,40,20,3
Chennai,2021-08-29,121,88,183,28,5,1
Chennai,2021-08-30,89,252,381,22,13,0
Chennai,2021-08-31,92,140,290,49,31,4
Chennai,2021-09-01,132,294,172,34,38,0
Chennai,2021-09-02,103,176,279,62,26,0
Chennai,2021-09-03,105,238,217,26,31,0
Chennai,2021-09-04,146,166,196,36,21,4
Chennai,2021-09-05,137,143,210,20,47,0
Chennai,2021-09-06,159,235,206,82,24,1
Chennai,2021-09-07,102,232,276,80,44,0
Chennai,2021-09-08,152,181,238,48,19,4
Chennai,2021-09-09,114,181,114,21,46,2
Chennai,2021-09-10,156,87,199,44,45,3
Chennai,2021-09-11,127,166,131,93,28,3
Chennai,2021-09-12,144,191,140,21,14,4
Chennai,2021-09-13,107,285,98,23,40,1
Chennai,2021-09-14,135,227,381,89,49,1
Chennai,2021-09-15,132,137,340,28,48,2
Chennai,2021-09-16,106,167,135,72,24,3
Chennai,2021-09-17,113,67,110,78,11,3
Chennai,2021-09-18,100,172,289,63,38,3
Chennai,2021-09-19,109,282,165,96,13,1
Chennai,2021-09-20,103,292,344,21,42,4
Chennai,2021-09-21,148,135,273,24,32,3
Chennai,2021-09-22,140,119,391,49,12,4
Chennai,2021-09-23,138,253,275,58,11,3
Chennai,2021-09-24,154,70,270,41,27,1
Chennai,2021-09-25,112,194,245,63,24,3
Chennai,2021-09-26,155,269,122,34,41,4
Chennai,2021-09-27,109,260,89,22,17,2
Chennai,2021-09-28,151,115,280,45,43,2
Chennai,2021-09-29,115,224,285,95,11,3
Chennai,2021-09-30,152,198,216,83,18,2
Chennai,2021-10-01,158,238,138,59,17,0
Chennai,2021-10-02,123,231,168,31,32,0
Chennai,2021-10-03,126,294,121,78,17,4
Chennai,2021-10-04,116,66,341,83,7,2
Chennai,2021-10-05,111,238,218,21,35,2
Chennai,2021-10-06,158,78,166,41,15,4
Chennai,2021-10-07,145,221,317,83,17,3
Chennai,2021-10-08,113,190,131,88,23,4
Chennai,2021-10-09,155,261,363,36,14,4
Chennai,2021-10-10,100,155,139,81,34,1
Chennai,2021-10-11,128,196,336,59,47,3
Chennai,2021-10-12,104,164,325,30,11,0
Chennai,2021-10-13,103,101,165,60,12,2
Chennai,2021-10-14,115,191,256,43,31,3
Chennai,2021-10-15,156,194,95,68,24,1
Chennai,2021-10-16,125,145,128,45,38,0
Chennai,2021-10-17,123,100,105,41,26,0
Chennai,2021-10-18,117,111,161,68,30,2
Chennai,2021-10-19,145,76,343,48,40,2
Chennai,2021-10-20,149,90,169,57,19,3
Chennai,2021-10-21,125,53,332,34,23,2
Chennai,2021-10-22,126,225,365,81,36,4
Chennai,2021-10-23,104,246,254,35,11,2
Chennai,2021-10-24,153,146,183,75,6,4
Chennai,2021-10-25,100,268,98,44,44,2
Chennai,2021-10-26,138,244,318,85,33,1
Chennai,2021-10-27,117,116,281,49,18,3
Chennai,2021-10-28,147,197,150,44,22,4
Chennai,2021-10-29,140,97,151,25,6,3
Chennai,2021-10-30,159,201,333,38,6,3
Chennai,2021-10-31,101,289,200,51,36,1
Chennai,2021-11-01,208,298,241,82,35,0
Chennai,2021-11-02,208,270,114,61,10,0
Chennai,2021-11-03,171,145,287,98,15,2
Chennai,2021-11-04,151,248,364,87,16,2
Chennai,2021-11-05,206,163,108,67,30,3
Chennai,2021-11-06,166,120,398,81,6,1
Chennai,2021-11-07,155,96,131,98,25,0
Chennai,2021-11-08,155,196,350,59,49,1
Chennai,2021-11-09,198,166,351,32,18,1
Chennai,2021-11-10,178,259,219,73,24,2
Chennai,2021-11-11,153,232,217,83,9,4
Chennai,2021-11-12,181,135,98,98,18,2
Chennai,2021-11-13,188,174,374,32,28,3
Chennai,2021-11-14,152,194,286,44,27,4
Chennai,2021-11-15,162,76,379,87,21,4
Chennai,2021-11-16,194,192,208,94,29,3
Chennai,2021-11-17,175,292,179,73,24,4
Chennai,2021-11-18,201,281,364,72,38,4
Chennai,2021-11-19,181,144,234,94,5,3
Chennai,2021-11-20,205,207,365,30,49,1
Chennai,2021-11-21,186,196,292,94,17,3
Chennai,2021-11-22,151,123,382,44,49,1
Chennai,2021-11-23,150,279,362,54,46,4
Chennai,2021-11-24,173,251,122,67,21,4
Chennai,2021-11-25,200,128,96,62,18,0
Chennai,2021-11-26,204,221,301,61,21,3
Chennai,2021-11-27,178,146,310,24,33,2
Chennai,2021-11-28,169,111,91,56,39,4
Chennai,2021-11-29,166,283,169,66,38,3
Chennai,2021-11-30,155,163,365,23,45,0
Chennai,2021-12-01,188,284,300,65,37,3
Chennai,2021-12-02,182,215,116,21,9,3
Chennai,2021-12-03,185,272,370,59,15,3
Chennai,2021-12-04,167,202,386,58,38,3
Chennai,2021-12-05,209,62,243,49,31,0
Chennai,2021-12-06,185,289,133,65,19,2
Chennai,2021-12-07,175,189,320,62,13,2
Chennai,2021-12-08,191,107,91,48,44,3
Chennai,2021-12-09,166,110,181,72,6,0
Chennai,2021-12-10,168,173,312,36,15,3
Chennai,2021-12-11,192,139,116,79,39,2
Chennai,2021-12-12,204,222,365,58,9,4
Chennai,2021-12-13,194,137,230,51,39,4
Chennai,2021-12-14,160,184,391,73,16,4
Chennai,2021-12-15,191,139,145,53,37,2
Chennai,2021-12-16,183,225,229,87,34,1
Chennai,2021-12-17,170,269,137,20,26,3
Chennai,2021-12-18,185,154,182,59,23,1
Chennai,2021-12-19,156,76,134,93,33,0
Chennai,2021-12-20,169,208,208,47,5,3
Chennai,2021-12-21,154,186,253,94,30,3
Chennai,2021-12-22,195,59,180,69,40,1
Chennai,2021-12-23,191,251,383,34,48,3
Chennai,2021-12-24,180,144,174,63,10,0
Chennai,2021-12-25,172,283,101,55,10,2
Chennai,2021-12-26,169,207,326,42,10,3
Chennai,2021-12-27,184,177,209,85,25,4
Chennai,2021-12-28,189,73,396,31,11,1
Chennai,2021-12-29,165,100,173,59,28,1
Chennai,2021-12-30,179,247,173,59,46,1
Chennai,2021-12-31,204,81,259,47,38,2
Chennai,2022-01-01,159,278,352,47,17,4
Chennai,2022-01-02,163,131,360,78,33,4
Chennai,2022-01-03,154,69,382,44,38,1
Chennai,2022-01-04,162,66,318,73,31,3
Chennai,2022-01-05,204,180,99,27,32,2
Chennai,2022-01-06,191,163,381,43,38,2
Chennai,2022-01-07,160,298,116,50,21,2
Chennai,2022-01-08,174,54,112,72,45,3
Chennai,2022-01-09,152,139,372,71,25,0
Chennai,2022-01-10,187,192,252,99,7,2
Chennai,2022-01-11,206,260,85,34,14,2
Chennai,2022-01-12,205,290,356,49,8,4
Chennai,2022-01-13,190,138,394,36,12,1
Chennai,2022-01-14,153,54,267,57,7,2
Chennai,2022-01-15,165,171,143,88,38,4
Chennai,2022-01-16,152,138,383,43,18,3
Chennai,2022-01-17,167,184,325,32,41,3
Chennai,2022-01-18,152,259,125,94,11,3
Chennai,2022-01-19,171,208,240,67,47,3
Chennai,2022-01-20,188,156,183,95,44,0
Chennai,2022-01-21,153,162,169,83,42,1
Chennai,2022-01-22,204,82,300,23,31,2
Chennai,2022-01-23,195,253,90,60,25,0
Chennai,2022-01-24,150,97,209,96,44,4
Chennai,2022-01-25,177,288,184,82,15,1
Chennai,2022-01-26,202,179,332,85,14,0
Chennai,2022-01-27,173,101,168,88,9,0
Chennai,2022-01-28,156,256,308,54,22,3
Chennai,2022-01-29,197,106,288,93,33,3
Chennai,2022-01-30,172,266,330,74,16,3
Chennai,2022-01-31,187,291,239,95,23,1
Chennai,2022-02-01,158,167,328,33,7,0
Chennai,2022-02-02,131,287,291,56,30,0
Chennai,2022-02-03,131,88,277,74,24,3
Chennai,2022-02-04,130,281,100,83,44,0
Chennai,2022-02-05,120,182,356,58,43,4
Chennai,2022-02-06,106,203,154,35,23,2
Chennai,2022-02-07,158,132,212,76,46,2
Chennai,2022-02-08,130,205,149,88,27,0
Chennai,2022-02-09,136,124,164,61,16,2
Chennai,2022-02-10,135,106,333,52,48,0
Chennai,2022-02-11,121,87,138,55,31,1
Chennai,2022-02-12,126,52,241,56,29,4
Chennai,2022-02-13,137,195,228,95,41,0
Chennai,2022-02-14,112,249,260,85,27,1
Chennai,2022-02-15,112,73,395,65,16,1
Chennai,2022-02-16,103,166,94,62,7,3
Chennai,2022-02-17,141,85,237,52,49,2
Chennai,2022-02-18,107,294,268,25,48,2
Chennai,2022-02-19,159,105,368,44,7,3
Chennai,2022-02-20,136,81,305,25,37,4
Chennai,2022-02-21,120,95,98,43,30,1
Chennai,2022-02-22,150,265,101,83,16,4
Chennai,2022-02-23,139,61,217,86,25,3
Chennai,2022-02-24,111,167,146,68,12,4
Chennai,2022-02-25,101,70,376,86,30,4
Chennai,2022-02-26,147,96,88,96,17,2
Chennai,2022-02-27,110,132,297,75,42,0
Chennai,2022-02-28,150,73,94,37,24,2
Chennai,2022-03-01,158,207,233,94,39,4
Chennai,2022-03-02,148,149,147,50,32,0
Chennai,2022-03-03,134,154,261,86,39,2
Chennai,2022-03-04,121,72,247,29,25,1
Chennai,2022-03-05,107,212,226,86,34,3
Chennai,2022-03-06,149,293,225,96,37,2
Chennai,2022-03-07,153,113,220,59,13,0
Chennai,2022-03-08,136,106,225,70,7,1
Chennai,2022-03-09,139,260,345,96,17,1
Chennai,2022-03-10,157,249,305,38,30,0
Chennai,2022-03-11,109,292,121,81,22,0
Chennai,2022-03-12,143,235,398,48,11,4
Chennai,2022-03-13,103,176,346,63,12,3
Chennai,2022-03-14,142,179,156,99,26,3
Chennai,2022-03-15,156,281,213,72,20,0
Chennai,2022-03-16,120,213,280,92,25,2
Chennai,2022-03-17,137,205,387,99,31,3
Chennai,2022-03-18,121,240,352,81,49,4
Chennai,2022-03-19,148,188,163,44,34,1
Chennai,2022-03-20,100,165,319,26,26,0
Chennai,2022-03-21,150,169,104,64,16,4
Chennai,2022-03-22,112,111,398,72,40,1
Chennai,2022-03-23,106,252,159,77,11,1
Chennai,2022-03-24,151,256,252,92,7,4
Chennai,2022-03-25,123,233,183,41,31,4
Chennai,2022-03-26,151,77,330,75,28,1
Chennai,2022-03-27,134,117,127,94,41,0
Chennai,2022-03-28,143,231,124,65,37,2
Chennai,2022-03-29,154,171,385,69,30,4
Chennai,2022-03-30,156,159,82,34,9,2
Chennai,2022-03-31,157,271,221,29,18,3
Chennai,2022-04-01,100,76,137,33,20,0
Chennai,2022-04-02,124,109,368,45,47,2
Chennai,2022-04-03,128,171,129,64,17,0
Chennai,2022-04-04,138,206,232,91,49,2
Chennai,2022-04-05,155,258,118,96,22,0
Chennai,2022-04-06,112,247,134,67,17,2
Chennai,2022-04-07,106,245,370,42,5,0
Chennai,2022-04-08,101,204,152,80,13,2
Chennai,2022-04-09,148,239,312,38,35,4
Chennai,2022-04-10,143,122,187,72,35,0
Chennai,2022-04-11,149,286,317,88,27,4
Chennai,2022-04-12,119,194,331,31,48,4
Chennai,2022-04-13,116,71,188,21,38,0
Chennai,2022-04-14,112,197,265,38,22,2
Chennai,2022-04-15,125,133,138,56,15,0
Chennai,2022-04-16,154,298,350,80,28,3
Chennai,2022-04-17,151,108,207,37,22,3
Chennai,2022-04-18,152,182,130,27,48,1
Chennai,2022-04-19,119,58,154,81,31,3
Chennai,2022-04-20,143,170,266,52,40,0
Chennai,2022-04-21,134,135,265,65,35,3
Chennai,2022-04-22,131,94,178,53,6,2
Chennai,2022-04-23,126,183,114,76,13,0
Chennai,2022-04-24,123,281,241,97,45,4
Chennai,2022-04-25,157,159,144,39,32,1
Chennai,2022-04-26,118,281,184,77,46,0
Chennai,2022-04-27,150,156,269,27,49,3
Chennai,2022-04-28,113,191,235,23,31,1
Chennai,2022-04-29,103,181,107,26,11,3
Chennai,2022-04-30,106,177,253,65,45,3
Chennai,2022-05-01,139,220,399,62,8,0
Chennai,2022-05-02,130,276,81,98,13,2
Chennai,2022-05-03,149,185,96,89,24,0
Chennai,2022-05-04,147,216,159,31,49,4
Chennai,2022-05-05,109,74,274,69,39,2
Chennai,2022-05-06,149,212,310,63,32,3
Chennai,2022-05-07,133,76,374,88,39,2
Chennai,2022-05-08,111,166,223,41,14,3
Chennai,2022-05-09,118,132,309,36,22,3
Chennai,2022-05-10,119,270,234,68,6,4
Chennai,2022-05-11,100,149,382,90,17,0
Chennai,2022-05-12,119,152,327,60,11,4
Chennai,2022-05-13,143,101,94,41,48,2
Chennai,2022-05-14,110,149,154,61,43,0
Chennai,2022-05-15,114,153,291,25,43,1
Chennai,2022-05-16,121,247,178,82,16,2
Chennai,2022-05-17,148,290,117,89,12,1
Chennai,2022-05-18,135,238,338,29,17,2
Chennai,2022-05-19,141,197,272,21,35,4
Chennai,2022-05-20,107,248,138,26,14,1
Chennai,2022-05-21,120,87,248,74,35,2
Chennai,2022-05-22,116,105,356,66,10,1
Chennai,2022-05-23,139,224,387,33,39,0
Chennai,2022-05-24,109,233,344,43,9,4
Chennai,2022-05-25,123,56,284,40,48,0
Chennai,2022-05-26,100,98,358,98,30,0
Chennai,2022-05-27,139,167,242,77,17,3
Chennai,2022-05-28,159,175,214,75,16,2
Chennai,2022-05-29,133,184,335,22,7,2
Chennai,2022-05-30,120,273,164,52,24,0
Chennai,2022-05-31,123,116,239,94,44,2
Chennai,2022-06-01,96,134,81,95,18,4
Chennai,2022-06-02,134,190,248,55,39,1
Chennai,2022-06-03,115,134,237,80,20,2
Chennai,2022-06-04,112,243,245,94,24,4
Chennai,2022-06-05,137,93,231,25,8,2
Chennai,2022-06-06,124,126,109,89,47,3
Chennai,2022-06-07,85,286,113,42,31,3
Chennai,2022-06-08,127,65,239,55,19,1
Chennai,2022-06-09,81,180,225,63,16,2
Chennai,2022-06-10,88,71,90,98,11,4
Chennai,2022-06-11,133,100,331,56,48,3
Chennai,2022-06-12,91,277,393,65,48,2
Chennai,2022-06-13,125,285,137,94,29,1
Chennai,2022-06-14,129,153,316,87,43,4
Chennai,2022-06-15,91,117,332,44,13,3
Chennai,2022-06-16,119,233,255,28,34,4
Chennai,2022-06-17,130,297,92,24,45,4
Chennai,2022-06-18,110,298,106,71,34,3
Chennai,2022-06-19,119,208,298,58,25,0
Chennai,2022-06-20,80,147,282,52,11,3
Chennai,2022-06-21,96,136,277,21,44,3
Chennai,2022-06-22,98,176,332,25,11,4
Chennai,2022-06-23,87,211,277,95,12,0
Chennai,2022-06-24,92,150,230,94,48,4
Chennai,2022-06-25,129,216,316,31,23,2
Chennai,2022-06-26,108,79,245,34,18,2
Chennai,2022-06-27,83,55,176,43,21,4
Chennai,2022-06-28,133,50,218,81,13,1
Chennai,2022-06-29,126,261,240,64,13,0
Chennai,2022-06-30,100,67,87,79,44,0
Chennai,2022-07-01,114,209,127,76,22,3
Chennai,2022-07-02,97,121,280,25,40,3
Chennai,2022-07-03,109,243,345,32,13,4
Chennai,2022-07-04,122,239,171,43,36,3
Chennai,2022-07-05,135,283,309,21,8,4
Chennai,2022-07-06,134,147,344,54,41,3
Chennai,2022-07-07,98,259,138,35,17,3
Chennai,2022-07-08,98,165,188,55,13,0
Chennai,2022-07-09,124,195,391,55,40,4
Chennai,2022-07-10,121,113,181,61,30,0
Chennai,2022-07-11,94,247,84,34,34,2
Chennai,2022-07-12,98,159,110,70,27,3
Chennai,2022-07-13,92,99,153,44,25,4
Chennai,2022-07-14,106,111,281,55,28,2
Chennai,2022-07-15,119,89,163,64,24,2
Chennai,2022-07-16,121,161,395,41,9,2
Chennai,2022-07-17,120,271,106,99,44,4
Chennai,2022-07-18,88,297,205,51,13,0
Chennai,2022-07-19,110,55,88,61,27,0
Chennai,2022-07-20,88,190,318,36,40,1
Chennai,2022-07-21,124,73,359,47,45,3
Chennai,2022-07-22,116,247,388,35,39,4
Chennai,2022-07-23,92,134,149,35,23,1
Chennai,2022-07-24,137,71,224,91,25,4
Chennai,2022-07-25,139,83,99,68,8,2
Chennai,2022-07-26,138,263,361,86,20,4
Chennai,2022-07-27,101,232,125,40,31,1
Chennai,2022-07-28,96,81,398,61,47,1
Chennai,2022-07-29,104,112,83,69,7,2
Chennai,2022-07-30,95,299,230,38,18,0
Chennai,2022-07-31,128,179,92,31,43,4
Chennai,2022-08-01,139,286,165,83,49,1
Chennai,2022-08-02,97,54,350,28,23,3
Chennai,2022-08-03,101,277,373,95,8,1
Chennai,2022-08-04,116,94,278,38,13,1
Chennai,2022-08-05,100,294,114,88,5,4
Chennai,2022-08-06,85,76,216,64,31,0
Chennai,2022-08-07,90,246,291,97,17,4
Chennai,2022-08-08,87,63,364,49,33,1
Chennai,2022-08-09,104,95,129,43,19,2
Chennai,2022-08-10,105,232,85,67,31,3
Chennai,2022-08-11,99,217,263,90,43,2
Chennai,2022-08-12,135,112,133,87,24,4
Chennai,2022-08-13,90,73,254,84,44,0
Chennai,2022-08-14,109,102,246,22,36,2
Chennai,2022-08-15,131,69,323,94,37,0
Chennai,2022-08-16,112,230,281,82,48,3
Chennai,2022-08-17,82,166,287,26,25,2
Chennai,2022-08-18,96,296,199,65,5,0
Chennai,2022-08-19,85,258,281,51,35,2
Chennai,2022-08-20,109,203,304,63,37,4
Chennai,2022-08-21,119,136,265,53,46,0
Chennai,2022-08-22,119,213,129,33,43,0
Chennai,2022-08-23,115,52,156,85,26,3
Chennai,2022-08-24,106,136,141,45,45,4
Chennai,2022-08-25,122,142,379,52,31,4
Chennai,2022-08-26,104,73,378,90,15,3
Chennai,2022-08-27,92,255,247,43,20,0
Chennai,2022-08-28,95,166,266,62,44,1
Chennai,2022-08-29,92,250,229,94,9,0
Chennai,2022-08-30,103,93,368,61,15,2
Chennai,2022-08-31,109,151,204,20,31,3
Chennai,2022-09-01,136,247,189,94,15,3
Chennai,2022-09-02,138,125,327,49,6,2
Chennai,2022-09-03,105,240,321,69,47,3
Chennai,2022-09-04,153,217,205,96,18,1
Chennai,2022-09-05,136,192,217,53,30,4
Chennai,2022-09-06,100,186,378,22,16,4
Chennai,2022-09-07,137,95,165,98,49,3
Chennai,2022-09-08,113,164,304,84,28,2
Chennai,2022-09-09,109,50,190,99,39,3
Chennai,2022-09-10,111,240,97,91,6,0
Chennai,2022-09-11,134,230,143,48,14,0
Chennai,2022-09-12,121,170,328,64,38,3
Chennai,2022-09-13,106,99,186,54,34,3
Chennai,2022-09-14,138,249,185,48,40,3
Chennai,2022-09-15,150,113,116,94,35,1
Chennai,2022-09-16,113,154,320,98,39,0
Chennai,2022-09-17,113,243,379,34,44,2
Chennai,2022-09-18,116,262,335,94,25,0
Chennai,2022-09-19,146,264,178,25,9,2
Chennai,2022-09-20,107,118,299,21,28,1
Chennai,2022-09-21,134,129,168,43,48,4
Chennai,2022-09-22,152,179,338,65,44,0
Chennai,2022-09-23,105,149,262,41,13,3
Chennai,2022-09-24,142,53,126,99,26,2
Chennai,2022-09-25,152,94,303,28,16,2
Chennai,2022-09-26,113,84,111,88,25,3
Chennai,2022-09-27,112,70,372,58,48,4
Chennai,2022-09-28,123,115,286,25,16,1
Chennai,2022-09-29,144,225,210,92,36,0
Chennai,2022-09-30,110,91,271,59,27,1
Chennai,2022-10-01,123,108,347,46,48,2
Chennai,2022-10-02,133,66,140,47,45,1
Chennai,2022-10-03,113,130,181,29,48,4
Chennai,2022-10-04,135,254,217,84,35,2
Chennai,2022-10-05,155,286,95,57,25,0
Chennai,2022-10-06,111,84,221,86,20,1
Chennai,2022-10-07,110,102,335,65,26,2
Chennai,2022-10-08,141,294,216,27,49,3
Chennai,2022-10-09,150,148,340,54,41,4
Chennai,2022-10-10,123,233,116,63,34,1
Chennai,2022-10-11,110,261,131,22,28,2
Chennai,2022-10-12,102,111,336,62,43,1
Chennai,2022-10-13,154,107,303,67,42,2
Chennai,2022-10-14,108,279,367,57,41,2
Chennai,2022-10-15,114,62,287,55,35,3
Chennai,2022-10-16,112,177,313,47,30,0
Chennai,2022-10-17,153,249,370,29,29,0
Chennai,2022-10-18,139,254,106,64,43,4
Chennai,2022-10-19,115,293,279,73,48,1
Chennai,2022-10-20,135,60,368,48,43,4
Chennai,2022-10-21,110,146,81,24,14,2
Chennai,2022-10-22,134,101,148,71,19,3
Chennai,2022-10-23,129,89,328,39,47,0
Chennai,2022-10-24,149,178,108,55,13,0
Chennai,2022-10-25,105,259,374,44,39,1
Chennai,2022-10-26,105,163,347,67,26,1
Chennai,2022-10-27,133,125,146,75,33,2
Chennai,2022-10-28,153,213,118,23,42,1
Chennai,2022-10-29,142,114,365,95,36,3
Chennai,2022-10-30,119,176,106,52,23,3
Chennai,2022-10-31,101,223,158,98,8,3
Chennai,2022-11-01,157,154,250,84,10,0
Chennai,2022-11-02,199,273,181,78,24,3
Chennai,2022-11-03,174,61,84,31,39,2
Chennai,2022-11-04,180,295,82,95,22,0
Chennai,2022-11-05,198,230,144,28,9,3
Chennai,2022-11-06,159,148,390,90,10,0
Chennai,2022-11-07,167,269,308,64,29,0
Chennai,2022-11-08,160,97,87,73,49,2
Chennai,2022-11-09,163,284,280,29,32,1
Chennai,2022-11-10,167,124,186,40,49,0
Chennai,2022-11-11,152,76,300,77,35,0
Chennai,2022-11-12,194,127,338,82,16,4
Chennai,2022-11-13,186,263,197,69,9,1
Chennai,2022-11-14,170,180,88,27,47,0
Chennai,2022-11-15,192,85,119,58,42,2
Chennai,2022-11-16,209,183,231,73,10,2
Chennai,2022-11-17,201,167,229,87,7,1
Chennai,2022-11-18,177,124,371,40,40,4
Chennai,2022-11-19,179,179,148,41,26,1
Chennai,2022-11-20,162,231,155,64,30,1
Chennai,2022-11-21,172,187,192,96,18,1
Chennai,2022-11-22,179,267,243,83,40,2
Chennai,2022-11-23,183,75,114,60,49,0
Chennai,2022-11-24,167,225,362,75,31,3
Chennai,2022-11-25,203,157,180,46,12,1
Chennai,2022-11-26,203,123,100,77,8,3
Chennai,2022-11-27,161,66,215,87,33,0
Chennai,2022-11-28,185,286,338,39,14,1
Chennai,2022-11-29,189,113,190,72,9,0
Chennai,2022-11-30,175,151,80,45,33,2
Chennai,2022-12-01,159,182,178,91,14,2
Chennai,2022-12-02,181,119,180,48,7,1
Chennai,2022-12-03,196,198,236,99,11,1
Chennai,2022-12-04,183,136,92,99,26,3
Chennai,2022-12-05,189,240,387,31,30,3
Chennai,2022-12-06,177,202,259,37,24,3
Chennai,2022-12-07,150,245,317,23,19,0
Chennai,2022-12-08,196,202,238,43,13,3
Chennai,2022-12-09,183,94,147,93,26,1
Chennai,2022-12-10,158,278,191,44,13,0
Chennai,2022-12-11,160,90,156,92,39,4
Chennai,2022-12-12,153,294,358,57,20,4
Chennai,2022-12-13,164,130,162,45,47,0
Chennai,2022-12-14,198,193,150,51,37,2
Chennai,2022-12-15,150,181,211,47,37,2
Chennai,2022-12-16,198,272,147,76,47,1
Chennai,2022-12-17,162,252,221,79,11,2
Chennai,2022-12-18,207,235,171,73,49,0
Chennai,2022-12-19,167,194,235,80,24,0
Chennai,2022-12-20,176,201,205,51,49,2
Chennai,2022-12-21,186,230,226,42,35,4
Chennai,2022-12-22,172,262,363,61,14,3
Chennai,2022-12-23,159,142,307,62,41,2
Chennai,2022-12-24,169,56,175,55,12,2
Chennai,2022-12-25,188,52,98,20,19,0
Chennai,2022-12-26,185,183,135,43,25,4
Chennai,2022-12-27,159,102,261,89,49,1
Chennai,2022-12-28,195,191,348,76,30,0
Chennai,2022-12-29,166,108,208,99,33,0
Chennai,2022-12-30,162,112,223,31,36,3
Chennai,2022-12-31,205,96,160,58,36,1
Chennai,2023-01-01,194,56,118,43,19,3
Chennai,2023-01-02,164,210,340,75,9,0
Chennai,2023-01-03,164,298,367,50,14,2
Chennai,2023-01-04,155,82,143,32,35,2
Chennai,2023-01-05,207,58,334,42,37,4
Chennai,2023-01-06,169,150,162,88,14,2
Chennai,2023-01-07,176,275,87,49,14,3
Chennai,2023-01-08,178,86,91,62,36,4
Chennai,2023-01-09,203,273,234,96,35,3
Chennai,2023-01-10,166,95,296,35,40,4
Chennai,2023-01-11,185,156,327,73,10,3
Chennai,2023-01-12,184,130,130,82,36,0
Chennai,2023-01-13,178,97,324,65,48,2
Chennai,2023-01-14,183,67,183,64,11,4
Chennai,2023-01-15,203,155,345,50,48,4
Chennai,2023-01-16,172,276,279,43,5,4
Chennai,2023-01-17,192,149,133,81,36,4
Chennai,2023-01-18,150,210,351,55,22,4
Chennai,2023-01-19,198,124,339,43,34,1
Chennai,2023-01-20,171,191,223,53,38,4
Chennai,2023-01-21,207,55,233,69,42,0
Chennai,2023-01-22,164,223,172,78,36,4
Chennai,2023-01-23,181,273,369,44,28,4
Chennai,2023-01-24,171,87,348,62,17,1
Chennai,2023-01-25,202,276,160,85,40,4
Chennai,2023-01-26,194,299,93,86,10,1
Chennai,2023-01-27,196,229,246,96,16,2
Chennai,2023-01-28,180,220,229,31,23,3
Chennai,2023-01-29,208,276,190,85,7,3
Chennai,2023-01-30,207,147,349,68,14,4
Chennai,2023-01-31,209,135,282,45,21,0
Chennai,2023-02-01,158,202,283,41,31,4
Chennai,2023-02-02,155,62,109,51,9,4
Chennai,2023-02-03,152,202,81,89,42,2
Chennai,2023-02-04,106,92,296,31,19,2
Chennai,2023-02-05,118,266,183,38,42,3
Chennai,2023-02-06,111,60,167,77,14,0
Chennai,2023-02-07,154,50,284,48,5,2
Chennai,2023-02-08,107,211,127,35,31,2
Chennai,2023-02-09,134,57,396,85,5,3
Chennai,2023-02-10,144,248,188,55,38,3
Chennai,2023-02-11,111,149,203,55,21,0
Chennai,2023-02-12,102,66,142,39,40,0
Chennai,2023-02-13,143,265,88,28,6,0
Chennai,2023-02-14,111,64,383,50,14,4
Chennai,2023-02-15,103,279,294,64,6,4
Chennai,2023-02-16,115,261,191,58,42,1
Chennai,2023-02-17,146,55,373,43,35,4
Chennai,2023-02-18,132,82,198,74,31,0
Chennai,2023-02-19,111,115,296,62,21,4
Chennai,2023-02-20,153,254,101,57,7,2
Chennai,2023-02-21,122,264,286,89,30,1
Chennai,2023-02-22,141,132,93,69,34,2
Chennai,2023-02-23,144,91,311,21,21,2
Chennai,2023-02-24,106,51,270,79,28,2
Chennai,2023-02-25,151,245,162,45,41,2
Chennai,2023-02-26,129,75,261,69,24,2
Chennai,2023-02-27,154,235,112,75,39,3
Chennai,2023-02-28,124,79,206,48,7,4
Chennai,2023-03-01,155,122,287,71,16,3
Chennai,2023-03-02,137,258,230,77,15,1
Chennai,2023-03-03,121,128,175,27,48,2
Chennai,2023-03-04,139,285,315,55,18,3
Chennai,2023-03-05,156,86,310,54,17,1
Chennai,2023-03-06,110,103,289,22,21,0
Chennai,2023-03-07,108,224,242,71,20,3
Chennai,2023-03-08,140,81,232,25,19,4
Chennai,2023-03-09,141,299,194,48,33,0
Chennai,2023-03-10,146,53,104,37,49,4
Chennai,2023-03-11,150,289,342,29,18,4
Chennai,2023-03-12,151,223,268,92,28,1
Chennai,2023-03-13,146,106,277,71,17,1
Chennai,2023-03-14,113,171,140,77,27,0
Chennai,2023-03-15,148,216,358,72,10,3
Chennai,2023-03-16,113,213,263,74,38,2
Chennai,2023-03-17,104,263,306,30,36,3
Chennai,2023-03-18,151,282,341,88,17,3
Chennai,2023-03-19,114,164,224,87,34,1
Chennai,2023-03-20,145,233,197,27,37,3
Chennai,2023-03-21,103,149,247,25,33,1
Chennai,2023-03-22,128,163,108,20,18,2
Chennai,2023-03-23,138,194,161,34,22,3
Chennai,2023-03-24,123,206,161,26,35,4
Chennai,2023-03-25,125,146,141,26,10,1
Chennai,2023-03-26,128,143,212,88,8,4
Chennai,2023-03-27,127,143,212,57,18,2
Chennai,2023-03-28,134,66,351,74,47,4
Chennai,2023-03-29,128,121,84,79,39,1
Chennai,2023-03-30,138,240,196,57,46,3
Chennai,2023-03-31,116,276,103,45,13,2
Chennai,2023-04-01,126,74,210,25,46,4
Chennai,2023-04-02,132,283,365,91,24,2
Chennai,2023-04-03,132,56,333,45,37,4
Chennai,2023-04-04,129,263,177,67,17,0
Chennai,2023-04-05,133,161,336,22,16,1
Chennai,2023-04-06,156,84,110,32,7,1
Chennai,2023-04-07,153,204,226,79,11,2
Chennai,2023-04-08,107,269,157,30,41,1
Chennai,2023-04-09,157,177,211,93,45,2
Chennai,2023-04-10,106,61,115,57,47,1
Chennai,2023-04-11,129,63,272,26,6,1
Chennai,2023-04-12,118,266,153,69,27,3
Chennai,2023-04-13,120,289,208,36,39,2
Chennai,2023-04-14,102,60,119,84,13,0
Chennai,2023-04-15,122,244,338,80,6,4
Chennai,2023-04-16,100,193,142,77,42,0
Chennai,2023-04-17,118,231,160,46,45,2
Chennai,2023-04-18,150,237,245,62,37,4
Chennai,2023-04-19,115,260,382,65,27,1
Chennai,2023-04-20,151,179,99,87,22,4
Chennai,2023-04-21,135,249,224,42,10,1
Chennai,2023-04-22,101,250,168,92,41,0
Chennai,2023-04-23,122,100,170,64,19,2
Chennai,2023-04-24,134,280,173,33,22,0
Chennai,2023-04-25,108,62,104,21,20,0
Chennai,2023-04-26,113,246,197,84,32,1
Chennai,2023-04-27,155,260,334,25,42,4
Chennai,2023-04-28,153,91,137,23,39,2
Chennai,2023-04-29,140,92,96,23,40,4
Chennai,2023-04-30,157,280,215,21,26,1
Chennai,2023-05-01,122,100,117,68,20,4
Chennai,2023-05-02,125,88,229,87,13,4
Chennai,2023-05-03,100,183,132,84,5,0
Chennai,2023-05-04,144,222,158,96,48,3
Chennai,2023-05-05,111,211,160,58,41,0
Chennai,2023-05-06,113,123,382,46,21,0
Chennai,2023-05-07,127,85,375,80,29,4
Chennai,2023-05-08,108,273,286,45,23,3
Chennai,2023-05-09,101,288,306,85,46,0
Chennai,2023-05-10,132,237,298,51,25,1
Chennai,2023-05-11,123,233,237,27,43,4
Chennai,2023-05-12,126,119,120,60,19,1
Chennai,2023-05-13,125,194,163,42,45,4
Chennai,2023-05-14,130,163,284,74,32,2
Chennai,2023-05-15,153,286,193,49,25,0
Chennai,2023-05-16,102,93,396,38,20,1
Chennai,2023-05-17,107,290,214,76,30,4
Chennai,2023-05-18,142,169,249,51,38,4
Chennai,2023-05-19,135,223,282,26,20,2
Chennai,2023-05-20,110,285,394,21,30,3
Chennai,2023-05-21,156,111,314,55,48,1
Chennai,2023-05-22,132,201,313,64,41,1
Chennai,2023-05-23,132,127,159,75,26,0
Chennai,2023-05-24,119,287,322,86,34,0
Chennai,2023-05-25,138,199,202,26,44,3
Chennai,2023-05-26,149,278,81,40,13,4
Chennai,2023-05-27,131,72,182,50,29,4
Chennai,2023-05-28,144,142,185,58,45,0
Chennai,2023-05-29,103,94,339,44,36,0
Chennai,2023-05-30,107,220,91,75,18,2
Chennai,2023-05-31,130,121,277,20,27,2
Chennai,2023-06-01,119,185,396,83,14,4
Chennai,2023-06-02,111,199,93,77,45,4
Chennai,2023-06-03,103,86,170,44,39,2
Chennai,2023-06-04,115,261,102,59,24,1
Chennai,2023-06-05,125,292,285,31,5,1
Chennai,2023-06-06,112,202,269,80,34,0
Chennai,2023-06-07,89,283,119,88,6,3
Chennai,2023-06-08,86,207,227,43,26,0
Chennai,2023-06-09,139,235,373,79,24,0
Chennai,2023-06-10,134,287,123,71,20,3
Chennai,2023-06-11,132,80,226,41,8,3
Chennai,2023-06-12,104,79,349,37,19,2
Chennai,2023-06-13,100,201,364,33,31,3
Chennai,2023-06-14,102,140,83,95,25,1
Chennai,2023-06-15,96,93,196,63,5,4
Chennai,2023-06-16,130,278,265,71,45,1
Chennai,2023-06-17,131,77,313,82,40,1
Chennai,2023-06-18,95,69,88,84,26,4
Chennai,2023-06-19,96,239,378,63,48,4
Chennai,2023-06-20,139,206,378,46,41,3
Chennai,2023-06-21,87,220,339,59,38,3
Chennai,2023-06-22,125,297,173,51,45,1
Chennai,2023-06-23,114,163,381,36,23,3
Chennai,2023-06-24,110,245,342,83,5,2
Chennai,2023-06-25,115,238,103,75,20,2
Chennai,2023-06-26,88,230,202,74,33,2
Chennai,2023-06-27,118,70,271,55,33,0
Chennai,2023-06-28,93,143,232,84,32,2
Chennai,2023-06-29,104,178,97,97,48,0
Chennai,2023-06-30,110,55,201,58,45,2
Chennai,2023-07-01,110,252,183,56,20,2
Chennai,2023-07-02,125,139,148,67,44,3
Chennai,2023-07-03,95,51,139,71,26,0
Chennai,2023-07-04,114,116,257,26,9,3
Chennai,2023-07-05,104,150,396,47,13,1
Chennai,2023-07-06,115,218,213,89,47,3
Chennai,2023-07-07,121,153,123,33,25,0
Chennai,2023-07-08,105,55,348,22,19,2
Chennai,2023-07-09,122,227,204,24,14,4
Chennai,2023-07-10,104,253,290,40,21,4
Chennai,2023-07-11,92,273,144,65,27,4
Chennai,2023-07-12,86,138,207,24,47,2
Chennai,2023-07-13,86,54,92,56,10,3
Chennai,2023-07-14,102,213,219,54,9,1
Chennai,2023-07-15,110,73,372,79,42,1
Chennai,2023-07-16,104,188,107,25,27,3
Chennai,2023-07-17,85,107,237,74,18,1
Chennai,2023-07-18,103,124,174,28,40,4
Chennai,2023-07-19,101,72,399,36,10,3
Chennai,2023-07-20,113,245,367,36,11,0
Chennai,2023-07-21,116,128,202,23,34,3
Chennai,2023-07-22,127,251,208,58,19,0
Chennai,2023-07-23,85,254,303,83,35,0
Chennai,2023-07-24,133,199,334,22,24,3
Chennai,2023-07-25,136,95,234,93,14,1
Chennai,2023-07-26,96,54,281,50,14,2
Chennai,2023-07-27,87,241,114,70,30,3
Chennai,2023-07-28,107,251,103,56,44,1
Chennai,2023-07-29,126,100,80,94,13,3
Chennai,2023-07-30,85,124,234,63,8,0
Chennai,2023-07-31,121,135,248,96,48,2
Chennai,2023-08-01,129,215,342,57,39,4
Chennai,2023-08-02,111,194,369,80,5,4
Chennai,2023-08-03,91,263,395,94,39,2
Chennai,2023-08-04,86,221,174,65,20,0
Chennai,2023-08-05,103,146,169,70,16,0
Chennai,2023-08-06,137,263,155,80,45,1
Chennai,2023-08-07,83,142,262,50,29,0
Chennai,2023-08-08,106,98,103,50,37,2
Chennai,2023-08-09,108,267,216,90,30,4
Chennai,2023-08-10,117,270,174,77,28,0
Chennai,2023-08-11,130,199,128,91,43,1
Chennai,2023-08-12,105,121,110,91,28,2
Chennai,2023-08-13,136,100,284,73,13,3
Chennai,2023-08-14,112,201,185,41,28,4
Chennai,2023-08-15,138,76,398,28,48,2
Chennai,2023-08-16,133,107,257,24,9,2
Chennai,2023-08-17,92,167,176,42,8,1
Chennai,2023-08-18,80,275,372,25,18,1
Chennai,2023-08-19,88,154,209,59,20,0
Chennai,2023-08-20,124,52,398,65,28,0
Chennai,2023-08-21,117,252,349,36,30,0
Chennai,2023-08-22,81,195,196,84,6,1
Chennai,2023-08-23,132,86,182,81,14,2
Chennai,2023-08-24,130,138,159,75,9,4
Chennai,2023-08-25,134,149,370,75,46,2
Chennai,2023-08-26,104,256,204,97,7,3
Chennai,2023-08-27,135,254,382,36,5,2
Chennai,2023-08-28,120,93,310,90,17,1
Chennai,2023-08-29,91,181,109,72,18,3
Chennai,2023-08-30,102,141,231,67,48,3
Chennai,2023-08-31,118,117,226,56,19,4
Chennai,2023-09-01,144,53,262,34,12,0
Chennai,2023-09-02,108,110,159,24,43,4
Chennai,2023-09-03,130,103,374,47,46,0
Chennai,2023-09-04,145,297,286,22,24,0
Chennai,2023-09-05,146,255,202,25,27,4
Chennai,2023-09-06,120,63,247,24,24,0
Chennai,2023-09-07,125,124,180,71,22,1
Chennai,2023-09-08,147,114,237,91,30,4
Chennai,2023-09-09,109,178,268,52,43,2
Chennai,2023-09-10,131,230,134,93,37,0
Chennai,2023-09-11,115,175,129,60,22,0
Chennai,2023-09-12,114,256,349,99,18,3
Chennai,2023-09-13,118,97,349,65,47,2
Chennai,2023-09-14,110,246,264,72,12,3
Chennai,2023-09-15,114,239,116,24,16,0
Chennai,2023-09-16,134,281,170,28,49,3
Chennai,2023-09-17,156,191,224,30,13,3
Chennai,2023-09-18,152,171,172,70,38,0
Chennai,2023-09-19,101,238,317,59,25,1
Chennai,2023-09-20,127,89,395,92,30,4
Chennai,2023-09-21,158,157,264,62,49,0
Chennai,2023-09-22,125,76,143,64,31,2
Chennai,2023-09-23,111,236,141,97,36,0
Chennai,2023-09-24,113,278,238,47,41,4
Chennai,2023-09-25,108,68,176,74,11,1
Chennai,2023-09-26,151,124,94,47,34,4
Chennai,2023-09-27,132,237,179,80,15,4
Chennai,2023-09-28,128,66,301,46,18,3
Chennai,2023-09-29,126,68,156,32,27,0
Chennai,2023-09-30,101,240,191,49,27,3
Chennai,2023-10-01,119,96,227,36,48,4
Chennai,2023-10-02,144,200,135,97,17,1
Chennai,2023-10-03,126,262,368,66,49,4
Chennai,2023-10-04,133,68,276,92,28,1
Chennai,2023-10-05,126,254,243,71,38,0
Chennai,2023-10-06,128,113,140,97,9,2
Chennai,2023-10-07,112,106,188,62,43,1
Chennai,2023-10-08,100,143,226,51,43,3
Chennai,2023-10-09,122,216,200,98,7,4
Chennai,2023-10-10,144,182,337,41,6,4
Chennai,2023-10-11,126,148,161,28,49,1
Chennai,2023-10-12,106,247,171,91,49,4
Chennai,2023-10-13,141,188,254,46,26,3
Chennai,2023-10-14,100,184,399,43,43,2
Chennai,2023-10-15,106,54,201,73,24,1
Chennai,2023-10-16,107,234,394,61,8,2
Chennai,2023-10-17,142,222,168,73,9,0
Chennai,2023-10-18,138,242,185,47,13,4
Chennai,2023-10-19,136,238,161,95,14,4
Chennai,2023-10-20,112,251,215,20,31,1
Chennai,2023-10-21,142,234,252,44,13,2
Chennai,2023-10-22,113,76,233,28,23,4
Chennai,2023-10-23,156,299,106,24,16,0
Chennai,2023-10-24,101,102,152,61,38,0
Chennai,2023-10-25,125,155,144,54,43,1
Chennai,2023-10-26,121,259,205,48,40,0
Chennai,2023-10-27,105,212,103,26,39,3
Chennai,2023-10-28,141,233,197,41,34,2
Chennai,2023-10-29,154,177,100,94,26,3
Chennai,2023-10-30,143,257,394,73,49,4
Chennai,2023-10-31,129,95,93,21,49,2
Chennai,2023-11-01,208,57,180,27,40,1
Chennai,2023-11-02,208,178,277,64,47,0
Chennai,2023-11-03,208,142,297,55,8,4
Chennai,2023-11-04,186,252,172,53,34,2
Chennai,2023-11-05,150,242,248,80,19,2
Chennai,2023-11-06,163,75,399,45,35,0
Chennai,2023-11-07,193,296,107,75,49,2
Chennai,2023-11-08,179,181,144,21,7,1
Chennai,2023-11-09,172,229,105,23,42,2
Chennai,2023-11-10,190,245,325,52,13,3
Chennai,2023-11-11,183,250,235,24,6,4
Chennai,2023-11-12,172,154,221,96,17,2
Chennai,2023-11-13,193,232,222,59,27,0
Chennai,2023-11-14,170,298,151,48,37,1
Chennai,2023-11-15,152,265,196,37,9,2
Chennai,2023-11-16,162,258,126,34,11,3
Chennai,2023-11-17,161,86,323,49,45,2
Chennai,2023-11-18,151,89,82,21,12,0
Chennai,2023-11-19,195,77,168,36,46,4
Chennai,2023-11-20,198,278,128,92,26,4
Chennai,2023-11-21,163,90,358,63,45,3
Chennai,2023-11-22,205,65,377,80,49,2
Chennai,2023-11-23,173,131,278,91,24,0
Chennai,2023-11-24,175,75,395,42,35,1
Chennai,2023-11-25,205,284,275,43,15,0
Chennai,2023-11-26,174,296,140,53,37,2
Chennai,2023-11-27,207,285,293,97,20,1
Chennai,2023-11-28,150,255,97,95,46,3
Chennai,2023-11-29,201,62,231,63,7,0
Chennai,2023-11-30,197,285,136,63,15,0
Chennai,2023-12-01,152,241,376,52,5,4
Chennai,2023-12-02,188,183,310,42,48,2
Chennai,2023-12-03,174,58,314,35,31,3
Chennai,2023-12-04,157,125,304,30,35,3
Chennai,2023-12-05,161,101,260,26,16,0
Chennai,2023-12-06,187,80,182,20,30,1
Chennai,2023-12-07,176,122,264,71,8,2
Chennai,2023-12-08,182,257,234,56,28,3
Chennai,2023-12-09,171,103,236,24,49,3
Chennai,2023-12-10,197,149,398,39,42,2
Chennai,2023-12-11,158,121,168,61,19,4
Chennai,2023-12-12,151,96,265,79,34,1
Chennai,2023-12-13,184,103,368,44,49,4
Chennai,2023-12-14,160,253,103,34,33,0
Chennai,2023-12-15,192,246,305,94,27,0
Chennai,2023-12-16,153,207,99,65,21,1
Chennai,2023-12-17,153,52,370,60,45,1
Chennai,2023-12-18,192,199,123,31,47,1
Chennai,2023-12-19,199,273,314,25,30,3
Chennai,2023-12-20,190,205,88,22,18,2
Chennai,2023-12-21,182,212,240,92,48,4
Chennai,2023-12-22,162,182,83,60,13,4
Chennai,2023-12-23,151,292,220,33,9,0
Chennai,2023-12-24,172,280,112,60,28,2
Chennai,2023-12-25,151,141,149,26,41,4
Chennai,2023-12-26,196,53,357,20,41,3
Chennai,2023-12-27,160,199,123,93,15,0
Chennai,2023-12-28,196,98,110,76,46,3
Chennai,2023-12-29,161,90,265,36,14,4
Chennai,2023-12-30,160,100,102,99,32,2
Chennai,2023-12-31,186,214,398,91,46,3
Chennai,2024-01-01,150,56,263,25,48,4
Chennai,2024-01-02,203,247,104,65,39,4
Chennai,2024-01-03,166,143,283,31,29,0
Chennai,2024-01-04,191,139,109,80,13,0
Chennai,2024-01-05,190,275,122,39,49,1
Chennai,2024-01-06,177,155,374,33,49,0
Chennai,2024-01-07,209,290,317,49,44,0
Chennai,2024-01-08,172,289,120,66,42,3
Chennai,2024-01-09,157,53,115,76,35,4
Chennai,2024-01-10,200,160,83,83,48,3
Chennai,2024-01-11,150,124,233,23,25,4
Chennai,2024-01-12,171,271,322,49,47,4
Chennai,2024-01-13,164,75,104,74,10,2
Chennai,2024-01-14,176,151,358,91,23,0
Chennai,2024-01-15,165,238,341,38,42,4
Chennai,2024-01-16,167,162,181,83,18,4
Chennai,2024-01-17,187,102,174,54,42,2
Chennai,2024-01-18,165,249,122,83,49,2
Chennai,2024-01-19,183,119,302,45,22,4
Chennai,2024-01-20,192,204,382,23,21,1
Chennai,2024-01-21,161,254,85,77,31,3
Chennai,2024-01-22,184,265,165,67,27,4
Chennai,2024-01-23,170,126,324,67,41,0
Chennai,2024-01-24,185,259,388,73,42,3
Chennai,2024-01-25,188,73,219,43,33,4
Chennai,2024-01-26,176,167,183,62,23,4
Chennai,2024-01-27,162,131,136,43,5,3
Chennai,2024-01-28,209,137,85,54,45,0
Chennai,2024-01-29,176,89,136,78,27,4
Chennai,2024-01-30,195,148,375,55,7,0
Chennai,2024-01-31,202,292,139,63,29,3
Chennai,2024-02-01,114,263,307,52,45,0
Chennai,2024-02-02,103,116,391,51,21,0
Chennai,2024-02-03,120,275,133,23,33,0
Chennai,2024-02-04,121,238,270,82,49,0
Chennai,2024-02-05,138,100,329,29,27,2
Chennai,2024-02-06,136,291,88,98,35,4
Chennai,2024-02-07,150,295,91,93,43,0
Chennai,2024-02-08,152,126,195,78,25,3
Chennai,2024-02-09,139,259,292,82,46,0
Chennai,2024-02-10,147,150,101,20,14,2
Chennai,2024-02-11,135,261,147,32,34,2
Chennai,2024-02-12,109,69,115,57,35,3
Chennai,2024-02-13,155,209,248,34,22,3
Chennai,2024-02-14,152,244,190,60,8,2
Chennai,2024-02-15,110,82,359,82,36,3
Chennai,2024-02-16,133,185,108,40,10,0
Chennai,2024-02-17,154,141,170,31,7,1
Chennai,2024-02-18,112,105,169,60,13,2
Chennai,2024-02-19,101,90,269,91,10,4
Chennai,2024-02-20,100,161,247,80,17,3
Chennai,2024-02-21,127,140,274,22,31,3
Chennai,2024-02-22,147,127,324,96,32,4
Chennai,2024-02-23,101,143,253,21,17,2
Chennai,2024-02-24,146,171,232,46,39,3
Chennai,2024-02-25,157,283,352,43,37,4
Chennai,2024-02-26,125,286,337,97,38,0
Chennai,2024-02-27,121,292,284,41,45,0
Chennai,2024-02-28,136,239,254,21,31,2
Chennai,2024-02-29,100,128,325,30,9,0
Chennai,2024-03-01,115,105,134,56,18,1
Chennai,2024-03-02,101,204,393,55,7,3
Chennai,2024-03-03,122,84,302,87,30,2
Chennai,2024-03-04,128,269,153,39,10,1
Chennai,2024-03-05,124,147,112,55,33,1
Chennai,2024-03-06,136,279,360,97,49,1
Chennai,2024-03-07,137,220,335,53,45,3
Chennai,2024-03-08,141,152,91,48,43,1
Chennai,2024-03-09,128,68,165,53,5,1
Chennai,2024-03-10,123,257,350,31,7,0
Chennai,2024-03-11,137,92,309,31,47,1
Chennai,2024-03-12,112,126,94,85,45,3
Chennai,2024-03-13,102,112,335,76,44,1
Chennai,2024-03-14,118,264,321,42,24,4
Chennai,2024-03-15,137,56,156,34,9,3
Chennai,2024-03-16,104,291,129,60,30,1
Chennai,2024-03-17,151,278,146,77,44,1
Chennai,2024-03-18,102,136,265,31,10,4
Chennai,2024-03-19,154,226,219,40,35,3
Chennai,2024-03-20,105,229,96,68,23,4
Chennai,2024-03-21,145,229,360,50,31,2
Chennai,2024-03-22,154,237,382,23,35,3
Chennai,2024-03-23,155,282,136,73,20,0
Chennai,2024-03-24,125,133,319,99,31,3
Chennai,2024-03-25,157,215,100,42,49,0
Chennai,2024-03-26,104,291,287,54,24,1
Chennai,2024-03-27,145,156,87,31,25,3
Chennai,2024-03-28,145,123,357,32,46,2
Chennai,2024-03-29,105,272,239,34,22,4
Chennai,2024-03-30,152,168,189,65,17,4
Chennai,2024-03-31,153,246,331,49,22,4
Chennai,2024-04-01,101,65,325,57,8,3
Chennai,2024-04-02,155,139,349,27,28,3
Chennai,2024-04-03,151,109,208,43,12,2
Chennai,2024-04-04,136,59,386,91,33,0
Chennai,2024-04-05,126,163,234,97,26,0
Chennai,2024-04-06,157,289,264,81,24,4
Chennai,2024-04-07,104,292,208,93,8,4
Chennai,2024-04-08,159,211,173,75,45,0
Chennai,2024-04-09,117,95,370,91,20,4
Chennai,2024-04-10,159,69,352,80,47,0
Chennai,2024-04-11,119,219,325,58,40,0
Chennai,2024-04-12,118,211,387,25,46,2
Chennai,2024-04-13,105,88,89,97,23,1
Chennai,2024-04-14,100,242,238,78,49,2
Chennai,2024-04-15,127,74,90,57,42,1
Chennai,2024-04-16,117,87,141,83,44,0
Chennai,2024-04-17,145,149,319,39,6,0
Chennai,2024-04-18,129,120,321,87,23,1
Chennai,2024-04-19,139,227,254,93,26,4
Chennai,2024-04-20,142,272,185,36,17,2
Chennai,2024-04-21,100,88,150,27,47,3
Chennai,2024-04-22,109,166,93,68,44,3
Chennai,2024-04-23,141,297,375,24,35,2
Chennai,2024-04-24,131,94,269,75,45,0
Chennai,2024-04-25,108,105,377,42,31,2
Chennai,2024-04-26,144,255,304,53,18,0
Chennai,2024-04-27,116,188,264,61,30,3
Chennai,2024-04-28,132,240,189,36,32,0
Chennai,2024-04-29,120,199,374,34,30,3
Chennai,2024-04-30,120,257,219,89,16,2
Chennai,2024-05-01,100,135,265,71,18,0
Chennai,2024-05-02,158,80,174,43,9,2
Chennai,2024-05-03,144,86,302,30,14,2
Chennai,2024-05-04,138,109,209,63,26,2
Chennai,2024-05-05,108,67,299,61,14,1
Chennai,2024-05-06,130,81,97,35,43,1
Chennai,2024-05-07,118,292,293,94,29,0
Chennai,2024-05-08,104,111,110,70,31,0
Chennai,2024-05-09,116,212,198,68,9,2
Chennai,2024-05-10,108,152,107,73,5,4
Chennai,2024-05-11,150,54,321,38,22,2
Chennai,2024-05-12,101,286,104,52,35,1
Chennai,2024-05-13,108,179,156,77,46,0
Chennai,2024-05-14,104,119,179,44,12,4
Chennai,2024-05-15,145,139,223,77,46,4
Chennai,2024-05-16,104,292,212,39,34,0
Chennai,2024-05-17,109,61,291,90,14,4
Chennai,2024-05-18,101,74,211,79,23,4
Chennai,2024-05-19,158,191,391,98,14,4
Chennai,2024-05-20,158,55,362,87,35,2
Chennai,2024-05-21,156,81,347,25,8,0
Chennai,2024-05-22,136,273,373,69,27,3
Chennai,2024-05-23,106,233,311,90,38,4
Chennai,2024-05-24,122,67,342,41,11,4
Chennai,2024-05-25,102,119,361,20,23,2
Chennai,2024-05-26,128,135,157,88,33,3
Chennai,2024-05-27,148,292,80,41,38,4
Chennai,2024-05-28,120,57,203,52,9,3
Chennai,2024-05-29,125,115,325,70,38,1
Chennai,2024-05-30,104,209,307,59,38,3
Chennai,2024-05-31,104,123,258,91,39,0
Chennai,2024-06-01,121,177,141,32,36,0
Chennai,2024-06-02,112,152,172,62,16,4
Chennai,2024-06-03,127,159,163,22,20,4
Chennai,2024-06-04,130,130,144,78,29,3
Chennai,2024-06-05,118,106,222,24,46,1
Chennai,2024-06-06,86,169,245,59,35,4
Chennai,2024-06-07,131,91,118,21,29,4
Chennai,2024-06-08,129,282,266,38,17,2
Chennai,2024-06-09,132,142,343,54,26,1
Chennai,2024-06-10,89,201,289,33,45,4
Chennai,2024-06-11,119,210,266,44,27,3
Chennai,2024-06-12,127,59,283,99,33,1
Chennai,2024-06-13,111,183,105,52,9,3
Chennai,2024-06-14,95,235,180,59,8,1
Chennai,2024-06-15,138,79,110,52,20,4
Chennai,2024-06-16,103,164,110,99,32,4
Chennai,2024-06-17,122,163,131,94,17,4
Chennai,2024-06-18,101,100,359,57,7,1
Chennai,2024-06-19,113,95,226,67,48,0
Chennai,2024-06-20,127,82,285,25,24,3
Chennai,2024-06-21,132,235,316,72,23,1
Chennai,2024-06-22,118,199,297,32,19,4
Chennai,2024-06-23,119,263,121,63,7,3
Chennai,2024-06-24,126,232,172,99,36,3
Chennai,2024-06-25,121,198,122,92,40,2
Chennai,2024-06-26,100,247,205,99,7,3
Chennai,2024-06-27,137,65,129,54,8,3
Chennai,2024-06-28,87,154,231,82,36,0
Chennai,2024-06-29,114,183,230,92,36,0
Chennai,2024-06-30,116,242,137,74,29,4
Chennai,2024-07-01,103,62,337,70,28,4
Chennai,2024-07-02,128,174,288,80,5,1
Chennai,2024-07-03,113,74,121,96,14,1
Chennai,2024-07-04,139,60,374,96,41,1
Chennai,2024-07-05,112,189,165,45,20,0
Chennai,2024-07-06,117,225,377,38,18,1
Chennai,2024-07-07,120,82,259,90,30,0
Chennai,2024-07-08,120,266,260,35,11,2
Chennai,2024-07-09,100,107,85,93,7,4
Chennai,2024-07-10,137,147,355,78,38,0
Chennai,2024-07-11,114,261,290,85,16,4
Chennai,2024-07-12,108,220,225,91,26,4
Chennai,2024-07-13,110,231,267,97,23,3
Chennai,2024-07-14,136,288,93,55,10,0
Chennai,2024-07-15,129,241,302,88,9,2
Chennai,2024-07-16,93,176,334,55,23,4
Chennai,2024-07-17,122,106,231,20,37,0
Chennai,2024-07-18,124,205,120,21,38,1
Chennai,2024-07-19,93,145,272,85,47,2
Chennai,2024-07-20,83,251,317,45,7,3
Chennai,2024-07-21,118,238,144,92,14,2
Chennai,2024-07-22,129,295,192,81,30,1
Chennai,2024-07-23,103,187,97,72,21,4
Chennai,2024-07-24,103,114,89,29,16,0
Chennai,2024-07-25,87,246,88,83,28,3
Chennai,2024-07-26,118,264,157,74,18,0
Chennai,2024-07-27,84,236,333,93,41,2
Chennai,2024-07-28,129,282,246,28,16,4
Chennai,2024-07-29,137,231,297,52,9,3
Chennai,2024-07-30,132,243,101,32,22,4
Chennai,2024-07-31,88,105,295,49,9,0
Chennai,2024-08-01,83,57,201,95,11,4
Chennai,2024-08-02,86,228,355,29,11,1
Chennai,2024-08-03,134,67,325,31,49,1
Chennai,2024-08-04,131,170,366,97,42,4
Chennai,2024-08-05,111,120,134,54,35,0
Chennai,2024-08-06,110,65,168,56,10,0
Chennai,2024-08-07,88,210,367,97,29,3
Chennai,2024-08-08,85,147,80,91,40,0
Chennai,2024-08-09,130,298,280,92,24,1
Chennai,2024-08-10,123,123,167,94,31,3
Chennai,2024-08-11,102,159,323,95,28,3
Chennai,2024-08-12,87,146,96,33,45,1
Chennai,2024-08-13,138,211,228,81,37,0
Chennai,2024-08-14,87,150,146,74,21,0
Chennai,2024-08-15,99,75,300,63,11,1
Chennai,2024-08-16,103,233,264,75,38,0
Chennai,2024-08-17,114,100,289,57,37,0
Chennai,2024-08-18,92,120,337,46,47,1
Chennai,2024-08-19,97,60,397,23,15,0
Chennai,2024-08-20,106,51,379,29,20,3
Chennai,2024-08-21,124,210,260,91,37,2
Chennai,2024-08-22,109,195,123,77,32,3
Chennai,2024-08-23,132,146,332,48,45,1
Chennai,2024-08-24,95,173,354,44,39,0
Chennai,2024-08-25,95,220,311,87,36,2
Chennai,2024-08-26,132,213,127,62,10,0
Chennai,2024-08-27,89,275,254,90,32,1
Chennai,2024-08-28,114,252,211,94,14,4
Chennai,2024-08-29,106,161,299,29,13,0
Chennai,2024-08-30,94,58,266,47,15,3
Chennai,2024-08-31,129,120,298,32,43,2
Chennai,2024-09-01,107,103,275,48,8,0
Chennai,2024-09-02,112,98,171,88,37,1
Chennai,2024-09-03,121,123,385,45,29,4
Chennai,2024-09-04,108,283,260,23,8,0
Chennai,2024-09-05,135,274,163,77,37,1
Chennai,2024-09-06,126,130,347,68,9,3
Chennai,2024-09-07,139,148,336,26,25,4
Chennai,2024-09-08,159,154,199,52,27,2
Chennai,2024-09-09,135,290,123,97,32,3
Chennai,2024-09-10,126,219,115,61,6,3
Chennai,2024-09-11,134,106,399,80,28,3
Chennai,2024-09-12,112,298,258,64,44,4
Chennai,2024-09-13,147,279,274,24,21,2
Chennai,2024-09-14,153,87,376,79,14,3
Chennai,2024-09-15,139,254,137,44,14,2
Chennai,2024-09-16,115,67,329,23,44,1
Chennai,2024-09-17,115,145,113,54,43,1
Chennai,2024-09-18,110,209,221,38,5,4
Chennai,2024-09-19,104,83,280,82,16,3
Chennai,2024-09-20,158,100,337,63,19,2
Chennai,2024-09-21,124,157,241,63,28,1
Chennai,2024-09-22,118,214,232,30,15,3
Chennai,2024-09-23,158,166,338,89,28,1
Chennai,2024-09-24,155,186,263,97,37,4
Chennai,2024-09-25,119,215,259,63,21,2
Chennai,2024-09-26,132,204,111,30,46,0
Chennai,2024-09-27,115,160,202,28,49,3
Chennai,2024-09-28,112,138,226,94,16,3
Chennai,2024-09-29,113,129,337,41,14,0
Chennai,2024-09-30,122,188,215,77,34,1
Chennai,2024-10-01,148,218,260,82,24,2
Chennai,2024-10-02,106,117,200,49,15,1
Chennai,2024-10-03,116,201,287,20,13,1
Chennai,2024-10-04,142,58,150,23,16,2
Chennai,2024-10-05,105,61,148,54,9,0
Chennai,2024-10-06,158,67,256,36,38,3
Chennai,2024-10-07,142,204,173,74,38,3
Chennai,2024-10-08,143,111,376,66,41,1
Chennai,2024-10-09,148,206,172,74,28,2
Chennai,2024-10-10,109,177,93,93,32,3
Chennai,2024-10-11,116,67,334,99,33,0
Chennai,2024-10-12,101,69,189,62,25,3
Chennai,2024-10-13,121,276,276,97,43,0
Chennai,2024-10-14,138,219,82,79,48,2
Chennai,2024-10-15,124,281,241,48,15,4
Chennai,2024-10-16,144,119,159,83,14,1
Chennai,2024-10-17,158,159,364,91,47,1
Chennai,2024-10-18,109,195,370,77,17,2
Chennai,2024-10-19,129,172,265,69,27,1
Chennai,2024-10-20,110,234,291,32,39,0
Chennai,2024-10-21,152,121,273,86,29,1
Chennai,2024-10-22,123,234,207,39,6,0
Chennai,2024-10-23,135,218,388,35,27,1
Chennai,2024-10-24,158,200,301,74,30,2
Chennai,2024-10-25,103,66,339,50,29,3
Chennai,2024-10-26,158,144,310,68,19,3
Chennai,2024-10-27,149,298,166,82,20,0
Chennai,2024-10-28,133,213,394,60,36,1
Chennai,2024-10-29,147,286,315,38,39,3
Chennai,2024-10-30,146,146,148,38,40,4
Chennai,2024-10-31,146,222,103,87,46,4
Chennai,2024-11-01,164,254,241,23,10,3
Chennai,2024-11-02,173,52,84,93,7,3
Chennai,2024-11-03,177,178,179,91,45,0
Chennai,2024-11-04,192,51,144,29,44,1
Chennai,2024-11-05,156,195,369,87,21,0
Chennai,2024-11-06,199,109,149,76,40,1
Chennai,2024-11-07,158,105,98,71,28,1
Chennai,2024-11-08,198,147,235,26,46,1
Chennai,2024-11-09,197,72,238,81,31,4
Chennai,2024-11-10,203,58,208,33,17,2
Chennai,2024-11-11,187,298,316,71,44,1
Chennai,2024-11-12,150,181,107,53,27,4
Chennai,2024-11-13,156,265,366,97,38,3
Chennai,2024-11-14,153,239,191,45,42,3
Chennai,2024-11-15,177,166,259,68,17,4
Chennai,2024-11-16,157,81,266,75,7,3
Chennai,2024-11-17,194,293,250,95,20,2
Chennai,2024-11-18,188,90,110,23,37,1
Chennai,2024-11-19,187,167,199,68,42,4
Chennai,2024-11-20,167,190,376,58,22,1
Chennai,2024-11-21,185,105,80,50,26,0
Chennai,2024-11-22,192,205,322,59,25,1
Chennai,2024-11-23,175,88,362,68,7,0
Chennai,2024-11-24,154,168,330,38,31,4
Chennai,2024-11-25,206,121,95,89,19,1
Chennai,2024-11-26,164,283,148,68,13,2
Chennai,2024-11-27,170,170,322,59,6,1
Chennai,2024-11-28,207,229,381,99,47,0
Chennai,2024-11-29,170,161,361,76,49,3
Chennai,2024-11-30,150,69,388,95,18,1
Chennai,2024-12-01,191,122,202,39,23,1
Chennai,2024-12-02,178,162,203,81,40,0
Chennai,2024-12-03,179,192,109,34,18,3
Chennai,2024-12-04,180,122,207,93,40,0
Chennai,2024-12-05,177,142,295,80,18,4
Chennai,2024-12-06,179,204,131,24,47,4
Chennai,2024-12-07,178,132,194,88,46,1
Chennai,2024-12-08,181,53,125,24,43,3
Chennai,2024-12-09,177,174,149,91,36,1
Chennai,2024-12-10,156,80,288,55,10,1
Chennai,2024-12-11,161,77,387,68,40,2
Chennai,2024-12-12,171,109,170,51,28,0
Chennai,2024-12-13,178,278,172,56,13,2
Chennai,2024-12-14,185,55,108,94,30,1
Chennai,2024-12-15,151,215,304,66,24,0
Chennai,2024-12-16,161,76,396,38,49,1
Chennai,2024-12-17,151,187,286,38,30,1
Chennai,2024-12-18,182,52,109,33,23,4
Chennai,2024-12-19,208,132,95,29,17,2
Chennai,2024-12-20,180,200,281,80,44,1
Chennai,2024-12-21,185,74,165,28,37,3
Chennai,2024-12-22,205,169,256,40,7,2
Chennai,2024-12-23,177,74,258,36,43,3
Chennai,2024-12-24,181,181,392,25,35,4
Chennai,2024-12-25,205,235,114,53,14,1
Chennai,2024-12-26,189,107,313,87,18,3
Chennai,2024-12-27,188,155,324,50,25,0
Chennai,2024-12-28,207,51,343,70,19,2
Chennai,2024-12-29,150,291,202,49,43,4
Chennai,2024-12-30,194,213,257,38,34,1
Chennai,2024-12-31,159,233,133,36,34,4
Kolkata,2019-01-01,240,255,157,33,32,4
Kolkata,2019-01-02,204,235,398,57,11,1
Kolkata,2019-01-03,228,115,346,86,39,2
Kolkata,2019-01-04,218,115,169,78,43,1
Kolkata,2019-01-05,230,145,181,61,38,4
Kolkata,2019-01-06,217,179,334,33,34,3
Kolkata,2019-01-07,233,105,197,85,23,4
Kolkata,2019-01-08,240,222,267,74,9,0
Kolkata,2019-01-09,222,85,174,58,29,1
Kolkata,2019-01-10,200,275,329,71,22,3
Kolkata,2019-01-11,212,92,155,30,32,1
Kolkata,2019-01-12,234,242,349,94,22,4
Kolkata,2019-01-13,203,184,252,62,15,2
Kolkata,2019-01-14,197,188,337,92,18,2
Kolkata,2019-01-15,246,77,350,20,7,0
Kolkata,2019-01-16,243,139,250,73,32,0
Kolkata,2019-01-17,242,146,344,65,30,1
Kolkata,2019-01-18,202,211,120,47,24,2
Kolkata,2019-01-19,196,222,229,90,47,0
Kolkata,2019-01-20,211,230,214,54,13,2
Kolkata,2019-01-21,243,269,250,29,21,1
Kolkata,2019-01-22,238,102,117,50,30,4
Kolkata,2019-01-23,230,252,132,33,42,4
Kolkata,2019-01-24,225,95,397,22,5,4
Kolkata,2019-01-25,224,257,157,81,13,4
Kolkata,2019-01-26,217,64,269,63,34,0
Kolkata,2019-01-27,224,259,270,48,5,3
Kolkata,2019-01-28,199,292,283,23,38,0
Kolkata,2019-01-29,209,239,193,98,19,1
Kolkata,2019-01-30,229,295,280,33,18,3
Kolkata,2019-01-31,243,136,280,67,29,1
Kolkata,2019-02-01,153,157,289,52,23,1
Kolkata,2019-02-02,194,105,220,32,38,0
Kolkata,2019-02-03,150,149,258,26,15,2
Kolkata,2019-02-04,191,158,346,93,26,0
Kolkata,2019-02-05,147,191,145,36,40,0
Kolkata,2019-02-06,177,229,105,69,43,1
Kolkata,2019-02-07,169,91,320,49,26,3
Kolkata,2019-02-08,195,100,319,31,49,0
Kolkata,2019-02-09,178,68,210,27,17,0
Kolkata,2019-02-10,193,92,366,66,24,0
Kolkata,2019-02-11,187,56,189,52,44,1
Kolkata,2019-02-12,181,256,174,32,22,3
Kolkata,2019-02-13,158,225,359,59,19,1
Kolkata,2019-02-14,197,61,334,73,40,4
Kolkata,2019-02-15,187,99,158,59,46,2
Kolkata,2019-02-16,183,275,257,66,10,0
Kolkata,2019-02-17,181,218,188,21,47,3
Kolkata,2019-02-18,142,81,172,67,33,4
Kolkata,2019-02-19,155,214,177,87,23,0
Kolkata,2019-02-20,198,279,345,30,46,0
Kolkata,2019-02-21,191,51,364,31,41,0
Kolkata,2019-02-22,184,109,157,78,39,1
Kolkata,2019-02-23,147,91,182,83,48,1
Kolkata,2019-02-24,167,228,348,50,36,4
Kolkata,2019-02-25,174,208,95,65,33,2
Kolkata,2019-02-26,145,221,197,84,13,0
Kolkata,2019-02-27,145,280,242,31,17,3
Kolkata,2019-02-28,158,257,170,24,38,0
Kolkata,2019-03-01,158,155,224,52,9,1
Kolkata,2019-03-02,182,142,252,47,42,3
Kolkata,2019-03-03,150,212,173,37,15,2
Kolkata,2019-03-04,196,142,148,63,45,3
Kolkata,2019-03-05,148,239,159,41,9,2
Kolkata,2019-03-06,167,83,248,27,25,0
Kolkata,2019-03-07,158,173,336,44,43,1
Kolkata,2019-03-08,158,263,136,62,22,2
Kolkata,2019-03-09,183,70,141,88,20,0
Kolkata,2019-03-10,166,122,127,36,39,4
Kolkata,2019-03-11,149,286,196,55,33,0
Kolkata,2019-03-12,140,262,389,36,31,4
Kolkata,2019-03-13,144,205,135,96,42,4
Kolkata,2019-03-14,152,277,261,30,46,1
Kolkata,2019-03-15,188,142,118,76,23,2
Kolkata,2019-03-16,142,262,223,49,13,4
Kolkata,2019-03-17,144,186,172,22,10,3
Kolkata,2019-03-18,187,258,138,92,17,1
Kolkata,2019-03-19,144,229,389,36,17,1
Kolkata,2019-03-20,176,281,173,66,5,1
Kolkata,2019-03-21,141,275,269,92,22,1
Kolkata,2019-03-22,170,299,85,36,33,4
Kolkata,2019-03-23,188,126,291,48,13,1
Kolkata,2019-03-24,147,115,147,60,20,0
Kolkata,2019-03-25,195,187,235,79,15,2
Kolkata,2019-03-26,189,277,281,56,46,0
Kolkata,2019-03-27,146,74,270,83,29,3
Kolkata,2019-03-28,141,85,271,65,31,0
Kolkata,2019-03-29,146,252,212,90,36,3
Kolkata,2019-03-30,152,145,361,37,34,4
Kolkata,2019-03-31,144,115,151,38,18,0
Kolkata,2019-04-01,168,209,100,78,28,0
Kolkata,2019-04-02,191,197,214,32,20,2
Kolkata,2019-04-03,162,209,271,96,23,3
Kolkata,2019-04-04,158,96,105,21,21,1
Kolkata,2019-04-05,194,151,339,39,47,2
Kolkata,2019-04-06,164,115,322,63,22,1
Kolkata,2019-04-07,182,175,253,21,46,0
Kolkata,2019-04-08,168,51,191,85,41,1
Kolkata,2019-04-09,148,158,196,41,33,1
Kolkata,2019-04-10,187,202,370,72,12,3
Kolkata,2019-04-11,165,151,136,81,9,3
Kolkata,2019-04-12,147,99,197,32,10,3
Kolkata,2019-04-13,152,187,141,26,5,0
Kolkata,2019-04-14,189,171,171,42,16,0
Kolkata,2019-04-15,176,77,207,65,29,0
Kolkata,2019-04-16,190,56,187,76,12,0
Kolkata,2019-04-17,196,173,397,46,36,0
Kolkata,2019-04-18,146,179,106,50,22,1
Kolkata,2019-04-19,183,253,334,88,8,4
Kolkata,2019-04-20,155,114,85,34,7,2
Kolkata,2019-04-21,162,267,254,40,11,4
Kolkata,2019-04-22,185,261,138,60,29,2
Kolkata,2019-04-23,174,145,177,99,23,3
Kolkata,2019-04-24,167,249,298,29,27,1
Kolkata,2019-04-25,182,138,141,67,31,4
Kolkata,2019-04-26,147,268,120,71,41,1
Kolkata,2019-04-27,181,159,356,85,10,3
Kolkata,2019-04-28,140,229,369,26,48,4
Kolkata,2019-04-29,161,137,222,44,26,4
Kolkata,2019-04-30,176,109,124,33,14,2
Kolkata,2019-05-01,175,159,286,93,40,3
Kolkata,2019-05-02,156,220,346,97,39,3
Kolkata,2019-05-03,145,277,100,44,39,4
Kolkata,2019-05-04,144,172,243,52,23,2
Kolkata,2019-05-05,177,256,80,75,15,4
Kolkata,2019-05-06,186,270,201,80,30,1
Kolkata,2019-05-07,145,275,327,32,40,0
Kolkata,2019-05-08,175,165,86,93,20,1
Kolkata,2019-05-09,159,175,359,68,26,2
Kolkata,2019-05-10,196,121,93,47,16,1
Kolkata,2019-05-11,184,272,148,58,38,4
Kolkata,2019-05-12,166,177,171,36,38,1
Kolkata,2019-05-13,185,85,366,82,39,1
Kolkata,2019-05-14,168,298,222,40,16,4
Kolkata,2019-05-15,141,118,171,22,47,1
Kolkata,2019-05-16,147,226,358,92,10,2
Kolkata,2019-05-17,160,208,304,95,19,4
Kolkata,2019-05-18,184,196,235,31,20,3
Kolkata,2019-05-19,160,226,307,87,43,4
Kolkata,2019-05-20,140,232,115,28,19,4
Kolkata,2019-05-21,163,139,216,61,28,3
Kolkata,2019-05-22,171,114,212,23,7,4
Kolkata,2019-05-23,153,161,110,68,40,1
Kolkata,2019-05-24,158,190,80,48,37,3
Kolkata,2019-05-25,178,65,197,37,13,2
Kolkata,2019-05-26,158,220,147,31,7,1
Kolkata,2019-05-27,149,260,307,32,23,1
Kolkata,2019-05-28,171,164,159,67,29,4
Kolkata,2019-05-29,171,74,247,35,29,4
Kolkata,2019-05-30,142,90,159,31,29,4
Kolkata,2019-05-31,173,170,320,74,21,2
Kolkata,2019-06-01,135,283,153,20,11,0
Kolkata,2019-06-02,145,100,314,93,39,1
Kolkata,2019-06-03,143,148,328,40,18,2
Kolkata,2019-06-04,179,88,139,59,48,0
Kolkata,2019-06-05,132,266,205,67,38,4
Kolkata,2019-06-06,122,160,316,60,44,4
Kolkata,2019-06-07,146,87,167,69,18,2
Kolkata,2019-06-08,133,299,112,56,9,0
Kolkata,2019-06-09,138,156,120,87,15,3
Kolkata,2019-06-10,161,237,317,93,47,2
Kolkata,2019-06-11,126,190,356,76,36,0
Kolkata,2019-06-12,165,144,168,79,45,3
Kolkata,2019-06-13,144,105,139,77,15,1
Kolkata,2019-06-14,146,141,91,83,38,4
Kolkata,2019-06-15,164,252,354,21,19,4
Kolkata,2019-06-16,133,250,283,34,43,2
Kolkata,2019-06-17,157,193,282,22,21,2
Kolkata,2019-06-18,142,240,140,37,24,0
Kolkata,2019-06-19,141,150,262,85,41,4
Kolkata,2019-06-20,145,259,126,29,19,0
Kolkata,2019-06-21,132,153,379,42,31,3
Kolkata,2019-06-22,174,142,140,36,18,4
Kolkata,2019-06-23,125,148,306,24,34,0
Kolkata,2019-06-24,166,220,112,45,30,3
Kolkata,2019-06-25,163,169,354,39,18,2
Kolkata,2019-06-26,179,156,130,37,35,3
Kolkata,2019-06-27,156,288,384,44,42,3
Kolkata,2019-06-28,170,243,358,92,38,2
Kolkata,2019-06-29,165,121,125,21,10,0
Kolkata,2019-06-30,122,76,190,69,15,4
Kolkata,2019-07-01,169,168,156,25,41,2
Kolkata,2019-07-02,156,245,271,50,28,2
Kolkata,2019-07-03,150,221,128,73,36,0
Kolkata,2019-07-04,141,117,331,55,32,3
Kolkata,2019-07-05,122,66,203,93,44,1
Kolkata,2019-07-06,121,105,370,86,23,4
Kolkata,2019-07-07,152,65,156,26,11,4
Kolkata,2019-07-08,134,166,265,56,32,1
Kolkata,2019-07-09,176,111,86,58,48,4
Kolkata,2019-07-10,163,217,320,99,30,1
Kolkata,2019-07-11,179,239,194,43,46,3
Kolkata,2019-07-12,145,135,101,79,8,4
Kolkata,2019-07-13,161,147,302,68,38,3
Kolkata,2019-07-14,145,139,193,25,19,2
Kolkata,2019-07-15,169,261,386,61,12,0
Kolkata,2019-07-16,179,278,149,21,27,1
Kolkata,2019-07-17,172,266,358,50,47,0
Kolkata,2019-07-18,176,91,81,35,39,3
Kolkata,2019-07-19,139,62,102,47,22,4
Kolkata,2019-07-20,145,59,315,85,11,2
Kolkata,2019-07-21,134,113,378,29,30,0
Kolkata,2019-07-22,173,137,134,31,34,4
Kolkata,2019-07-23,127,128,123,81,31,4
Kolkata,2019-07-24,173,291,374,41,29,4
Kolkata,2019-07-25,179,289,336,67,30,1
Kolkata,2019-07-26,166,136,269,31,14,0
Kolkata,2019-07-27,122,254,355,53,36,1
Kolkata,2019-07-28,177,108,106,56,37,0
Kolkata,2019-07-29,139,85,343,96,44,4
Kolkata,2019-07-30,174,247,392,91,47,2
Kolkata,2019-07-31,152,82,85,97,38,2
Kolkata,2019-08-01,134,132,276,78,30,3
Kolkata,2019-08-02,171,55,164,33,10,2
Kolkata,2019-08-03,165,132,225,63,32,2
Kolkata,2019-08-04,133,220,307,29,44,4
Kolkata,2019-08-05,149,232,117,87,7,3
Kolkata,2019-08-06,153,133,113,75,13,3
Kolkata,2019-08-07,142,192,249,74,13,3
Kolkata,2019-08-08,143,196,380,79,5,0
Kolkata,2019-08-09,140,205,300,58,39,1
Kolkata,2019-08-10,159,54,263,31,32,4
Kolkata,2019-08-11,131,203,103,71,32,0
Kolkata,2019-08-12,143,160,358,59,24,1
Kolkata,2019-08-13,165,97,369,69,26,3
Kolkata,2019-08-14,174,91,96,76,30,4
Kolkata,2019-08-15,149,198,165,41,46,1
Kolkata,2019-08-16,166,215,157,57,49,4
Kolkata,2019-08-17,171,96,234,47,40,3
Kolkata,2019-08-18,154,147,356,99,6,1
Kolkata,2019-08-19,131,246,347,37,34,3
Kolkata,2019-08-20,171,167,294,36,13,1
Kolkata,2019-08-21,164,188,388,27,10,4
Kolkata,2019-08-22,179,184,232,80,40,0
Kolkata,2019-08-23,123,263,81,67,28,3
Kolkata,2019-08-24,137,172,331,43,35,4
Kolkata,2019-08-25,120,220,246,82,22,2
Kolkata,2019-08-26,130,95,391,42,47,2
Kolkata,2019-08-27,127,158,300,63,32,3
Kolkata,2019-08-28,142,284,385,83,43,4
Kolkata,2019-08-29,177,56,319,47,48,0
Kolkata,2019-08-30,136,239,233,59,16,0
Kolkata,2019-08-31,169,250,220,21,24,0
Kolkata,2019-09-01,182,158,166,98,47,4
Kolkata,2019-09-02,143,82,187,89,21,0
Kolkata,2019-09-03,152,105,84,46,24,4
Kolkata,2019-09-04,140,194,268,27,23,0
Kolkata,2019-09-05,186,95,392,67,41,3
Kolkata,2019-09-06,162,251,86,63,12,3
Kolkata,2019-09-07,158,164,220,38,30,1
Kolkata,2019-09-08,155,78,315,63,10,2
Kolkata,2019-09-09,166,77,185,37,32,3
Kolkata,2019-09-10,170,131,375,50,15,3
Kolkata,2019-09-11,150,279,244,58,34,3
Kolkata,2019-09-12,144,270,357,44,10,1
Kolkata,2019-09-13,179,238,390,73,28,2
Kolkata,2019-09-14,164,244,210,83,31,0
Kolkata,2019-09-15,163,262,205,98,44,0
Kolkata,2019-09-16,164,169,346,64,10,4
Kolkata,2019-09-17,162,285,222,86,18,0
Kolkata,2019-09-18,189,195,304,77,18,3
Kolkata,2019-09-19,150,242,109,54,38,4
Kolkata,2019-09-20,172,123,98,87,31,3
Kolkata,2019-09-21,170,261,172,80,33,3
Kolkata,2019-09-22,177,239,260,45,31,3
Kolkata,2019-09-23,155,270,397,98,9,3
Kolkata,2019-09-24,178,244,162,32,23,3
Kolkata,2019-09-25,142,133,347,96,36,1
Kolkata,2019-09-26,182,186,200,80,14,2
Kolkata,2019-09-27,149,271,175,39,27,3
Kolkata,2019-09-28,176,247,121,79,9,2
Kolkata,2019-09-29,158,156,286,22,23,1
Kolkata,2019-09-30,190,218,379,48,40,1
Kolkata,2019-10-01,175,208,102,57,14,2
Kolkata,2019-10-02,199,144,152,60,30,2
Kolkata,2019-10-03,142,273,233,87,31,4
Kolkata,2019-10-04,159,114,121,82,31,4
Kolkata,2019-10-05,155,194,137,55,29,3
Kolkata,2019-10-06,171,188,359,26,32,1
Kolkata,2019-10-07,176,69,143,55,33,1
Kolkata,2019-10-08,140,87,302,79,27,3
Kolkata,2019-10-09,174,131,130,32,39,0
Kolkata,2019-10-10,140,288,196,44,40,2
Kolkata,2019-10-11,143,217,336,31,17,2
Kolkata,2019-10-12,186,202,382,43,36,1
Kolkata,2019-10-13,166,214,97,63,20,4
Kolkata,2019-10-14,166,99,207,77,36,2
Kolkata,2019-10-15,177,71,233,39,34,3
Kolkata,2019-10-16,152,205,130,34,35,3
Kolkata,2019-10-17,140,288,298,61,35,0
Kolkata,2019-10-18,142,234,303,32,48,0
Kolkata,2019-10-19,164,112,104,62,12,1
Kolkata,2019-10-20,195,245,249,42,18,0
Kolkata,2019-10-21,180,135,287,48,42,1
Kolkata,2019-10-22,167,70,300,35,43,0
Kolkata,2019-10-23,170,175,370,68,23,4
Kolkata,2019-10-24,147,205,165,20,49,4
Kolkata,2019-10-25,162,119,242,23,40,4
Kolkata,2019-10-26,181,132,340,91,22,2
Kolkata,2019-10-27,171,197,128,53,46,4
Kolkata,2019-10-28,160,241,120,94,15,1
Kolkata,2019-10-29,153,51,276,87,12,2
Kolkata,2019-10-30,144,204,138,77,6,2
Kolkata,2019-10-31,167,200,214,88,25,4
Kolkata,2019-11-01,226,210,364,78,9,2
Kolkata,2019-11-02,215,194,261,85,25,0
Kolkata,2019-11-03,232,285,222,30,45,2
Kolkata,2019-11-04,209,62,389,45,24,2
Kolkata,2019-11-05,230,65,361,71,32,3
Kolkata,2019-11-06,191,273,392,62,13,4
Kolkata,2019-11-07,223,283,299,67,15,0
Kolkata,2019-11-08,228,158,238,83,18,2
Kolkata,2019-11-09,206,221,355,64,13,3
Kolkata,2019-11-10,202,168,146,63,34,2
Kolkata,2019-11-11,206,173,241,92,28,1
Kolkata,2019-11-12,248,214,130,63,31,4
Kolkata,2019-11-13,198,169,179,85,23,0
Kolkata,2019-11-14,192,61,141,27,47,3
Kolkata,2019-11-15,225,56,293,56,44,4
Kolkata,2019-11-16,218,140,229,92,15,3
Kolkata,2019-11-17,213,238,217,84,17,0
Kolkata,2019-11-18,241,66,280,56,28,1
Kolkata,2019-11-19,247,62,167,88,9,1
Kolkata,2019-11-20,214,162,360,30,46,0
Kolkata,2019-11-21,226,65,188,96,45,2
Kolkata,2019-11-22,217,87,134,95,11,1
Kolkata,2019-11-23,195,280,269,63,33,2
Kolkata,2019-11-24,200,203,176,69,34,1
Kolkata,2019-11-25,194,120,178,46,48,4
Kolkata,2019-11-26,241,152,167,96,17,4
Kolkata,2019-11-27,201,252,268,86,5,2
Kolkata,2019-11-28,218,76,120,58,5,0
Kolkata,2019-11-29,191,62,363,37,37,1
Kolkata,2019-11-30,198,181,368,44,10,2
Kolkata,2019-12-01,201,122,344,25,34,0
Kolkata,2019-12-02,204,242,272,46,10,2
Kolkata,2019-12-03,247,277,182,86,19,4
Kolkata,2019-12-04,207,156,131,48,27,4
Kolkata,2019-12-05,229,171,312,44,44,4
Kolkata,2019-12-06,213,111,347,55,26,3
Kolkata,2019-12-07,204,195,123,34,42,0
Kolkata,2019-12-08,239,205,143,60,27,2
Kolkata,2019-12-09,194,158,250,30,49,2
Kolkata,2019-12-10,199,260,320,39,30,1
Kolkata,2019-12-11,203,114,330,34,32,0
Kolkata,2019-12-12,215,106,378,59,11,4
Kolkata,2019-12-13,217,299,300,41,7,2
Kolkata,2019-12-14,243,115,127,68,8,2
Kolkata,2019-12-15,228,99,334,95,20,2
Kolkata,2019-12-16,231,247,225,86,14,4
Kolkata,2019-12-17,225,197,109,26,26,4
Kolkata,2019-12-18,218,81,319,71,40,4
Kolkata,2019-12-19,246,171,370,35,23,2
Kolkata,2019-12-20,200,64,355,67,45,4
Kolkata,2019-12-21,215,97,391,91,6,1
Kolkata,2019-12-22,236,256,151,88,42,3
Kolkata,2019-12-23,224,268,257,38,8,4
Kolkata,2019-12-24,247,195,280,38,16,1
Kolkata,2019-12-25,211,273,202,66,7,2
Kolkata,2019-12-26,235,157,134,79,32,2
Kolkata,2019-12-27,194,186,285,32,48,1
Kolkata,2019-12-28,211,204,129,94,6,0
Kolkata,2019-12-29,208,94,286,76,43,3
Kolkata,2019-12-30,245,105,279,41,49,0
Kolkata,2019-12-31,232,149,303,45,28,2
Kolkata,2020-01-01,212,260,255,40,20,0
Kolkata,2020-01-02,202,115,377,90,39,1
Kolkata,2020-01-03,226,178,99,61,49,1
Kolkata,2020-01-04,219,284,323,64,36,0
Kolkata,2020-01-05,216,139,288,66,23,1
Kolkata,2020-01-06,212,279,143,84,11,4
Kolkata,2020-01-07,198,61,120,98,27,4
Kolkata,2020-01-08,208,269,335,70,8,0
Kolkata,2020-01-09,191,296,372,90,14,4
Kolkata,2020-01-10,236,172,329,43,35,1
Kolkata,2020-01-11,248,140,306,47,25,2
Kolkata,2020-01-12,205,59,332,92,6,4
Kolkata,2020-01-13,248,297,86,21,25,2
Kolkata,2020-01-14,245,218,355,71,38,1
Kolkata,2020-01-15,231,220,208,34,18,0
Kolkata,2020-01-16,239,205,290,53,34,1
Kolkata,2020-01-17,210,75,148,67,39,1
Kolkata,2020-01-18,243,229,186,20,7,4
Kolkata,2020-01-19,247,234,141,42,36,2
Kolkata,2020-01-20,193,275,275,56,6,2
Kolkata,2020-01-21,248,266,383,95,31,4
Kolkata,2020-01-22,247,275,394,66,16,1
Kolkata,2020-01-23,212,65,262,31,44,4
Kolkata,2020-01-24,243,84,95,38,17,3
Kolkata,2020-01-25,203,295,91,47,29,2
Kolkata,2020-01-26,213,108,358,53,35,0
Kolkata,2020-01-27,231,85,285,50,20,2
Kolkata,2020-01-28,238,127,176,94,26,2
Kolkata,2020-01-29,221,113,306,28,31,1
Kolkata,2020-01-30,215,174,179,30,13,3
Kolkata,2020-01-31,202,102,329,38,28,3
Kolkata,2020-02-01,157,192,176,69,40,3
Kolkata,2020-02-02,176,185,248,36,18,4
Kolkata,2020-02-03,181,151,344,24,9,2
Kolkata,2020-02-04,191,218,109,67,14,1
Kolkata,2020-02-05,183,151,284,26,32,2
Kolkata,2020-02-06,162,102,180,25,5,0
Kolkata,2020-02-07,179,74,342,61,28,0
Kolkata,2020-02-08,148,254,169,48,17,1
Kolkata,2020-02-09,143,157,296,57,34,2
Kolkata,2020-02-10,159,61,322,32,27,3
Kolkata,2020-02-11,165,194,274,68,48,4
Kolkata,2020-02-12,169,163,345,27,37,3
Kolkata,2020-02-13,159,178,202,36,41,4
Kolkata,2020-02-14,183,206,142,31,16,3
Kolkata,2020-02-15,196,256,131,81,35,3
Kolkata,2020-02-16,143,118,81,59,29,2
Kolkata,2020-02-17,186,256,82,21,42,3
Kolkata,2020-02-18,167,85,258,40,9,3
Kolkata,2020-02-19,197,273,320,97,40,1
Kolkata,2020-02-20,198,278,161,30,38,1
Kolkata,2020-02-21,149,219,84,94,15,3
Kolkata,2020-02-22,149,161,114,62,39,1
Kolkata,2020-02-23,162,59,219,93,14,1
Kolkata,2020-02-24,172,268,243,98,44,0
Kolkata,2020-02-25,165,177,151,50,39,0
Kolkata,2020-02-26,186,143,261,47,32,2
Kolkata,2020-02-27,176,299,304,81,43,1
Kolkata,2020-02-28,152,196,278,49,14,4
Kolkata,2020-02-29,159,281,188,86,35,1
Kolkata,2020-03-01,182,120,150,87,20,3
Kolkata,2020-03-02,161,140,173,72,47,0
Kolkata,2020-03-03,191,66,206,79,23,2
Kolkata,2020-03-04,193,149,154,45,47,4
Kolkata,2020-03-05,178,159,270,89,6,4
Kolkata,2020-03-06,167,168,265,60,48,4
Kolkata,2020-03-07,172,241,312,88,19,0
Kolkata,2020-03-08,180,217,123,44,48,1
Kolkata,2020-03-09,169,66,307,75,48,3
Kolkata,2020-03-10,190,172,178,36,34,2
Kolkata,2020-03-11,176,236,350,98,33,2
Kolkata,2020-03-12,173,274,264,75,31,3
Kolkata,2020-03-13,186,257,312,50,39,4
Kolkata,2020-03-14,197,126,365,21,28,2
Kolkata,2020-03-15,198,258,242,29,49,0
Kolkata,2020-03-16,183,199,338,97,32,0
Kolkata,2020-03-17,185,251,389,67,35,3
Kolkata,2020-03-18,174,233,160,42,26,3
Kolkata,2020-03-19,163,206,365,72,46,1
Kolkata,2020-03-20,158,242,189,71,10,0
Kolkata,2020-03-21,188,73,301,66,43,0
Kolkata,2020-03-22,193,257,337,57,34,3
Kolkata,2020-03-23,183,96,235,94,16,2
Kolkata,2020-03-24,180,256,367,98,36,4
Kolkata,2020-03-25,158,87,242,29,25,4
Kolkata,2020-03-26,176,245,100,36,14,4
Kolkata,2020-03-27,170,244,117,72,18,1
Kolkata,2020-03-28,178,141,214,72,18,4
Kolkata,2020-03-29,167,65,207,42,28,3
Kolkata,2020-03-30,198,175,121,76,5,2
Kolkata,2020-03-31,175,92,283,99,32,2
Kolkata,2020-04-01,174,50,134,98,38,0
Kolkata,2020-04-02,171,200,112,37,11,0
Kolkata,2020-04-03,197,291,96,92,7,1
Kolkata,2020-04-04,147,122,375,81,21,1
Kolkata,2020-04-05,192,238,150,60,48,2
Kolkata,2020-04-06,172,162,152,44,41,2
Kolkata,2020-04-07,182,169,189,53,34,4
Kolkata,2020-04-08,144,216,175,36,13,0
Kolkata,2020-04-09,146,270,338,44,43,4
Kolkata,2020-04-10,195,62,189,90,44,4
Kolkata,2020-04-11,183,240,162,82,11,2
Kolkata,2020-04-12,166,142,215,26,30,4
Kolkata,2020-04-13,174,266,292,55,47,1
Kolkata,2020-04-14,144,234,253,42,17,1
Kolkata,2020-04-15,196,64,197,45,25,3
Kolkata,2020-04-16,145,236,110,73,34,1
Kolkata,2020-04-17,190,154,317,79,11,1
Kolkata,2020-04-18,142,210,294,41,18,3
Kolkata,2020-04-19,163,80,195,96,23,4
Kolkata,2020-04-20,159,188,258,53,33,2
Kolkata,2020-04-21,148,55,139,36,37,1
Kolkata,2020-04-22,194,253,261,70,12,4
Kolkata,2020-04-23,171,155,347,36,22,1
Kolkata,2020-04-24,153,50,280,48,12,1
Kolkata,2020-04-25,197,139,103,66,41,2
Kolkata,2020-04-26,158,284,297,30,34,0
Kolkata,2020-04-27,152,233,315,40,11,1
Kolkata,2020-04-28,191,51,87,36,35,2
Kolkata,2020-04-29,168,142,336,65,42,2
Kolkata,2020-04-30,148,156,317,76,38,2
Kolkata,2020-05-01,175,194,235,96,18,0
Kolkata,2020-05-02,196,184,133,29,44,3
Kolkata,2020-05-03,167,74,229,98,45,0
Kolkata,2020-05-04,166,196,318,71,34,3
Kolkata,2020-05-05,143,273,122,74,28,1
Kolkata,2020-05-06,145,80,175,83,22,4
Kolkata,2020-05-07,147,133,228,47,40,4
Kolkata,2020-05-08,199,161,126,92,30,4
Kolkata,2020-05-09,185,242,151,26,33,3
Kolkata,2020-05-10,148,212,279,87,22,1
Kolkata,2020-05-11,144,245,106,22,48,1
Kolkata,2020-05-12,156,297,185,39,15,0
Kolkata,2020-05-13,186,266,398,59,11,1
Kolkata,2020-05-14,188,141,168,68,12,4
Kolkata,2020-05-15,184,195,254,35,8,1
Kolkata,2020-05-16,187,105,331,37,39,2
Kolkata,2020-05-17,154,200,298,61,29,0
Kolkata,2020-05-18,163,136,295,23,24,2
Kolkata,2020-05-19,158,128,85,45,48,0
Kolkata,2020-05-20,162,68,129,57,42,2
Kolkata,2020-05-21,177,199,210,99,9,2
Kolkata,2020-05-22,160,147,92,42,40,2
Kolkata,2020-05-23,166,120,273,27,18,0
Kolkata,2020-05-24,148,191,212,22,8,3
Kolkata,2020-05-25,195,87,136,20,16,2
Kolkata,2020-05-26,164,113,173,47,27,2
Kolkata,2020-05-27,154,241,109,86,26,4
Kolkata,2020-05-28,165,149,364,74,37,3
Kolkata,2020-05-29,198,174,288,20,38,3
Kolkata,2020-05-30,176,118,248,86,48,0
Kolkata,2020-05-31,194,190,90,42,14,3
Kolkata,2020-06-01,173,107,322,22,26,4
Kolkata,2020-06-02,162,290,91,57,23,4
Kolkata,2020-06-03,141,75,307,49,35,1
Kolkata,2020-06-04,150,281,101,66,8,2
Kolkata,2020-06-05,158,289,95,21,23,2
Kolkata,2020-06-06,122,247,299,43,44,0
Kolkata,2020-06-07,157,215,211,87,18,2
Kolkata,2020-06-08,135,243,185,20,28,2
Kolkata,2020-06-09,125,136,213,93,5,0
Kolkata,2020-06-10,173,174,132,20,17,0
Kolkata,2020-06-11,149,149,353,58,6,3
Kolkata,2020-06-12,160,58,263,28,8,1
Kolkata,2020-06-13,135,254,166,66,25,0
Kolkata,2020-06-14,140,230,280,56,49,4
Kolkata,2020-06-15,157,291,85,30,7,4
Kolkata,2020-06-16,160,267,396,33,13,2
Kolkata,2020-06-17,151,65,215,58,24,2
Kolkata,2020-06-18,161,283,181,59,47,3
Kolkata,2020-06-19,173,277,144,71,33,1
Kolkata,2020-06-20,141,140,253,86,39,0
Kolkata,2020-06-21,128,82,396,31,48,3
Kolkata,2020-06-22,165,87,325,44,49,2
Kolkata,2020-06-23,136,269,108,30,11,3
Kolkata,2020-06-24,179,56,117,98,13,2
Kolkata,2020-06-25,171,223,197,43,26,1
Kolkata,2020-06-26,121,103,98,40,14,4
Kolkata,2020-06-27,129,205,266,20,16,2
Kolkata,2020-06-28,135,82,206,58,47,1
Kolkata,2020-06-29,149,235,176,52,19,3
Kolkata,2020-06-30,122,174,389,84,40,0
Kolkata,2020-07-01,144,95,250,24,29,1
Kolkata,2020-07-02,137,210,343,98,47,3
Kolkata,2020-07-03,145,299,351,37,9,3
Kolkata,2020-07-04,149,255,94,97,29,3
Kolkata,2020-07-05,178,225,261,60,25,2
Kolkata,2020-07-06,148,249,391,54,16,0
Kolkata,2020-07-07,172,95,384,50,42,3
Kolkata,2020-07-08,164,87,120,67,17,4
Kolkata,2020-07-09,130,266,172,35,35,0
Kolkata,2020-07-10,167,62,94,48,24,0
Kolkata,2020-07-11,126,79,238,95,41,1
Kolkata,2020-07-12,176,242,325,32,30,4
Kolkata,2020-07-13,126,68,161,62,49,2
Kolkata,2020-07-14,146,268,250,62,12,0
Kolkata,2020-07-15,174,293,313,42,32,2
Kolkata,2020-07-16,179,273,115,42,19,3
Kolkata,2020-07-17,127,215,81,33,38,2
Kolkata,2020-07-18,151,164,332,79,18,0
Kolkata,2020-07-19,133,120,359,32,22,0
Kolkata,2020-07-20,158,83,103,31,47,4
Kolkata,2020-07-21,170,177,180,81,22,1
Kolkata,2020-07-22,139,270,306,67,38,4
Kolkata,2020-07-23,151,137,259,90,22,2
Kolkata,2020-07-24,178,132,338,47,16,3
Kolkata,2020-07-25,178,247,118,75,9,1
Kolkata,2020-07-26,159,269,156,40,9,0
Kolkata,2020-07-27,123,151,178,95,32,1
Kolkata,2020-07-28,121,184,81,64,33,0
Kolkata,2020-07-29,144,232,80,95,32,0
Kolkata,2020-07-30,174,166,339,60,30,2
Kolkata,2020-07-31,172,238,229,60,16,2
Kolkata,2020-08-01,175,72,125,77,20,3
Kolkata,2020-08-02,141,204,322,28,7,0
Kolkata,2020-08-03,145,297,369,85,33,2
Kolkata,2020-08-04,134,266,172,37,7,0
Kolkata,2020-08-05,120,128,337,97,17,1
Kolkata,2020-08-06,145,235,302,74,7,2
Kolkata,2020-08-07,168,177,349,57,29,2
Kolkata,2020-08-08,164,60,322,24,46,2
Kolkata,2020-08-09,126,211,157,27,16,1
Kolkata,2020-08-10,150,134,388,43,44,2
Kolkata,2020-08-11,145,150,300,91,46,3
Kolkata,2020-08-12,159,280,360,65,25,3
Kolkata,2020-08-13,137,190,356,20,11,0
Kolkata,2020-08-14,155,187,205,23,5,1
Kolkata,2020-08-15,126,134,278,87,20,3
Kolkata,2020-08-16,165,156,373,69,44,0
Kolkata,2020-08-17,137,236,345,96,15,1
Kolkata,2020-08-18,146,147,173,68,10,4
Kolkata,2020-08-19,148,89,242,65,7,2
Kolkata,2020-08-20,133,97,189,59,26,1
Kolkata,2020-08-21,159,170,108,69,28,1
Kolkata,2020-08-22,161,124,87,32,18,1
Kolkata,2020-08-23,170,267,232,74,20,4
Kolkata,2020-08-24,142,245,159,89,11,1
Kolkata,2020-08-25,169,239,311,45,20,4
Kolkata,2020-08-26,153,228,349,40,22,3
Kolkata,2020-08-27,125,98,309,72,20,1
Kolkata,2020-08-28,154,222,216,28,10,3
Kolkata,2020-08-29,149,181,391,23,32,3
Kolkata,2020-08-30,163,109,286,63,16,4
Kolkata,2020-08-31,124,66,95,90,37,0
Kolkata,2020-09-01,194,163,273,79,5,2
Kolkata,2020-09-02,141,86,277,25,9,3
Kolkata,2020-09-03,160,190,332,35,28,3
Kolkata,2020-09-04,167,266,93,64,36,2
Kolkata,2020-09-05,171,60,185,92,9,0
Kolkata,2020-09-06,170,174,238,60,40,3
Kolkata,2020-09-07,174,77,202,32,31,4
Kolkata,2020-09-08,166,143,178,89,15,1
Kolkata,2020-09-09,190,233,202,30,14,4
Kolkata,2020-09-10,178,93,365,64,16,4
Kolkata,2020-09-11,195,225,317,34,30,3
Kolkata,2020-09-12,183,68,188,93,11,3
Kolkata,2020-09-13,142,98,139,37,7,1
Kolkata,2020-09-14,150,283,142,94,36,3
Kolkata,2020-09-15,168,217,372,27,26,0
Kolkata,2020-09-16,198,133,384,89,34,1
Kolkata,2020-09-17,154,172,98,31,24,0
Kolkata,2020-09-18,162,91,169,30,44,4
Kolkata,2020-09-19,189,123,185,72,14,0
Kolkata,2020-09-20,149,166,260,75,39,2
Kolkata,2020-09-21,193,154,214,58,40,2
Kolkata,2020-09-22,166,112,125,80,26,1
Kolkata,2020-09-23,178,127,298,36,40,4
Kolkata,2020-09-24,175,197,134,26,43,4
Kolkata,2020-09-25,140,136,332,86,42,0
Kolkata,2020-09-26,181,173,297,50,45,1
Kolkata,2020-09-27,153,262,271,36,31,4
Kolkata,2020-09-28,199,197,118,30,8,3
Kolkata,2020-09-29,165,294,250,76,18,3
Kolkata,2020-09-30,195,107,245,56,39,4
Kolkata,2020-10-01,157,92,343,91,24,1
Kolkata,2020-10-02,144,96,357,46,18,1
Kolkata,2020-10-03,148,67,93,96,38,4
Kolkata,2020-10-04,157,240,128,82,5,1
Kolkata,2020-10-05,199,212,137,95,12,4
Kolkata,2020-10-06,163,149,357,72,9,3
Kolkata,2020-10-07,145,127,310,85,43,0
Kolkata,2020-10-08,178,191,169,24,26,3
Kolkata,2020-10-09,152,204,99,38,48,4
Kolkata,2020-10-10,158,191,220,48,31,2
Kolkata,2020-10-11,158,149,249,37,24,0
Kolkata,2020-10-12,142,125,360,50,26,3
Kolkata,2020-10-13,149,270,344,57,42,1
Kolkata,2020-10-14,157,271,130,31,20,0
Kolkata,2020-10-15,198,224,183,94,17,2
Kolkata,2020-10-16,186,294,309,65,37,4
Kolkata,2020-10-17,155,98,201,60,20,1
Kolkata,2020-10-18,161,105,171,92,29,2
Kolkata,2020-10-19,148,255,178,75,11,3
Kolkata,2020-10-20,172,274,122,79,30,4
Kolkata,2020-10-21,149,182,266,30,13,0
Kolkata,2020-10-22,189,232,225,40,27,4
Kolkata,2020-10-23,141,114,315,51,32,4
Kolkata,2020-10-24,159,125,332,98,42,1
Kolkata,2020-10-25,192,277,188,21,7,1
Kolkata,2020-10-26,169,208,135,36,23,0
Kolkata,2020-10-27,160,231,306,73,33,2
Kolkata,2020-10-28,140,187,379,82,46,2
Kolkata,2020-10-29,166,113,132,53,15,1
Kolkata,2020-10-30,179,54,219,29,28,1
Kolkata,2020-10-31,196,85,211,48,13,1
Kolkata,2020-11-01,210,269,269,76,44,0
Kolkata,2020-11-02,214,269,227,92,15,1
Kolkata,2020-11-03,212,282,268,66,47,1
Kolkata,2020-11-04,228,207,107,29,33,3
Kolkata,2020-11-05,201,287,238,26,44,0
Kolkata,2020-11-06,196,150,361,85,29,0
Kolkata,2020-11-07,190,108,175,67,47,3
Kolkata,2020-11-08,213,79,271,88,40,4
Kolkata,2020-11-09,247,129,122,54,37,2
Kolkata,2020-11-10,200,294,202,53,25,2
Kolkata,2020-11-11,237,106,365,98,31,0
Kolkata,2020-11-12,230,127,80,23,43,1
Kolkata,2020-11-13,211,144,235,60,11,3
Kolkata,2020-11-14,222,96,211,57,17,1
Kolkata,2020-11-15,248,181,288,50,23,4
Kolkata,2020-11-16,237,224,252,96,48,4
Kolkata,2020-11-17,214,163,228,75,38,0
Kolkata,2020-11-18,205,199,114,22,29,1
Kolkata,2020-11-19,202,90,358,54,45,0
Kolkata,2020-11-20,209,97,204,81,47,3
Kolkata,2020-11-21,237,276,310,91,30,4
Kolkata,2020-11-22,205,293,153,29,17,4
Kolkata,2020-11-23,244,286,288,74,13,4
Kolkata,2020-11-24,213,160,361,79,43,0
Kolkata,2020-11-25,218,70,85,38,21,4
Kolkata,2020-11-26,211,63,272,63,11,4
Kolkata,2020-11-27,198,75,339,40,32,3
Kolkata,2020-11-28,218,266,273,69,11,0
Kolkata,2020-11-29,234,93,368,57,48,1
Kolkata,2020-11-30,222,63,146,49,7,3
Kolkata,2020-12-01,199,289,162,26,34,4
Kolkata,2020-12-02,249,254,230,91,27,3
Kolkata,2020-12-03,240,213,102,91,13,4
Kolkata,2020-12-04,221,106,285,25,41,0
Kolkata,2020-12-05,235,68,384,30,47,0
Kolkata,2020-12-06,210,58,312,51,39,0
Kolkata,2020-12-07,207,148,238,88,29,4
Kolkata,2020-12-08,237,107,192,47,25,0
Kolkata,2020-12-09,214,279,177,88,31,3
Kolkata,2020-12-10,202,174,173,83,27,2
Kolkata,2020-12-11,239,109,161,77,6,0
Kolkata,2020-12-12,246,238,123,33,23,0
Kolkata,2020-12-13,248,60,107,33,40,1
Kolkata,2020-12-14,234,181,352,81,31,0
Kolkata,2020-12-15,192,239,119,75,25,1
Kolkata,2020-12-16,231,137,105,57,48,0
Kolkata,2020-12-17,204,284,391,26,20,3
Kolkata,2020-12-18,238,260,161,39,43,3
Kolkata,2020-12-19,193,56,353,66,41,4
Kolkata,2020-12-20,208,77,164,50,32,0
Kolkata,2020-12-21,191,254,150,62,7,3
Kolkata,2020-12-22,209,280,232,22,23,4
Kolkata,2020-12-23,239,215,89,43,30,4
Kolkata,2020-12-24,223,294,238,50,29,0
Kolkata,2020-12-25,223,287,236,28,24,1
Kolkata,2020-12-26,215,127,338,25,15,1
Kolkata,2020-12-27,215,211,130,34,34,0
Kolkata,2020-12-28,229,165,167,69,7,1
Kolkata,2020-12-29,232,224,240,92,13,1
Kolkata,2020-12-30,193,176,94,48,6,1
Kolkata,2020-12-31,207,66,243,63,10,1
Kolkata,2021-01-01,216,136,91,81,37,0
Kolkata,2021-01-02,206,193,367,48,46,3
Kolkata,2021-01-03,203,265,136,23,24,3
Kolkata,2021-01-04,199,73,289,34,36,2
Kolkata,2021-01-05,216,90,80,48,6,0
Kolkata,2021-01-06,194,253,223,44,47,4
Kolkata,2021-01-07,192,159,177,54,8,1
Kolkata,2021-01-08,220,172,149,62,42,2
Kolkata,2021-01-09,219,86,378,42,40,3
Kolkata,2021-01-10,190,57,388,79,26,2
Kolkata,2021-01-11,247,185,89,92,46,4
Kolkata,2021-01-12,206,234,100,94,41,2
Kolkata,2021-01-13,243,177,394,96,27,4
Kolkata,2021-01-14,206,179,166,47,39,1
Kolkata,2021-01-15,230,206,244,39,39,0
Kolkata,2021-01-16,249,253,358,85,49,3
Kolkata,2021-01-17,224,274,124,57,17,0
Kolkata,2021-01-18,214,82,194,73,37,1
Kolkata,2021-01-19,222,272,173,55,23,3
Kolkata,2021-01-20,247,138,358,62,48,1
Kolkata,2021-01-21,218,283,298,84,35,0
Kolkata,2021-01-22,222,224,210,67,29,0
Kolkata,2021-01-23,211,138,354,27,32,3
Kolkata,2021-01-24,235,205,85,88,10,0
Kolkata,2021-01-25,247,121,305,52,40,1
Kolkata,2021-01-26,213,245,100,91,45,3
Kolkata,2021-01-27,240,190,85,28,29,0
Kolkata,2021-01-28,242,232,104,24,10,1
Kolkata,2021-01-29,209,240,265,54,30,1
Kolkata,2021-01-30,227,282,111,25,17,3
Kolkata,2021-01-31,226,195,185,52,29,0
Kolkata,2021-02-01,163,114,146,82,47,1
Kolkata,2021-02-02,141,171,157,93,22,0
Kolkata,2021-02-03,181,230,83,74,6,4
Kolkata,2021-02-04,144,245,192,45,40,4
Kolkata,2021-02-05,180,145,137,55,42,3
Kolkata,2021-02-06,171,290,377,61,23,4
Kolkata,2021-02-07,146,101,282,98,10,2
Kolkata,2021-02-08,143,65,88,95,37,1
Kolkata,2021-02-09,168,290,363,96,9,4
Kolkata,2021-02-10,149,252,353,90,17,4
Kolkata,2021-02-11,184,253,279,75,41,1
Kolkata,2021-02-12,196,50,245,24,40,3
Kolkata,2021-02-13,168,137,261,61,33,1
Kolkata,2021-02-14,173,88,170,76,42,3
Kolkata,2021-02-15,156,284,211,76,11,3
Kolkata,2021-02-16,186,117,363,81,19,4
Kolkata,2021-02-17,180,280,145,40,47,1
Kolkata,2021-02-18,197,166,248,91,42,4
Kolkata,2021-02-19,161,253,122,65,27,4
Kolkata,2021-02-20,190,78,352,99,38,2
Kolkata,2021-02-21,174,121,329,52,10,0
Kolkata,2021-02-22,163,132,317,79,48,3
Kolkata,2021-02-23,195,91,280,92,6,3
Kolkata,2021-02-24,181,238,122,72,42,0
Kolkata,2021-02-25,146,229,125,35,9,3
Kolkata,2021-02-26,141,285,85,28,8,2
Kolkata,2021-02-27,174,230,133,26,5,3
Kolkata,2021-02-28,142,129,317,77,13,3
Kolkata,2021-03-01,165,262,307,44,30,4
Kolkata,2021-03-02,154,125,359,90,44,2
Kolkata,2021-03-03,167,61,258,44,5,3
Kolkata,2021-03-04,163,85,254,47,15,3
Kolkata,2021-03-05,194,200,390,36,34,2
Kolkata,2021-03-06,168,270,265,99,27,1
Kolkata,2021-03-07,170,286,333,44,15,2
Kolkata,2021-03-08,173,248,233,83,38,0
Kolkata,2021-03-09,168,65,265,24,14,1
Kolkata,2021-03-10,156,151,335,40,25,0
Kolkata,2021-03-11,154,120,222,49,16,0
Kolkata,2021-03-12,164,80,274,68,25,0
Kolkata,2021-03-13,178,193,194,81,34,3
Kolkata,2021-03-14,190,69,140,61,32,3
Kolkata,2021-03-15,172,186,206,65,24,4
Kolkata,2021-03-16,186,143,210,87,11,1
Kolkata,2021-03-17,154,220,384,83,32,3
Kolkata,2021-03-18,197,294,271,68,49,1
Kolkata,2021-03-19,160,80,306,76,19,3
Kolkata,2021-03-20,178,198,312,51,8,3
Kolkata,2021-03-21,170,157,238,45,37,4
Kolkata,2021-03-22,192,117,309,87,19,3
Kolkata,2021-03-23,198,286,287,58,44,0
Kolkata,2021-03-24,167,280,389,84,27,2
Kolkata,2021-03-25,143,188,202,43,8,4
Kolkata,2021-03-26,142,102,307,72,30,1
Kolkata,2021-03-27,153,108,167,41,34,0
Kolkata,2021-03-28,161,136,160,56,34,3
Kolkata,2021-03-29,149,286,365,55,31,1
Kolkata,2021-03-30,175,235,277,57,8,0
Kolkata,2021-03-31,179,231,142,23,22,2
Kolkata,2021-04-01,169,235,138,49,32,4
Kolkata,2021-04-02,194,299,173,41,29,3
Kolkata,2021-04-03,194,95,355,38,14,4
Kolkata,2021-04-04,170,129,194,86,48,0
Kolkata,2021-04-05,175,264,98,97,22,1
Kolkata,2021-04-06,167,148,261,99,19,1
Kolkata,2021-04-07,184,180,223,22,37,1
Kolkata,2021-04-08,192,124,233,66,46,4
Kolkata,2021-04-09,157,129,95,87,19,2
Kolkata,2021-04-10,195,201,148,53,10,4
Kolkata,2021-04-11,174,80,367,62,23,0
Kolkata,2021-04-12,164,279,185,57,43,4
Kolkata,2021-04-13,186,289,393,78,5,0
Kolkata,2021-04-14,162,180,371,72,34,2
Kolkata,2021-04-15,164,267,88,62,11,0
Kolkata,2021-04-16,195,79,152,24,40,4
Kolkata,2021-04-17,174,199,198,47,11,4
Kolkata,2021-04-18,152,238,357,59,23,3
Kolkata,2021-04-19,162,264,350,96,25,1
Kolkata,2021-04-20,152,264,138,41,39,1
Kolkata,2021-04-21,194,138,315,95,48,3
Kolkata,2021-04-22,161,220,286,26,28,0
Kolkata,2021-04-23,183,203,292,29,7,4
Kolkata,2021-04-24,180,108,181,24,6,0
Kolkata,2021-04-25,160,218,375,53,34,4
Kolkata,2021-04-26,186,94,307,51,41,3
Kolkata,2021-04-27,185,259,365,53,29,2
Kolkata,2021-04-28,157,135,331,47,5,1
Kolkata,2021-04-29,192,113,322,94,5,1
Kolkata,2021-04-30,163,273,86,25,12,2
Kolkata,2021-05-01,160,262,269,90,17,4
Kolkata,2021-05-02,148,246,350,67,30,4
Kolkata,2021-05-03,162,158,377,94,8,1
Kolkata,2021-05-04,172,166,185,30,49,2
Kolkata,2021-05-05,186,180,255,92,32,0
Kolkata,2021-05-06,196,288,126,48,32,2
Kolkata,2021-05-07,195,182,267,20,24,1
Kolkata,2021-05-08,189,85,117,62,14,2
Kolkata,2021-05-09,189,212,101,90,36,1
Kolkata,2021-05-10,172,192,261,98,44,4
Kolkata,2021-05-11,186,97,228,92,19,3
Kolkata,2021-05-12,196,271,94,75,8,0
Kolkata,2021-05-13,148,95,352,66,31,2
Kolkata,2021-05-14,156,224,210,45,44,2
Kolkata,2021-05-15,159,135,140,59,20,3
Kolkata,2021-05-16,143,149,387,37,33,3
Kolkata,2021-05-17,193,66,392,94,27,1
Kolkata,2021-05-18,165,98,356,81,26,3
Kolkata,2021-05-19,150,101,226,58,41,0
Kolkata,2021-05-20,169,233,271,50,47,0
Kolkata,2021-05-21,160,160,201,67,7,1
Kolkata,2021-05-22,159,85,150,76,39,0
Kolkata,2021-05-23,161,292,84,80,41,3
Kolkata,2021-05-24,182,84,378,51,9,0
Kolkata,2021-05-25,180,70,99,40,9,4
Kolkata,2021-05-26,156,270,98,96,6,1
Kolkata,2021-05-27,192,277,173,33,26,4
Kolkata,2021-05-28,186,176,152,85,20,2
Kolkata,2021-05-29,179,208,398,26,15,1
Kolkata,2021-05-30,195,247,130,48,20,2
Kolkata,2021-05-31,141,183,149,41,16,1
Kolkata,2021-06-01,136,216,212,41,46,0
Kolkata,2021-06-02,179,225,98,22,17,3
Kolkata,2021-06-03,151,255,286,67,14,2
Kolkata,2021-06-04,162,138,302,57,10,3
Kolkata,2021-06-05,141,146,98,40,45,0
Kolkata,2021-06-06,124,135,234,43,6,0
Kolkata,2021-06-07,143,289,258,44,11,2
Kolkata,2021-06-08,179,209,272,79,36,3
Kolkata,2021-06-09,130,130,347,65,9,2
Kolkata,2021-06-10,162,274,267,63,42,4
Kolkata,2021-06-11,150,113,380,55,15,4
Kolkata,2021-06-12,145,289,339,26,27,4
Kolkata,2021-06-13,132,183,241,77,39,3
Kolkata,2021-06-14,146,137,107,54,26,0
Kolkata,2021-06-15,178,260,256,96,17,2
Kolkata,2021-06-16,125,182,256,28,10,2
Kolkata,2021-06-17,137,279,316,40,14,4
Kolkata,2021-06-18,157,65,290,71,48,1
Kolkata,2021-06-19,141,264,253,35,38,0
Kolkata,2021-06-20,151,286,203,37,39,0
Kolkata,2021-06-21,178,287,142,73,46,4
Kolkata,2021-06-22,125,186,87,74,11,1
Kolkata,2021-06-23,135,230,290,28,49,1
Kolkata,2021-06-24,152,70,316,57,48,0
Kolkata,2021-06-25,161,88,167,69,26,0
Kolkata,2021-06-26,148,97,159,79,29,4
Kolkata,2021-06-27,176,115,360,98,6,0
Kolkata,2021-06-28,140,151,332,47,38,4
Kolkata,2021-06-29,121,168,369,51,40,1
Kolkata,2021-06-30,138,290,248,71,48,4
Kolkata,2021-07-01,148,146,193,69,33,3
Kolkata,2021-07-02,122,177,162,65,9,1
Kolkata,2021-07-03,163,234,282,74,5,1
Kolkata,2021-07-04,167,52,225,97,45,2
Kolkata,2021-07-05,153,96,262,85,8,3
Kolkata,2021-07-06,166,187,203,58,23,4
Kolkata,2021-07-07,127,254,185,41,35,2
Kolkata,2021-07-08,138,256,229,31,16,0
Kolkata,2021-07-09,154,231,279,89,14,1
Kolkata,2021-07-10,177,295,294,29,31,1
Kolkata,2021-07-11,147,183,254,74,24,0
Kolkata,2021-07-12,168,228,106,69,40,0
Kolkata,2021-07-13,147,146,344,79,27,2
Kolkata,2021-07-14,176,183,389,86,21,4
Kolkata,2021-07-15,175,298,176,49,22,2
Kolkata,2021-07-16,179,178,275,26,18,0
Kolkata,2021-07-17,139,175,202,99,33,3
Kolkata,2021-07-18,174,203,176,77,22,3
Kolkata,2021-07-19,157,179,345,49,7,1
Kolkata,2021-07-20,166,266,264,61,5,2
Kolkata,2021-07-21,154,228,310,22,49,4
Kolkata,2021-07-22,170,154,370,38,31,4
Kolkata,2021-07-23,152,87,210,98,47,2
Kolkata,2021-07-24,171,251,323,60,33,0
Kolkata,2021-07-25,168,143,82,27,24,4
Kolkata,2021-07-26,164,197,238,82,19,1
Kolkata,2021-07-27,176,226,159,94,17,2
Kolkata,2021-07-28,160,97,205,52,9,3
Kolkata,2021-07-29,143,117,233,23,32,2
Kolkata,2021-07-30,144,206,284,74,33,4
Kolkata,2021-07-31,161,294,203,76,16,1
Kolkata,2021-08-01,137,280,131,97,34,2
Kolkata,2021-08-02,176,231,295,30,9,0
Kolkata,2021-08-03,177,244,189,22,36,0
Kolkata,2021-08-04,129,166,277,32,8,1
Kolkata,2021-08-05,137,150,175,95,24,4
Kolkata,2021-08-06,170,172,140,85,47,2
Kolkata,2021-08-07,168,159,368,82,25,3
Kolkata,2021-08-08,171,183,397,68,11,1
Kolkata,2021-08-09,161,192,85,26,13,0
Kolkata,2021-08-10,161,73,366,75,25,3
Kolkata,2021-08-11,164,225,111,62,23,4
Kolkata,2021-08-12,131,214,178,68,42,1
Kolkata,2021-08-13,141,266,306,75,19,4
Kolkata,2021-08-14,147,273,392,26,38,1
Kolkata,2021-08-15,150,92,369,85,16,1
Kolkata,2021-08-16,154,123,358,22,18,1
Kolkata,2021-08-17,169,231,119,67,29,4
Kolkata,2021-08-18,120,128,244,23,27,1
Kolkata,2021-08-19,141,198,206,26,43,2
Kolkata,2021-08-20,129,282,385,50,9,1
Kolkata,2021-08-21,141,233,82,91,33,0
Kolkata,2021-08-22,124,238,122,47,12,2
Kolkata,2021-08-23,174,263,228,88,20,4
Kolkata,2021-08-24,136,132,112,93,36,1
Kolkata,2021-08-25,148,271,373,58,41,0
Kolkata,2021-08-26,153,177,325,30,46,3
Kolkata,2021-08-27,167,215,114,76,21,3
Kolkata,2021-08-28,161,231,114,63,40,4
Kolkata,2021-08-29,170,164,356,97,15,0
Kolkata,2021-08-30,150,241,219,91,32,1
Kolkata,2021-08-31,166,292,260,41,32,3
Kolkata,2021-09-01,142,128,351,49,41,2
Kolkata,2021-09-02,162,193,106,55,33,2
Kolkata,2021-09-03,195,295,245,92,33,3
Kolkata,2021-09-04,171,174,285,84,9,2
Kolkata,2021-09-05,155,119,90,75,43,3
Kolkata,2021-09-06,162,246,260,80,41,1
Kolkata,2021-09-07,166,276,314,60,12,3
Kolkata,2021-09-08,194,135,157,62,47,4
Kolkata,2021-09-09,189,284,149,83,13,0
Kolkata,2021-09-10,198,201,297,48,9,1
Kolkata,2021-09-11,146,82,146,86,20,0
Kolkata,2021-09-12,146,136,355,44,13,3
Kolkata,2021-09-13,199,83,249,77,38,4
Kolkata,2021-09-14,143,151,186,41,8,4
Kolkata,2021-09-15,154,109,143,85,46,3
Kolkata,2021-09-16,184,244,251,69,16,4
Kolkata,2021-09-17,185,173,355,29,35,4
Kolkata,2021-09-18,199,196,200,39,29,4
Kolkata,2021-09-19,160,252,83,51,31,2
Kolkata,2021-09-20,156,239,396,45,18,4
Kolkata,2021-09-21,191,267,166,87,9,3
Kolkata,2021-09-22,141,104,179,60,15,0
Kolkata,2021-09-23,191,99,281,44,49,4
Kolkata,2021-09-24,155,77,306,25,17,3
Kolkata,2021-09-25,198,242,254,89,44,0
Kolkata,2021-09-26,195,55,106,76,40,2
Kolkata,2021-09-27,182,114,367,66,9,2
Kolkata,2021-09-28,144,162,83,56,41,2
Kolkata,2021-09-29,184,159,216,46,39,4
Kolkata,2021-09-30,147,166,142,52,30,3
Kolkata,2021-10-01,177,105,134,77,24,1
Kolkata,2021-10-02,147,231,226,26,21,4
Kolkata,2021-10-03,190,104,276,54,22,1
Kolkata,2021-10-04,190,134,89,38,16,2
Kolkata,2021-10-05,189,67,114,95,26,0
Kolkata,2021-10-06,197,275,192,83,26,2
Kolkata,2021-10-07,185,274,191,69,29,2
Kolkata,2021-10-08,194,56,283,80,11,4
Kolkata,2021-10-09,162,211,110,77,43,2
Kolkata,2021-10-10,164,285,375,97,41,0
Kolkata,2021-10-11,185,217,161,85,46,0
Kolkata,2021-10-12,161,149,299,87,9,1
Kolkata,2021-10-13,185,127,235,70,46,1
Kolkata,2021-10-14,164,294,223,47,16,3
Kolkata,2021-10-15,160,223,311,27,12,0
Kolkata,2021-10-16,148,56,244,33,7,0
Kolkata,2021-10-17,193,234,96,21,20,1
Kolkata,2021-10-18,161,293,146,26,7,4
Kolkata,2021-10-19,194,164,348,90,35,0
Kolkata,2021-10-20,162,235,294,56,14,3
Kolkata,2021-10-21,175,260,362,49,14,3
Kolkata,2021-10-22,197,116,172,63,15,2
Kolkata,2021-10-23,176,109,134,25,22,3
Kolkata,2021-10-24,144,112,203,46,22,1
Kolkata,2021-10-25,164,262,308,84,34,2
Kolkata,2021-10-26,157,272,347,81,28,3
Kolkata,2021-10-27,165,240,327,63,34,4
Kolkata,2021-10-28,169,141,209,41,28,0
Kolkata,2021-10-29,173,238,185,51,28,1
Kolkata,2021-10-30,169,138,379,72,29,1
Kolkata,2021-10-31,147,108,212,34,26,1
Kolkata,2021-11-01,192,235,123,27,9,1
Kolkata,2021-11-02,226,104,198,57,15,2
Kolkata,2021-11-03,231,94,358,49,46,4
Kolkata,2021-11-04,241,299,347,84,47,0
Kolkata,2021-11-05,241,238,323,35,12,1
Kolkata,2021-11-06,196,208,377,55,48,0
Kolkata,2021-11-07,244,51,91,69,35,4
Kolkata,2021-11-08,232,73,257,47,24,4
Kolkata,2021-11-09,239,66,197,88,40,4
Kolkata,2021-11-10,201,262,121,98,42,2
Kolkata,2021-11-11,208,207,132,59,8,0
Kolkata,2021-11-12,198,251,165,99,10,4
Kolkata,2021-11-13,200,168,200,50,44,2
Kolkata,2021-11-14,242,116,140,22,19,4
Kolkata,2021-11-15,224,203,170,91,21,2
Kolkata,2021-11-16,242,235,209,75,10,2
Kolkata,2021-11-17,214,97,217,37,23,3
Kolkata,2021-11-18,199,90,85,35,32,3
Kolkata,2021-11-19,209,130,87,33,17,3
Kolkata,2021-11-20,225,282,357,75,6,4
Kolkata,2021-11-21,236,269,239,47,26,4
Kolkata,2021-11-22,209,228,163,81,7,2
Kolkata,2021-11-23,215,101,294,94,5,4
Kolkata,2021-11-24,233,292,142,72,9,1
Kolkata,2021-11-25,203,127,112,94,36,0
Kolkata,2021-11-26,221,134,283,88,29,0
Kolkata,2021-11-27,196,228,363,39,32,3
Kolkata,2021-11-28,198,82,350,98,47,4
Kolkata,2021-11-29,194,168,332,72,20,3
Kolkata,2021-11-30,210,97,240,76,44,2
Kolkata,2021-12-01,216,78,295,77,35,0
Kolkata,2021-12-02,213,238,166,24,35,4
Kolkata,2021-12-03,227,185,248,73,30,4
Kolkata,2021-12-04,243,214,112,67,35,2
Kolkata,2021-12-05,204,244,372,38,29,0
Kolkata,2021-12-06,207,145,155,40,46,0
Kolkata,2021-12-07,245,230,251,26,6,3
Kolkata,2021-12-08,241,120,116,89,22,2
Kolkata,2021-12-09,221,169,240,75,5,0
Kolkata,2021-12-10,244,65,133,51,5,0
Kolkata,2021-12-11,224,80,159,97,40,0
Kolkata,2021-12-12,199,261,149,98,19,0
Kolkata,2021-12-13,241,291,152,63,27,4
Kolkata,2021-12-14,226,151,396,99,28,3
Kolkata,2021-12-15,225,166,239,50,49,2
Kolkata,2021-12-16,231,56,366,86,44,4
Kolkata,2021-12-17,237,223,120,29,26,2
Kolkata,2021-12-18,201,235,324,45,28,1
Kolkata,2021-12-19,227,162,287,88,45,2
Kolkata,2021-12-20,236,283,155,61,25,2
Kolkata,2021-12-21,204,125,166,76,24,3
Kolkata,2021-12-22,244,77,186,78,30,4
Kolkata,2021-12-23,210,204,308,75,21,0
Kolkata,2021-12-24,235,138,145,44,9,3
Kolkata,2021-12-25,217,92,134,20,16,2
Kolkata,2021-12-26,231,254,200,54,12,4
Kolkata,2021-12-27,236,126,105,87,46,0
Kolkata,2021-12-28,198,54,89,93,44,4
Kolkata,2021-12-29,238,102,208,27,7,3
Kolkata,2021-12-30,191,154,319,73,9,0
Kolkata,2021-12-31,196,268,290,67,25,1
Kolkata,2022-01-01,200,283,350,62,13,1
Kolkata,2022-01-02,234,98,216,25,49,0
Kolkata,2022-01-03,220,250,283,41,30,3
Kolkata,2022-01-04,241,122,224,24,12,2
Kolkata,2022-01-05,219,128,165,36,17,1
Kolkata,2022-01-06,207,177,86,21,26,1
Kolkata,2022-01-07,209,91,234,28,14,4
Kolkata,2022-01-08,236,221,331,35,22,0
Kolkata,2022-01-09,224,270,296,70,14,4
Kolkata,2022-01-10,238,228,307,85,5,1
Kolkata,2022-01-11,228,87,399,29,29,0
Kolkata,2022-01-12,201,111,305,80,27,1
Kolkata,2022-01-13,207,126,361,93,6,3
Kolkata,2022-01-14,220,94,189,84,41,2
Kolkata,2022-01-15,236,84,237,44,28,2
Kolkata,2022-01-16,230,200,94,94,19,3
Kolkata,2022-01-17,223,89,314,98,13,1
Kolkata,2022-01-18,219,192,325,80,9,0
Kolkata,2022-01-19,236,219,193,86,17,0
Kolkata,2022-01-20,238,57,184,27,38,4
Kolkata,2022-01-21,197,96,220,48,20,3
Kolkata,2022-01-22,219,132,112,81,12,2
Kolkata,2022-01-23,223,288,392,20,40,2
Kolkata,2022-01-24,210,129,145,58,26,2
Kolkata,2022-01-25,205,96,250,58,5,2
Kolkata,2022-01-26,245,162,339,39,16,4
Kolkata,2022-01-27,196,51,327,65,38,3
Kolkata,2022-01-28,218,282,322,59,37,3
Kolkata,2022-01-29,211,97,205,88,48,1
Kolkata,2022-01-30,233,203,372,34,27,0
Kolkata,2022-01-31,238,114,116,50,30,1
Kolkata,2022-02-01,199,81,246,88,40,4
Kolkata,2022-02-02,174,153,311,24,39,3
Kolkata,2022-02-03,150,179,336,64,11,4
Kolkata,2022-02-04,180,177,223,68,25,1
Kolkata,2022-02-05,187,102,165,75,22,4
Kolkata,2022-02-06,145,180,177,34,36,2
Kolkata,2022-02-07,197,180,313,75,7,3
Kolkata,2022-02-08,151,99,155,84,22,3
Kolkata,2022-02-09,144,167,333,80,16,2
Kolkata,2022-02-10,168,161,84,31,42,3
Kolkata,2022-02-11,172,156,299,24,15,4
Kolkata,2022-02-12,190,90,125,59,28,1
Kolkata,2022-02-13,148,116,122,50,29,2
Kolkata,2022-02-14,157,180,301,64,22,0
Kolkata,2022-02-15,181,157,332,93,19,0
Kolkata,2022-02-16,198,169,283,46,16,3
Kolkata,2022-02-17,174,58,389,86,48,0
Kolkata,2022-02-18,181,182,255,72,31,3
Kolkata,2022-02-19,151,279,193,20,42,2
Kolkata,2022-02-20,197,144,161,44,7,4
Kolkata,2022-02-21,179,174,150,64,37,4
Kolkata,2022-02-22,152,107,319,35,14,1
Kolkata,2022-02-23,153,113,153,24,29,2
Kolkata,2022-02-24,199,234,88,79,8,1
Kolkata,2022-02-25,152,277,214,29,16,0
Kolkata,2022-02-26,168,114,352,75,6,2
Kolkata,2022-02-27,189,277,120,63,22,1
Kolkata,2022-02-28,183,184,148,39,23,1
Kolkata,2022-03-01,196,149,289,98,32,3
Kolkata,2022-03-02,176,136,206,65,36,0
Kolkata,2022-03-03,165,295,81,69,46,2
Kolkata,2022-03-04,189,167,370,27,19,1
Kolkata,2022-03-05,175,86,332,22,25,4
Kolkata,2022-03-06,154,255,330,68,16,2
Kolkata,2022-03-07,153,187,171,51,15,2
Kolkata,2022-03-08,188,203,113,76,9,1
Kolkata,2022-03-09,180,298,175,92,8,1
Kolkata,2022-03-10,193,201,255,27,10,3
Kolkata,2022-03-11,157,252,164,55,29,3
Kolkata,2022-03-12,199,76,134,32,13,1
Kolkata,2022-03-13,167,240,128,62,40,0
Kolkata,2022-03-14,160,119,301,44,13,0
Kolkata,2022-03-15,197,234,334,57,30,2
Kolkata,2022-03-16,194,278,266,51,34,0
Kolkata,2022-03-17,184,108,106,99,34,4
Kolkata,2022-03-18,185,227,275,95,22,3
Kolkata,2022-03-19,158,50,111,91,49,4
Kolkata,2022-03-20,197,182,103,84,41,0
Kolkata,2022-03-21,172,277,259,29,15,0
Kolkata,2022-03-22,151,164,232,31,28,0
Kolkata,2022-03-23,143,225,140,70,35,0
Kolkata,2022-03-24,170,126,256,22,8,1
Kolkata,2022-03-25,188,65,275,81,39,1
Kolkata,2022-03-26,152,113,210,36,5,0
Kolkata,2022-03-27,190,173,362,53,27,2
Kolkata,2022-03-28,192,284,103,20,24,0
Kolkata,2022-03-29,142,188,169,74,15,2
Kolkata,2022-03-30,144,272,348,90,20,1
Kolkata,2022-03-31,187,119,314,94,20,1
Kolkata,2022-04-01,174,193,156,32,6,0
Kolkata,2022-04-02,156,182,333,74,44,1
Kolkata,2022-04-03,154,87,168,68,33,3
Kolkata,2022-04-04,155,111,168,28,44,2
Kolkata,2022-04-05,141,269,195,20,26,1
Kolkata,2022-04-06,140,269,374,43,45,2
Kolkata,2022-04-07,161,72,170,38,34,3
Kolkata,2022-04-08,164,183,294,86,6,2
Kolkata,2022-04-09,194,74,167,87,34,0
Kolkata,2022-04-10,184,170,248,70,38,1
Kolkata,2022-04-11,180,217,138,93,31,0
Kolkata,2022-04-12,178,118,234,22,8,4
Kolkata,2022-04-13,183,240,228,34,49,1
Kolkata,2022-04-14,147,297,229,25,11,2
Kolkata,2022-04-15,177,142,284,95,28,1
Kolkata,2022-04-16,184,181,129,70,26,2
Kolkata,2022-04-17,162,285,221,44,31,0
Kolkata,2022-04-18,144,219,204,97,17,0
Kolkata,2022-04-19,143,91,95,55,46,2
Kolkata,2022-04-20,157,261,363,96,45,3
Kolkata,2022-04-21,152,140,90,95,9,1
Kolkata,2022-04-22,195,288,307,49,24,0
Kolkata,2022-04-23,182,69,134,25,19,1
Kolkata,2022-04-24,169,277,206,91,25,2
Kolkata,2022-04-25,198,265,257,22,22,3
Kolkata,2022-04-26,193,284,126,29,44,2
Kolkata,2022-04-27,175,265,339,57,14,1
Kolkata,2022-04-28,163,120,169,24,5,3
Kolkata,2022-04-29,198,114,323,63,10,2
Kolkata,2022-04-30,152,88,98,23,20,2
Kolkata,2022-05-01,179,257,177,38,49,3
Kolkata,2022-05-02,188,191,145,76,49,0
Kolkata,2022-05-03,193,68,340,79,40,3
Kolkata,2022-05-04,161,273,94,63,40,3
Kolkata,2022-05-05,144,214,96,66,49,1
Kolkata,2022-05-06,178,94,352,35,23,4
Kolkata,2022-05-07,199,92,337,60,17,0
Kolkata,2022-05-08,148,275,334,73,26,1
Kolkata,2022-05-09,195,271,141,48,48,3
Kolkata,2022-05-10,185,190,123,65,42,2
Kolkata,2022-05-11,149,281,393,99,22,3
Kolkata,2022-05-12,148,67,197,84,23,2
Kolkata,2022-05-13,156,74,279,63,35,0
Kolkata,2022-05-14,155,100,338,53,23,4
Kolkata,2022-05-15,172,69,250,37,38,2
Kolkata,2022-05-16,145,210,350,41,22,4
Kolkata,2022-05-17,187,55,104,61,47,1
Kolkata,2022-05-18,149,205,362,59,21,0
Kolkata,2022-05-19,166,232,192,83,24,4
Kolkata,2022-05-20,180,109,370,98,35,4
Kolkata,2022-05-21,165,209,295,35,6,3
Kolkata,2022-05-22,175,290,82,97,27,0
Kolkata,2022-05-23,158,215,382,57,33,1
Kolkata,2022-05-24,188,130,191,55,49,0
Kolkata,2022-05-25,188,235,370,51,8,3
Kolkata,2022-05-26,180,138,143,90,35,3
Kolkata,2022-05-27,182,82,393,81,24,1
Kolkata,2022-05-28,173,238,335,47,43,0
Kolkata,2022-05-29,172,205,235,26,19,2
Kolkata,2022-05-30,176,135,269,69,44,4
Kolkata,2022-05-31,181,137,117,26,14,4
Kolkata,2022-06-01,167,201,315,53,22,0
Kolkata,2022-06-02,147,222,180,71,34,4
Kolkata,2022-06-03,138,257,326,53,34,2
Kolkata,2022-06-04,152,231,273,56,22,1
Kolkata,2022-06-05,176,98,279,63,11,4
Kolkata,2022-06-06,123,177,86,93,15,4
Kolkata,2022-06-07,129,171,244,41,41,0
Kolkata,2022-06-08,145,108,355,22,9,4
Kolkata,2022-06-09,127,285,138,65,40,3
Kolkata,2022-06-10,125,166,159,77,30,0
Kolkata,2022-06-11,120,224,119,84,23,4
Kolkata,2022-06-12,157,289,277,37,37,0
Kolkata,2022-06-13,156,146,212,90,24,0
Kolkata,2022-06-14,132,270,177,72,13,0
Kolkata,2022-06-15,136,160,116,92,8,2
Kolkata,2022-06-16,123,199,355,87,24,1
Kolkata,2022-06-17,126,183,355,44,8,1
Kolkata,2022-06-18,176,191,390,90,10,1
Kolkata,2022-06-19,132,288,382,87,9,1
Kolkata,2022-06-20,156,200,161,20,18,1
Kolkata,2022-06-21,170,53,315,51,11,3
Kolkata,2022-06-22,149,225,287,42,40,0
Kolkata,2022-06-23,137,53,291,54,24,0
Kolkata,2022-06-24,135,229,215,30,38,1
Kolkata,2022-06-25,144,190,260,23,12,0
Kolkata,2022-06-26,143,262,255,96,36,0
Kolkata,2022-06-27,172,242,352,75,22,1
Kolkata,2022-06-28,168,244,132,59,33,3
Kolkata,2022-06-29,147,68,202,56,28,3
Kolkata,2022-06-30,154,265,294,42,48,3
Kolkata,2022-07-01,155,201,259,95,9,1
Kolkata,2022-07-02,166,202,387,60,14,1
Kolkata,2022-07-03,156,220,288,69,6,0
Kolkata,2022-07-04,147,153,213,28,18,4
Kolkata,2022-07-05,132,195,358,97,30,1
Kolkata,2022-07-06,166,243,132,89,47,2
Kolkata,2022-07-07,127,120,348,87,14,2
Kolkata,2022-07-08,145,256,213,52,8,0
Kolkata,2022-07-09,178,287,320,58,15,4
Kolkata,2022-07-10,158,208,251,92,23,2
Kolkata,2022-07-11,127,299,80,70,42,4
Kolkata,2022-07-12,163,136,86,27,25,3
Kolkata,2022-07-13,169,130,167,90,10,0
Kolkata,2022-07-14,162,94,355,58,9,1
Kolkata,2022-07-15,161,211,270,76,24,2
Kolkata,2022-07-16,148,167,375,53,39,2
Kolkata,2022-07-17,175,237,379,92,44,4
Kolkata,2022-07-18,174,230,274,95,30,2
Kolkata,2022-07-19,166,75,200,93,48,3
Kolkata,2022-07-20,177,242,177,58,39,4
Kolkata,2022-07-21,169,272,279,36,40,2
Kolkata,2022-07-22,153,83,91,46,24,2
Kolkata,2022-07-23,174,229,130,98,13,3
Kolkata,2022-07-24,138,111,307,63,47,1
Kolkata,2022-07-25,172,260,239,31,10,0
Kolkata,2022-07-26,168,271,266,49,14,3
Kolkata,2022-07-27,125,107,318,24,46,1
Kolkata,2022-07-28,128,199,209,94,44,1
Kolkata,2022-07-29,146,199,94,49,7,0
Kolkata,2022-07-30,130,181,394,28,44,0
Kolkata,2022-07-31,127,120,124,20,35,2
Kolkata,2022-08-01,166,110,215,42,41,0
Kolkata,2022-08-02,168,59,359,50,17,4
Kolkata,2022-08-03,158,282,238,82,30,1
Kolkata,2022-08-04,125,287,167,65,46,0
Kolkata,2022-08-05,150,117,155,83,39,0
Kolkata,2022-08-06,173,116,261,24,25,0
Kolkata,2022-08-07,120,263,371,79,34,1
Kolkata,2022-08-08,165,272,246,80,48,4
Kolkata,2022-08-09,148,234,326,21,20,0
Kolkata,2022-08-10,145,244,382,69,21,1
Kolkata,2022-08-11,123,85,396,88,40,4
Kolkata,2022-08-12,153,187,353,49,16,0
Kolkata,2022-08-13,167,215,348,68,39,3
Kolkata,2022-08-14,166,175,154,52,29,1
Kolkata,2022-08-15,149,152,241,57,6,2
Kolkata,2022-08-16,120,175,328,37,46,1
Kolkata,2022-08-17,173,245,150,22,37,1
Kolkata,2022-08-18,129,74,121,79,33,1
Kolkata,2022-08-19,159,233,218,91,11,0
Kolkata,2022-08-20,154,210,139,68,35,3
Kolkata,2022-08-21,177,87,128,53,45,4
Kolkata,2022-08-22,138,100,258,83,17,4
Kolkata,2022-08-23,167,99,244,28,32,4
Kolkata,2022-08-24,144,79,309,93,42,0
Kolkata,2022-08-25,140,116,202,60,35,4
Kolkata,2022-08-26,168,137,361,29,33,1
Kolkata,2022-08-27,174,159,107,97,32,0
Kolkata,2022-08-28,170,172,181,50,12,4
Kolkata,2022-08-29,133,241,365,45,28,4
Kolkata,2022-08-30,132,198,282,42,11,3
Kolkata,2022-08-31,154,288,322,92,27,3
Kolkata,2022-09-01,183,213,232,62,35,2
Kolkata,2022-09-02,159,289,241,77,43,1
Kolkata,2022-09-03,163,160,223,25,11,0
Kolkata,2022-09-04,146,285,397,81,46,1
Kolkata,2022-09-05,145,218,147,22,18,0
Kolkata,2022-09-06,150,176,307,40,41,2
Kolkata,2022-09-07,163,267,337,55,25,2
Kolkata,2022-09-08,195,295,332,76,45,4
Kolkata,2022-09-09,156,124,387,46,31,0
Kolkata,2022-09-10,174,109,247,86,22,0
Kolkata,2022-09-11,197,68,247,58,16,4
Kolkata,2022-09-12,167,294,200,70,10,4
Kolkata,2022-09-13,177,119,322,40,36,2
Kolkata,2022-09-14,178,113,328,24,17,2
Kolkata,2022-09-15,194,226,89,92,37,4
Kolkata,2022-09-16,185,185,261,69,47,4
Kolkata,2022-09-17,187,129,119,57,8,1
Kolkata,2022-09-18,183,82,90,39,40,3
Kolkata,2022-09-19,144,227,319,50,8,3
Kolkata,2022-09-20,194,266,101,24,10,3
Kolkata,2022-09-21,199,177,161,77,38,0
Kolkata,2022-09-22,163,251,208,84,13,3
Kolkata,2022-09-23,171,88,272,25,30,0
Kolkata,2022-09-24,160,96,80,46,30,4
Kolkata,2022-09-25,168,58,336,62,44,1
Kolkata,2022-09-26,185,77,169,24,46,0
Kolkata,2022-09-27,141,84,141,75,6,1
Kolkata,2022-09-28,172,66,147,31,45,1
Kolkata,2022-09-29,173,84,233,40,48,3
Kolkata,2022-09-30,154,213,209,36,22,1
Kolkata,2022-10-01,165,88,215,42,6,4
Kolkata,2022-10-02,184,70,373,66,23,0
Kolkata,2022-10-03,174,272,293,97,41,0
Kolkata,2022-10-04,171,175,371,82,49,0
Kolkata,2022-10-05,165,261,267,90,20,3
Kolkata,2022-10-06,193,90,238,63,39,4
Kolkata,2022-10-07,171,141,320,52,7,0
Kolkata,2022-10-08,179,259,314,70,37,0
Kolkata,2022-10-09,154,232,194,92,17,0
Kolkata,2022-10-10,196,183,270,42,35,0
Kolkata,2022-10-11,151,103,171,73,32,4
Kolkata,2022-10-12,162,181,227,24,9,0
Kolkata,2022-10-13,164,269,195,60,10,3
Kolkata,2022-10-14,195,259,319,42,6,1
Kolkata,2022-10-15,197,78,244,96,48,1
Kolkata,2022-10-16,182,112,212,84,37,1
Kolkata,2022-10-17,152,222,125,59,36,3
Kolkata,2022-10-18,187,140,95,68,19,4
Kolkata,2022-10-19,142,154,114,90,9,0
Kolkata,2022-10-20,150,211,355,67,18,2
Kolkata,2022-10-21,148,180,283,66,10,3
Kolkata,2022-10-22,152,139,102,58,49,1
Kolkata,2022-10-23,159,186,138,87,44,0
Kolkata,2022-10-24,198,164,232,20,44,1
Kolkata,2022-10-25,197,86,80,53,18,3
Kolkata,2022-10-26,188,55,128,35,32,3
Kolkata,2022-10-27,178,141,307,45,7,4
Kolkata,2022-10-28,182,180,188,78,15,2
Kolkata,2022-10-29,154,106,246,59,22,0
Kolkata,2022-10-30,162,269,376,65,34,3
Kolkata,2022-10-31,156,79,223,76,30,3
Kolkata,2022-11-01,245,191,391,57,11,1
Kolkata,2022-11-02,206,244,131,54,29,4
Kolkata,2022-11-03,232,163,161,34,49,2
Kolkata,2022-11-04,236,63,360,75,49,4
Kolkata,2022-11-05,201,221,230,43,12,1
Kolkata,2022-11-06,234,157,84,91,24,0
Kolkata,2022-11-07,201,107,324,20,37,4
Kolkata,2022-11-08,210,198,315,75,27,0
Kolkata,2022-11-09,198,158,277,88,6,3
Kolkata,2022-11-10,215,265,140,44,48,1
Kolkata,2022-11-11,198,87,282,51,13,4
Kolkata,2022-11-12,245,245,200,46,6,0
Kolkata,2022-11-13,227,279,241,48,30,0
Kolkata,2022-11-14,193,148,149,43,11,4
Kolkata,2022-11-15,211,201,102,47,37,1
Kolkata,2022-11-16,192,188,340,22,13,4
Kolkata,2022-11-17,198,156,82,29,34,2
Kolkata,2022-11-18,194,260,343,61,23,4
Kolkata,2022-11-19,230,160,108,91,19,0
Kolkata,2022-11-20,191,222,375,77,9,3
Kolkata,2022-11-21,223,72,348,98,45,1
Kolkata,2022-11-22,194,85,174,38,26,3
Kolkata,2022-11-23,248,206,106,52,27,4
Kolkata,2022-11-24,214,217,246,76,19,1
Kolkata,2022-11-25,249,218,396,88,6,2
Kolkata,2022-11-26,202,56,198,70,17,2
Kolkata,2022-11-27,210,72,320,91,20,4
Kolkata,2022-11-28,235,162,213,47,16,1
Kolkata,2022-11-29,239,168,102,56,29,4
Kolkata,2022-11-30,227,235,166,87,10,4
Kolkata,2022-12-01,226,273,196,71,5,0
Kolkata,2022-12-02,244,71,359,42,21,0
Kolkata,2022-12-03,222,248,214,97,10,0
Kolkata,2022-12-04,234,69,171,70,38,3
Kolkata,2022-12-05,219,74,296,30,13,2
Kolkata,2022-12-06,230,218,96,74,12,4
Kolkata,2022-12-07,192,119,152,25,36,1
Kolkata,2022-12-08,229,221,147,35,30,2
Kolkata,2022-12-09,218,249,399,69,11,4
Kolkata,2022-12-10,195,264,264,50,46,4
Kolkata,2022-12-11,216,78,352,35,5,4
Kolkata,2022-12-12,249,157,131,25,40,0
Kolkata,2022-12-13,197,149,244,34,19,4
Kolkata,2022-12-14,248,142,151,94,11,3
Kolkata,2022-12-15,244,231,128,95,9,1
Kolkata,2022-12-16,246,193,262,95,15,4
Kolkata,2022-12-17,220,138,300,64,29,4
Kolkata,2022-12-18,197,151,340,35,20,3
Kolkata,2022-12-19,227,289,109,98,48,2
Kolkata,2022-12-20,193,168,165,95,38,3
Kolkata,2022-12-21,248,116,319,95,48,4
Kolkata,2022-12-22,237,79,297,56,34,2
Kolkata,2022-12-23,218,167,82,78,43,1
Kolkata,2022-12-24,221,82,348,79,23,3
Kolkata,2022-12-25,195,243,302,50,23,3
Kolkata,2022-12-26,248,71,115,84,21,3
Kolkata,2022-12-27,243,197,134,27,10,1
Kolkata,2022-12-28,208,71,245,82,5,1
Kolkata,2022-12-29,225,216,156,91,47,0
Kolkata,2022-12-30,241,254,279,53,41,3
Kolkata,2022-12-31,245,100,156,29,31,2
Kolkata,2023-01-01,240,235,232,85,36,0
Kolkata,2023-01-02,203,58,101,53,19,4
Kolkata,2023-01-03,220,178,232,79,6,1
Kolkata,2023-01-04,232,203,375,45,46,0
Kolkata,2023-01-05,237,126,266,70,35,2
Kolkata,2023-01-06,230,181,328,57,37,1
Kolkata,2023-01-07,235,286,228,55,13,3
Kolkata,2023-01-08,248,226,285,67,45,1
Kolkata,2023-01-09,216,236,215,59,30,2
Kolkata,2023-01-10,230,262,320,79,29,4
Kolkata,2023-01-11,249,228,289,91,40,1
Kolkata,2023-01-12,229,251,367,52,44,3
Kolkata,2023-01-13,208,258,272,82,35,4
Kolkata,2023-01-14,237,280,389,31,19,2
Kolkata,2023-01-15,216,166,258,61,43,1
Kolkata,2023-01-16,218,244,316,37,38,3
Kolkata,2023-01-17,234,134,325,26,21,0
Kolkata,2023-01-18,240,268,325,94,6,4
Kolkata,2023-01-19,211,52,227,32,39,4
Kolkata,2023-01-20,237,268,245,38,43,2
Kolkata,2023-01-21,208,173,272,69,18,3
Kolkata,2023-01-22,202,84,323,91,21,3
Kolkata,2023-01-23,213,288,308,42,41,1
Kolkata,2023-01-24,196,294,238,44,46,1
Kolkata,2023-01-25,222,286,321,65,12,0
Kolkata,2023-01-26,204,98,253,36,32,3
Kolkata,2023-01-27,248,276,245,76,48,0
Kolkata,2023-01-28,210,219,178,45,35,4
Kolkata,2023-01-29,241,254,174,62,12,0
Kolkata,2023-01-30,218,285,262,86,35,0
Kolkata,2023-01-31,208,102,273,89,30,1
Kolkata,2023-02-01,166,299,177,55,17,1
Kolkata,2023-02-02,183,191,227,49,26,4
Kolkata,2023-02-03,142,144,324,81,21,0
Kolkata,2023-02-04,187,227,256,88,22,0
Kolkata,2023-02-05,161,213,141,43,39,3
Kolkata,2023-02-06,158,130,162,43,28,3
Kolkata,2023-02-07,183,61,335,67,49,3
Kolkata,2023-02-08,187,276,140,66,48,3
Kolkata,2023-02-09,154,240,383,70,12,1
Kolkata,2023-02-10,157,56,286,29,30,0
Kolkata,2023-02-11,175,154,245,85,22,3
Kolkata,2023-02-12,155,264,135,39,31,4
Kolkata,2023-02-13,154,292,365,96,31,4
Kolkata,2023-02-14,181,202,339,79,23,0
Kolkata,2023-02-15,165,101,337,49,44,1
Kolkata,2023-02-16,159,54,191,61,42,1
Kolkata,2023-02-17,185,72,253,35,8,4
Kolkata,2023-02-18,149,284,211,63,47,4
Kolkata,2023-02-19,158,71,200,79,26,2
Kolkata,2023-02-20,196,283,247,23,15,4
Kolkata,2023-02-21,162,73,179,27,33,2
Kolkata,2023-02-22,176,239,398,81,18,0
Kolkata,2023-02-23,172,85,167,58,33,3
Kolkata,2023-02-24,170,263,117,49,41,0
Kolkata,2023-02-25,177,193,364,54,38,3
Kolkata,2023-02-26,152,162,276,88,20,4
Kolkata,2023-02-27,152,167,388,43,44,1
Kolkata,2023-02-28,196,153,220,70,38,2
Kolkata,2023-03-01,180,211,363,45,11,0
Kolkata,2023-03-02,184,88,299,80,14,1
Kolkata,2023-03-03,196,139,135,94,42,4
Kolkata,2023-03-04,154,79,370,43,9,2
Kolkata,2023-03-05,186,239,262,75,18,1
Kolkata,2023-03-06,167,239,232,77,13,0
Kolkata,2023-03-07,157,294,83,77,27,2
Kolkata,2023-03-08,180,149,308,55,40,4
Kolkata,2023-03-09,180,72,305,79,10,3
Kolkata,2023-03-10,151,97,175,88,39,1
Kolkata,2023-03-11,176,172,110,83,45,4
Kolkata,2023-03-12,143,225,184,85,26,4
Kolkata,2023-03-13,170,214,276,65,49,3
Kolkata,2023-03-14,148,168,345,60,11,2
Kolkata,2023-03-15,194,184,150,55,42,0
Kolkata,2023-03-16,169,52,163,20,27,2
Kolkata,2023-03-17,175,90,285,50,39,3
Kolkata,2023-03-18,162,296,112,67,23,1
Kolkata,2023-03-19,168,175,172,42,37,3
Kolkata,2023-03-20,173,289,140,25,49,3
Kolkata,2023-03-21,155,58,89,63,9,3
Kolkata,2023-03-22,189,204,157,40,32,1
Kolkata,2023-03-23,165,131,355,43,18,2
Kolkata,2023-03-24,171,96,261,48,47,0
Kolkata,2023-03-25,192,143,199,22,32,2
Kolkata,2023-03-26,141,264,244,28,47,3
Kolkata,2023-03-27,182,210,318,30,44,2
Kolkata,2023-03-28,148,75,124,74,30,3
Kolkata,2023-03-29,143,180,269,78,7,2
Kolkata,2023-03-30,195,136,200,86,48,2
Kolkata,2023-03-31,159,205,111,51,31,1
Kolkata,2023-04-01,190,117,249,47,47,4
Kolkata,2023-04-02,154,139,239,86,13,1
Kolkata,2023-04-03,146,58,303,96,10,4
Kolkata,2023-04-04,173,142,339,25,40,0
Kolkata,2023-04-05,180,231,255,33,26,1
Kolkata,2023-04-06,188,144,399,66,12,1
Kolkata,2023-04-07,174,72,248,36,46,1
Kolkata,2023-04-08,162,263,127,63,18,2
Kolkata,2023-04-09,179,236,345,52,32,4
Kolkata,2023-04-10,154,264,305,54,25,0
Kolkata,2023-04-11,142,299,376,58,40,1
Kolkata,2023-04-12,154,271,311,82,31,0
Kolkata,2023-04-13,156,299,263,57,26,0
Kolkata,2023-04-14,150,114,257,81,46,2
Kolkata,2023-04-15,189,126,124,42,40,0
Kolkata,2023-04-16,181,70,141,32,5,0
Kolkata,2023-04-17,183,139,107,58,31,3
Kolkata,2023-04-18,171,243,272,79,22,2
Kolkata,2023-04-19,167,182,258,41,49,3
Kolkata,2023-04-20,171,245,363,62,16,3
Kolkata,2023-04-21,190,61,198,40,19,0
Kolkata,2023-04-22,177,205,215,70,31,0
Kolkata,2023-04-23,181,289,200,78,42,0
Kolkata,2023-04-24,172,83,190,38,18,0
Kolkata,2023-04-25,196,246,260,89,11,0
Kolkata,2023-04-26,156,177,248,83,44,0
Kolkata,2023-04-27,154,133,139,34,16,0
Kolkata,2023-04-28,156,105,109,45,22,0
Kolkata,2023-04-29,179,276,371,76,16,4
Kolkata,2023-04-30,145,190,249,31,24,2
Kolkata,2023-05-01,163,110,180,72,5,0
Kolkata,2023-05-02,142,58,197,51,48,4
Kolkata,2023-05-03,176,163,214,52,7,0
Kolkata,2023-05-04,151,229,196,52,43,0
Kolkata,2023-05-05,181,153,105,54,46,0
Kolkata,2023-05-06,169,211,265,79,44,3
Kolkata,2023-05-07,194,204,160,86,11,3
Kolkata,2023-05-08,188,53,328,66,39,0
Kolkata,2023-05-09,163,121,84,82,37,4
Kolkata,2023-05-10,183,162,167,40,20,3
Kolkata,2023-05-11,170,99,375,43,8,3
Kolkata,2023-05-12,170,294,302,68,46,3
Kolkata,2023-05-13,171,277,215,59,34,2
Kolkata,2023-05-14,195,268,240,44,20,2
Kolkata,2023-05-15,148,204,364,98,29,0
Kolkata,2023-05-16,175,272,384,88,20,3
Kolkata,2023-05-17,194,54,185,87,30,2
Kolkata,2023-05-18,172,245,199,34,36,0
Kolkata,2023-05-19,143,95,117,56,34,4
Kolkata,2023-05-20,155,123,97,28,38,0
Kolkata,2023-05-21,176,199,356,24,16,4
Kolkata,2023-05-22,191,204,287,63,39,0
Kolkata,2023-05-23,159,198,156,89,43,1
Kolkata,2023-05-24,185,211,300,82,43,3
Kolkata,2023-05-25,176,296,134,50,18,2
Kolkata,2023-05-26,162,222,295,67,14,4
Kolkata,2023-05-27,165,282,307,76,28,3
Kolkata,2023-05-28,184,161,345,28,15,0
Kolkata,2023-05-29,167,215,358,46,39,1
Kolkata,2023-05-30,144,132,255,41,10,3
Kolkata,2023-05-31,185,178,188,83,16,0
Kolkata,2023-06-01,141,260,365,30,25,1
Kolkata,2023-06-02,179,137,310,71,6,2
Kolkata,2023-06-03,175,293,341,31,20,0
Kolkata,2023-06-04,168,117,344,98,13,0
Kolkata,2023-06-05,135,105,143,40,16,2
Kolkata,2023-06-06,168,107,399,76,48,4
Kolkata,2023-06-07,120,161,258,45,30,3
Kolkata,2023-06-08,138,154,234,84,31,2
Kolkata,2023-06-09,178,252,323,97,41,4
Kolkata,2023-06-10,176,228,312,41,47,4
Kolkata,2023-06-11,171,181,183,42,47,4
Kolkata,2023-06-12,142,213,222,43,9,3
Kolkata,2023-06-13,143,216,157,54,18,2
Kolkata,2023-06-14,172,178,127,31,38,3
Kolkata,2023-06-15,156,219,158,82,36,4
Kolkata,2023-06-16,129,103,279,88,37,0
Kolkata,2023-06-17,136,151,178,69,49,0
Kolkata,2023-06-18,124,200,372,69,42,3
Kolkata,2023-06-19,121,289,173,66,27,0
Kolkata,2023-06-20,134,160,311,93,43,2
Kolkata,2023-06-21,166,124,325,34,27,4
Kolkata,2023-06-22,145,131,279,95,19,1
Kolkata,2023-06-23,178,107,100,92,14,4
Kolkata,2023-06-24,175,120,241,36,6,3
Kolkata,2023-06-25,137,68,88,94,15,3
Kolkata,2023-06-26,145,113,91,84,40,4
Kolkata,2023-06-27,175,51,210,87,8,2
Kolkata,2023-06-28,161,270,344,42,12,2
Kolkata,2023-06-29,124,222,151,42,36,3
Kolkata,2023-06-30,172,180,142,27,24,0
Kolkata,2023-07-01,175,254,352,91,23,3
Kolkata,2023-07-02,152,187,377,80,29,4
Kolkata,2023-07-03,132,137,387,35,37,1
Kolkata,2023-07-04,163,170,108,79,22,0
Kolkata,2023-07-05,137,199,317,20,5,3
Kolkata,2023-07-06,146,295,186,91,38,3
Kolkata,2023-07-07,163,291,278,26,30,3
Kolkata,2023-07-08,128,109,266,68,8,4
Kolkata,2023-07-09,169,140,354,89,38,4
Kolkata,2023-07-10,164,109,368,50,6,4
Kolkata,2023-07-11,132,254,150,57,13,2
Kolkata,2023-07-12,174,259,88,46,30,0
Kolkata,2023-07-13,136,220,352,96,6,1
Kolkata,2023-07-14,163,75,330,91,14,2
Kolkata,2023-07-15,137,166,336,94,7,4
Kolkata,2023-07-16,143,102,265,33,23,0
Kolkata,2023-07-17,163,246,139,71,43,4
Kolkata,2023-07-18,167,70,395,80,6,2
Kolkata,2023-07-19,163,114,357,45,23,3
Kolkata,2023-07-20,173,185,197,90,43,0
Kolkata,2023-07-21,159,274,80,48,7,2
Kolkata,2023-07-22,159,261,322,95,46,4
Kolkata,2023-07-23,169,272,176,72,10,4
Kolkata,2023-07-24,160,223,253,59,12,3
Kolkata,2023-07-25,151,65,288,88,24,0
Kolkata,2023-07-26,121,226,214,70,46,2
Kolkata,2023-07-27,133,102,373,93,36,2
Kolkata,2023-07-28,168,281,136,96,7,0
Kolkata,2023-07-29,144,205,345,44,41,2
Kolkata,2023-07-30,135,101,362,28,42,1
Kolkata,2023-07-31,165,134,357,89,16,4
Kolkata,2023-08-01,133,231,214,39,26,2
Kolkata,2023-08-02,139,107,157,20,43,3
Kolkata,2023-08-03,136,248,114,69,29,1
Kolkata,2023-08-04,130,157,320,72,49,3
Kolkata,2023-08-05,144,197,178,37,22,2
Kolkata,2023-08-06,137,145,233,50,34,3
Kolkata,2023-08-07,153,58,231,49,43,2
Kolkata,2023-08-08,162,166,254,91,17,0
Kolkata,2023-08-09,149,188,266,51,15,1
Kolkata,2023-08-10,145,186,382,40,27,0
Kolkata,2023-08-11,152,213,112,67,11,4
Kolkata,2023-08-12,124,255,272,97,45,0
Kolkata,2023-08-13,128,245,398,34,34,0
Kolkata,2023-08-14,129,106,148,62,14,4
Kolkata,2023-08-15,156,293,305,35,9,0
Kolkata,2023-08-16,124,67,256,99,41,1
Kolkata,2023-08-17,164,211,145,37,12,0
Kolkata,2023-08-18,154,266,265,78,7,3
Kolkata,2023-08-19,137,218,219,66,5,3
Kolkata,2023-08-20,177,173,262,36,25,3
Kolkata,2023-08-21,153,112,281,25,17,0
Kolkata,2023-08-22,142,58,372,56,8,1
Kolkata,2023-08-23,179,164,302,55,5,2
Kolkata,2023-08-24,149,89,349,82,7,2
Kolkata,2023-08-25,130,185,268,73,27,0
Kolkata,2023-08-26,145,64,319,81,20,3
Kolkata,2023-08-27,139,165,297,23,30,2
Kolkata,2023-08-28,164,260,144,97,43,3
Kolkata,2023-08-29,136,224,285,61,31,3
Kolkata,2023-08-30,156,211,357,49,10,2
Kolkata,2023-08-31,154,140,201,34,37,2
Kolkata,2023-09-01,152,120,309,46,5,0
Kolkata,2023-09-02,178,186,128,92,48,4
Kolkata,2023-09-03,184,147,374,22,7,0
Kolkata,2023-09-04,146,100,215,91,6,4
Kolkata,2023-09-05,151,120,310,50,43,4
Kolkata,2023-09-06,148,217,222,96,9,3
Kolkata,2023-09-07,156,193,343,67,22,4
Kolkata,2023-09-08,185,280,204,83,22,2
Kolkata,2023-09-09,171,280,131,99,35,2
Kolkata,2023-09-10,194,202,112,45,18,1
Kolkata,2023-09-11,143,174,133,59,10,2
Kolkata,2023-09-12,183,89,162,92,49,3
Kolkata,2023-09-13,187,170,268,85,10,1
Kolkata,2023-09-14,189,239,107,50,41,4
Kolkata,2023-09-15,194,163,117,78,6,3
Kolkata,2023-09-16,174,116,144,35,17,1
Kolkata,2023-09-17,187,244,257,33,14,4
Kolkata,2023-09-18,146,104,243,23,44,1
Kolkata,2023-09-19,151,190,381,30,23,3
Kolkata,2023-09-20,190,187,150,34,42,0
Kolkata,2023-09-21,154,254,332,26,32,2
Kolkata,2023-09-22,165,227,343,59,21,0
Kolkata,2023-09-23,140,215,256,62,23,0
Kolkata,2023-09-24,198,197,222,60,18,2
Kolkata,2023-09-25,163,264,184,96,48,2
Kolkata,2023-09-26,148,182,398,49,18,1
Kolkata,2023-09-27,169,201,334,42,48,0
Kolkata,2023-09-28,196,154,86,67,42,0
Kolkata,2023-09-29,190,196,215,24,44,4
Kolkata,2023-09-30,160,101,309,75,34,1
Kolkata,2023-10-01,173,288,175,59,32,0
Kolkata,2023-10-02,173,203,193,52,31,0
Kolkata,2023-10-03,166,108,191,82,39,4
Kolkata,2023-10-04,143,251,383,77,18,2
Kolkata,2023-10-05,177,201,342,33,43,0
Kolkata,2023-10-06,150,180,157,59,31,0
Kolkata,2023-10-07,165,288,205,25,16,4
Kolkata,2023-10-08,155,200,382,96,31,3
Kolkata,2023-10-09,178,227,364,41,36,3
Kolkata,2023-10-10,176,138,395,34,38,0
Kolkata,2023-10-11,149,95,250,75,47,1
Kolkata,2023-10-12,148,260,174,56,39,0
Kolkata,2023-10-13,177,279,155,41,24,1
Kolkata,2023-10-14,164,287,212,81,39,1
Kolkata,2023-10-15,154,95,173,33,30,4
Kolkata,2023-10-16,196,248,145,44,17,3
Kolkata,2023-10-17,191,112,235,94,43,0
Kolkata,2023-10-18,192,230,116,84,48,2
Kolkata,2023-10-19,169,231,147,95,46,4
Kolkata,2023-10-20,164,152,145,74,45,0
Kolkata,2023-10-21,140,52,399,71,28,2
Kolkata,2023-10-22,164,120,115,90,28,0
Kolkata,2023-10-23,194,217,285,23,42,3
Kolkata,2023-10-24,174,217,371,71,20,2
Kolkata,2023-10-25,198,279,245,89,6,1
Kolkata,2023-10-26,178,286,375,40,49,1
Kolkata,2023-10-27,155,224,101,63,10,3
Kolkata,2023-10-28,146,238,159,42,13,4
Kolkata,2023-10-29,187,212,99,62,33,0
Kolkata,2023-10-30,141,85,302,63,24,2
Kolkata,2023-10-31,181,105,397,52,15,1
Kolkata,2023-11-01,205,127,386,98,27,4
Kolkata,2023-11-02,197,80,280,85,26,4
Kolkata,2023-11-03,202,109,316,78,28,1
Kolkata,2023-11-04,198,202,146,94,12,2
Kolkata,2023-11-05,191,284,125,48,40,0
Kolkata,2023-11-06,197,195,81,28,39,2
Kolkata,2023-11-07,206,229,385,47,47,2
Kolkata,2023-11-08,196,265,311,35,13,2
Kolkata,2023-11-09,238,280,346,70,8,2
Kolkata,2023-11-10,227,276,283,46,6,2
Kolkata,2023-11-11,200,179,291,37,15,0
Kolkata,2023-11-12,229,282,217,85,19,1
Kolkata,2023-11-13,226,240,117,55,5,1
Kolkata,2023-11-14,242,237,177,88,28,1
Kolkata,2023-11-15,249,192,337,44,34,0
Kolkata,2023-11-16,208,261,267,51,12,2
Kolkata,2023-11-17,239,183,140,58,18,2
Kolkata,2023-11-18,226,109,350,69,17,2
Kolkata,2023-11-19,238,253,152,92,13,1
Kolkata,2023-11-20,216,224,219,28,22,0
Kolkata,2023-11-21,245,102,117,69,41,3
Kolkata,2023-11-22,205,133,148,27,30,3
Kolkata,2023-11-23,209,197,164,55,28,2
Kolkata,2023-11-24,212,177,230,54,39,3
Kolkata,2023-11-25,239,172,378,47,18,2
Kolkata,2023-11-26,228,226,121,64,7,0
Kolkata,2023-11-27,237,283,152,83,15,1
Kolkata,2023-11-28,213,66,139,45,34,4
Kolkata,2023-11-29,235,219,295,47,8,4
Kolkata,2023-11-30,247,113,344,85,5,2
Kolkata,2023-12-01,191,51,225,45,42,0
Kolkata,2023-12-02,211,109,356,99,17,3
Kolkata,2023-12-03,215,188,122,25,19,1
Kolkata,2023-12-04,203,150,383,95,22,0
Kolkata,2023-12-05,236,293,378,48,16,2
Kolkata,2023-12-06,248,141,200,24,41,3
Kolkata,2023-12-07,233,206,369,73,29,0
Kolkata,2023-12-08,240,204,260,90,26,2
Kolkata,2023-12-09,244,213,143,49,25,2
Kolkata,2023-12-10,227,251,133,86,46,0
Kolkata,2023-12-11,209,80,109,97,11,4
Kolkata,2023-12-12,227,54,142,81,23,1
Kolkata,2023-12-13,236,152,237,40,35,2
Kolkata,2023-12-14,249,287,220,96,13,2
Kolkata,2023-12-15,220,111,294,34,44,1
Kolkata,2023-12-16,243,106,228,94,29,3
Kolkata,2023-12-17,196,198,350,46,11,0
Kolkata,2023-12-18,202,264,203,52,29,0
Kolkata,2023-12-19,239,109,140,38,31,4
Kolkata,2023-12-20,239,97,374,72,29,3
Kolkata,2023-12-21,242,227,290,72,12,2
Kolkata,2023-12-22,201,244,190,64,32,3
Kolkata,2023-12-23,192,233,399,75,26,4
Kolkata,2023-12-24,242,253,99,76,21,2
Kolkata,2023-12-25,243,287,391,48,32,3
Kolkata,2023-12-26,226,246,194,21,29,0
Kolkata,2023-12-27,216,152,204,35,35,0
Kolkata,2023-12-28,203,65,99,56,19,3
Kolkata,2023-12-29,195,218,386,59,49,4
Kolkata,2023-12-30,201,52,270,69,24,3
Kolkata,2023-12-31,234,161,123,83,27,1
Kolkata,2024-01-01,244,289,217,84,7,3
Kolkata,2024-01-02,229,80,256,35,46,1
Kolkata,2024-01-03,231,200,297,26,33,2
Kolkata,2024-01-04,216,119,370,51,7,2
Kolkata,2024-01-05,195,200,392,29,37,4
Kolkata,2024-01-06,192,156,192,44,21,0
Kolkata,2024-01-07,231,280,157,54,16,0
Kolkata,2024-01-08,202,147,317,65,16,3
Kolkata,2024-01-09,197,163,392,61,45,0
Kolkata,2024-01-10,200,238,322,36,47,1
Kolkata,2024-01-11,194,191,257,24,42,0
Kolkata,2024-01-12,243,172,185,50,22,4
Kolkata,2024-01-13,249,265,148,24,13,3
Kolkata,2024-01-14,210,166,147,82,9,1
Kolkata,2024-01-15,201,73,301,59,26,1
Kolkata,2024-01-16,229,215,91,52,12,2
Kolkata,2024-01-17,235,222,121,27,6,1
Kolkata,2024-01-18,203,91,365,93,36,2
Kolkata,2024-01-19,226,272,220,55,35,2
Kolkata,2024-01-20,217,142,302,54,33,0
Kolkata,2024-01-21,201,173,207,77,45,4
Kolkata,2024-01-22,236,234,219,89,44,0
Kolkata,2024-01-23,232,188,261,50,34,1
Kolkata,2024-01-24,211,67,216,38,20,0
Kolkata,2024-01-25,216,294,86,32,18,0
Kolkata,2024-01-26,203,228,374,62,11,2
Kolkata,2024-01-27,193,72,165,59,11,0
Kolkata,2024-01-28,218,141,228,29,17,4
Kolkata,2024-01-29,234,126,294,90,7,2
Kolkata,2024-01-30,211,130,100,69,10,0
Kolkata,2024-01-31,225,204,246,57,40,1
Kolkata,2024-02-01,171,178,174,56,29,1
Kolkata,2024-02-02,176,167,145,98,38,4
Kolkata,2024-02-03,140,75,281,79,5,4
Kolkata,2024-02-04,186,69,152,31,47,4
Kolkata,2024-02-05,193,128,345,63,7,3
Kolkata,2024-02-06,149,235,387,71,35,4
Kolkata,2024-02-07,154,254,221,64,34,4
Kolkata,2024-02-08,175,98,368,74,39,4
Kolkata,2024-02-09,152,159,224,92,15,3
Kolkata,2024-02-10,150,164,294,74,37,0
Kolkata,2024-02-11,160,237,320,24,48,0
Kolkata,2024-02-12,195,142,130,56,37,0
Kolkata,2024-02-13,170,58,111,86,21,4
Kolkata,2024-02-14,185,76,284,92,9,1
Kolkata,2024-02-15,194,173,301,90,10,3
Kolkata,2024-02-16,190,105,259,68,37,4
Kolkata,2024-02-17,144,202,328,87,9,3
Kolkata,2024-02-18,152,161,356,93,7,2
Kolkata,2024-02-19,179,269,217,96,25,3
Kolkata,2024-02-20,195,66,336,41,44,1
Kolkata,2024-02-21,152,184,386,63,17,0
Kolkata,2024-02-22,147,166,389,50,40,2
Kolkata,2024-02-23,174,215,300,51,45,0
Kolkata,2024-02-24,160,215,384,68,17,4
Kolkata,2024-02-25,196,212,373,83,36,1
Kolkata,2024-02-26,143,177,396,87,43,0
Kolkata,2024-02-27,171,230,101,85,31,3
Kolkata,2024-02-28,152,150,116,71,27,4
Kolkata,2024-02-29,180,265,363,21,13,1
Kolkata,2024-03-01,196,109,201,63,32,1
Kolkata,2024-03-02,140,199,222,21,19,0
Kolkata,2024-03-03,185,278,390,55,29,3
Kolkata,2024-03-04,172,262,386,93,48,2
Kolkata,2024-03-05,174,84,301,94,31,3
Kolkata,2024-03-06,159,71,275,41,26,2
Kolkata,2024-03-07,148,268,185,40,14,4
Kolkata,2024-03-08,176,131,130,93,35,1
Kolkata,2024-03-09,183,134,132,97,8,0
Kolkata,2024-03-10,146,67,254,75,22,1
Kolkata,2024-03-11,145,258,208,80,26,0
Kolkata,2024-03-12,144,279,368,28,43,0
Kolkata,2024-03-13,175,84,377,81,29,3
Kolkata,2024-03-14,199,218,219,75,16,0
Kolkata,2024-03-15,192,148,396,22,30,3
Kolkata,2024-03-16,195,117,83,47,32,1
Kolkata,2024-03-17,181,180,142,53,26,0
Kolkata,2024-03-18,187,158,383,96,9,3
Kolkata,2024-03-19,185,188,150,44,40,4
Kolkata,2024-03-20,161,246,275,65,46,1
Kolkata,2024-03-21,166,197,92,94,38,1
Kolkata,2024-03-22,186,259,271,89,16,0
Kolkata,2024-03-23,185,128,117,47,33,3
Kolkata,2024-03-24,197,59,167,30,15,2
Kolkata,2024-03-25,164,230,274,98,24,1
Kolkata,2024-03-26,148,70,399,99,22,3
Kolkata,2024-03-27,169,82,387,39,32,1
Kolkata,2024-03-28,158,99,92,80,27,2
Kolkata,2024-03-29,140,224,337,33,41,1
Kolkata,2024-03-30,174,116,80,90,9,0
Kolkata,2024-03-31,177,178,265,45,45,4
Kolkata,2024-04-01,144,60,257,55,28,0
Kolkata,2024-04-02,155,276,204,86,27,4
Kolkata,2024-04-03,199,216,318,64,28,4
Kolkata,2024-04-04,144,240,136,99,42,4
Kolkata,2024-04-05,145,282,93,84,23,4
Kolkata,2024-04-06,163,211,146,82,37,4
Kolkata,2024-04-07,159,133,280,20,45,0
Kolkata,2024-04-08,142,160,92,74,37,3
Kolkata,2024-04-09,183,103,384,64,11,4
Kolkata,2024-04-10,195,84,309,94,16,4
Kolkata,2024-04-11,149,260,272,99,37,3
Kolkata,2024-04-12,151,88,144,65,10,1
Kolkata,2024-04-13,183,173,206,68,28,3
Kolkata,2024-04-14,157,206,123,98,25,2
Kolkata,2024-04-15,166,94,336,55,21,1
Kolkata,2024-04-16,151,288,307,37,33,4
Kolkata,2024-04-17,172,255,276,27,11,2
Kolkata,2024-04-18,161,119,114,25,29,4
Kolkata,2024-04-19,178,270,102,84,43,1
Kolkata,2024-04-20,183,184,95,41,25,0
Kolkata,2024-04-21,147,252,160,37,44,1
Kolkata,2024-04-22,194,62,171,65,17,3
Kolkata,2024-04-23,183,188,346,65,44,2
Kolkata,2024-04-24,151,142,394,61,13,1
Kolkata,2024-04-25,189,223,126,61,34,3
Kolkata,2024-04-26,187,269,164,84,29,4
Kolkata,2024-04-27,172,135,382,67,25,0
Kolkata,2024-04-28,161,169,93,31,30,4
Kolkata,2024-04-29,167,103,333,91,44,3
Kolkata,2024-04-30,175,287,123,36,44,2
Kolkata,2024-05-01,145,184,134,62,18,1
Kolkata,2024-05-02,188,265,99,66,42,1
Kolkata,2024-05-03,173,191,127,83,40,1
Kolkata,2024-05-04,172,66,368,35,48,1
Kolkata,2024-05-05,173,76,335,36,34,4
Kolkata,2024-05-06,189,74,191,52,8,1
Kolkata,2024-05-07,158,127,119,80,14,4
Kolkata,2024-05-08,192,211,146,35,32,1
Kolkata,2024-05-09,166,262,288,96,12,1
Kolkata,2024-05-10,140,91,329,69,18,0
Kolkata,2024-05-11,170,277,273,94,48,1
Kolkata,2024-05-12,178,234,285,56,24,1
Kolkata,2024-05-13,188,215,233,68,27,3
Kolkata,2024-05-14,140,105,118,29,25,0
Kolkata,2024-05-15,190,131,88,73,9,4
Kolkata,2024-05-16,194,208,216,46,28,3
Kolkata,2024-05-17,143,288,369,59,14,3
Kolkata,2024-05-18,177,123,348,65,21,0
Kolkata,2024-05-19,189,52,198,23,31,2
Kolkata,2024-05-20,199,69,127,21,41,0
Kolkata,2024-05-21,179,199,325,41,16,2
Kolkata,2024-05-22,149,205,83,83,10,4
Kolkata,2024-05-23,144,286,138,88,25,0
Kolkata,2024-05-24,158,288,93,35,44,2
Kolkata,2024-05-25,197,267,140,89,5,4
Kolkata,2024-05-26,196,199,381,50,7,3
Kolkata,2024-05-27,191,233,228,76,21,4
Kolkata,2024-05-28,183,202,165,49,22,3
Kolkata,2024-05-29,195,198,296,38,33,4
Kolkata,2024-05-30,189,126,327,55,14,3
Kolkata,2024-05-31,182,194,320,42,27,0
Kolkata,2024-06-01,166,286,119,77,16,4
Kolkata,2024-06-02,125,93,285,52,21,4
Kolkata,2024-06-03,178,125,155,94,25,1
Kolkata,2024-06-04,154,257,375,52,43,4
Kolkata,2024-06-05,172,162,151,30,46,1
Kolkata,2024-06-06,178,61,244,70,16,2
Kolkata,2024-06-07,122,89,343,35,6,3
Kolkata,2024-06-08,126,187,237,95,30,1
Kolkata,2024-06-09,153,97,282,80,49,3
Kolkata,2024-06-10,138,179,142,29,21,0
Kolkata,2024-06-11,178,293,343,64,37,2
Kolkata,2024-06-12,127,58,169,58,16,3
Kolkata,2024-06-13,122,268,305,66,28,0
Kolkata,2024-06-14,172,220,322,73,33,0
Kolkata,2024-06-15,133,281,198,98,14,0
Kolkata,2024-06-16,170,88,219,31,6,3
Kolkata,2024-06-17,161,263,257,37,28,3
Kolkata,2024-06-18,121,291,84,30,49,4
Kolkata,2024-06-19,161,157,179,82,26,0
Kolkata,2024-06-20,131,214,366,74,17,4
Kolkata,2024-06-21,150,199,306,47,39,4
Kolkata,2024-06-22,163,224,121,78,27,2
Kolkata,2024-06-23,151,169,195,60,23,1
Kolkata,2024-06-24,148,72,223,74,25,1
Kolkata,2024-06-25,164,95,130,27,7,1
Kolkata,2024-06-26,170,127,268,49,34,0
Kolkata,2024-06-27,127,158,258,45,34,1
Kolkata,2024-06-28,141,89,216,90,36,1
Kolkata,2024-06-29,175,73,227,93,18,0
Kolkata,2024-06-30,168,156,207,42,32,2
Kolkata,2024-07-01,140,203,220,68,36,0
Kolkata,2024-07-02,125,53,258,51,33,0
Kolkata,2024-07-03,164,223,191,94,11,4
Kolkata,2024-07-04,140,247,375,92,15,4
Kolkata,2024-07-05,124,219,249,69,44,1
Kolkata,2024-07-06,171,144,241,64,23,4
Kolkata,2024-07-07,135,251,201,81,36,4
Kolkata,2024-07-08,136,145,179,56,45,2
Kolkata,2024-07-09,155,209,205,37,45,2
Kolkata,2024-07-10,147,257,293,66,31,2
Kolkata,2024-07-11,148,260,273,57,36,2
Kolkata,2024-07-12,140,127,177,38,19,3
Kolkata,2024-07-13,175,297,375,25,28,0
Kolkata,2024-07-14,146,69,310,41,43,2
Kolkata,2024-07-15,163,283,87,77,5,0
Kolkata,2024-07-16,133,252,264,65,31,1
Kolkata,2024-07-17,164,232,207,78,38,3
Kolkata,2024-07-18,147,131,332,55,40,2
Kolkata,2024-07-19,138,78,197,72,39,0
Kolkata,2024-07-20,176,249,378,86,10,0
Kolkata,2024-07-21,134,129,245,64,24,1
Kolkata,2024-07-22,168,107,264,56,10,1
Kolkata,2024-07-23,143,176,258,43,18,1
Kolkata,2024-07-24,176,200,368,88,32,0
Kolkata,2024-07-25,153,285,391,79,10,4
Kolkata,2024-07-26,161,110,389,94,49,2
Kolkata,2024-07-27,120,203,105,60,10,3
Kolkata,2024-07-28,135,189,245,53,43,1
Kolkata,2024-07-29,136,272,303,88,43,2
Kolkata,2024-07-30,163,81,331,97,25,3
Kolkata,2024-07-31,125,220,358,64,31,2
Kolkata,2024-08-01,123,77,204,88,19,2
Kolkata,2024-08-02,163,138,191,63,38,4
Kolkata,2024-08-03,138,110,170,50,29,3
Kolkata,2024-08-04,171,85,207,70,32,2
Kolkata,2024-08-05,145,111,290,54,17,2
Kolkata,2024-08-06,135,126,101,96,34,0
Kolkata,2024-08-07,161,213,80,93,35,4
Kolkata,2024-08-08,130,204,141,54,24,3
Kolkata,2024-08-09,138,178,235,51,42,2
Kolkata,2024-08-10,141,121,148,56,8,4
Kolkata,2024-08-11,137,267,379,99,10,1
Kolkata,2024-08-12,176,194,296,87,7,2
Kolkata,2024-08-13,165,237,344,79,24,1
Kolkata,2024-08-14,136,270,387,95,36,3
Kolkata,2024-08-15,155,254,351,78,20,1
Kolkata,2024-08-16,167,86,373,53,48,4
Kolkata,2024-08-17,144,106,187,35,6,4
Kolkata,2024-08-18,158,83,82,46,35,1
Kolkata,2024-08-19,152,101,224,36,33,3
Kolkata,2024-08-20,126,149,225,77,9,4
Kolkata,2024-08-21,158,113,150,82,12,0
Kolkata,2024-08-22,152,268,98,92,19,4
Kolkata,2024-08-23,169,299,204,75,10,2
Kolkata,2024-08-24,168,109,313,38,13,4
Kolkata,2024-08-25,129,129,281,37,18,3
Kolkata,2024-08-26,122,193,344,86,29,2
Kolkata,2024-08-27,154,146,285,83,6,1
Kolkata,2024-08-28,169,280,381,25,33,3
Kolkata,2024-08-29,177,230,236,76,22,2
Kolkata,2024-08-30,159,73,248,61,29,3
Kolkata,2024-08-31,179,182,202,30,18,3
Kolkata,2024-09-01,183,278,206,27,29,1
Kolkata,2024-09-02,192,232,243,71,29,3
Kolkata,2024-09-03,193,289,390,69,34,2
Kolkata,2024-09-04,170,78,301,50,34,1
Kolkata,2024-09-05,171,129,203,75,30,2
Kolkata,2024-09-06,175,252,379,54,18,4
Kolkata,2024-09-07,171,176,280,43,10,0
Kolkata,2024-09-08,162,117,263,26,42,0
Kolkata,2024-09-09,170,179,240,97,31,1
Kolkata,2024-09-10,151,109,153,25,16,1
Kolkata,2024-09-11,168,234,176,36,20,2
Kolkata,2024-09-12,155,80,122,29,35,0
Kolkata,2024-09-13,186,101,398,90,17,3
Kolkata,2024-09-14,165,148,184,83,39,3
Kolkata,2024-09-15,140,221,129,51,35,3
Kolkata,2024-09-16,149,143,297,51,36,2
Kolkata,2024-09-17,195,146,280,77,26,0
Kolkata,2024-09-18,188,230,211,45,29,3
Kolkata,2024-09-19,158,70,102,72,20,1
Kolkata,2024-09-20,146,223,267,59,9,0
Kolkata,2024-09-21,174,65,368,51,6,2
Kolkata,2024-09-22,163,72,251,55,26,1
Kolkata,2024-09-23,163,280,164,79,7,1
Kolkata,2024-09-24,162,181,137,63,35,1
Kolkata,2024-09-25,190,143,374,98,25,3
Kolkata,2024-09-26,193,176,320,62,19,3
Kolkata,2024-09-27,171,74,175,62,39,0
Kolkata,2024-09-28,194,160,156,21,34,1
Kolkata,2024-09-29,141,188,369,96,37,0
Kolkata,2024-09-30,164,103,277,34,43,2
Kolkata,2024-10-01,193,235,385,46,6,0
Kolkata,2024-10-02,167,158,198,26,17,4
Kolkata,2024-10-03,168,101,236,99,10,3
Kolkata,2024-10-04,160,62,222,47,25,4
Kolkata,2024-10-05,162,298,240,66,39,3
Kolkata,2024-10-06,152,160,292,42,42,4
Kolkata,2024-10-07,171,171,147,70,43,4
Kolkata,2024-10-08,193,270,249,80,22,2
Kolkata,2024-10-09,181,134,331,32,34,4
Kolkata,2024-10-10,178,171,355,63,35,0
Kolkata,2024-10-11,142,197,360,55,31,1
Kolkata,2024-10-12,165,151,265,25,23,2
Kolkata,2024-10-13,187,234,268,46,33,2
Kolkata,2024-10-14,198,205,391,26,16,1
Kolkata,2024-10-15,180,271,135,47,7,3
Kolkata,2024-10-16,161,271,356,98,5,2
Kolkata,2024-10-17,151,282,262,53,17,0
Kolkata,2024-10-18,181,89,211,50,34,3
Kolkata,2024-10-19,159,257,307,58,12,4
Kolkata,2024-10-20,185,59,202,35,31,0
Kolkata,2024-10-21,198,274,357,24,7,4
Kolkata,2024-10-22,145,134,334,91,5,4
Kolkata,2024-10-23,142,261,252,29,14,2
Kolkata,2024-10-24,179,276,225,36,26,3
Kolkata,2024-10-25,185,81,377,74,30,4
Kolkata,2024-10-26,171,76,250,81,29,0
Kolkata,2024-10-27,144,119,166,80,47,3
Kolkata,2024-10-28,152,134,360,66,9,3
Kolkata,2024-10-29,143,174,94,55,5,0
Kolkata,2024-10-30,175,204,343,95,21,1
Kolkata,2024-10-31,173,54,296,48,16,2
Kolkata,2024-11-01,219,87,376,93,10,0
Kolkata,2024-11-02,235,164,275,37,44,4
Kolkata,2024-11-03,248,223,380,94,31,2
Kolkata,2024-11-04,200,253,354,83,9,0
Kolkata,2024-11-05,201,66,300,23,7,1
Kolkata,2024-11-06,191,113,229,34,34,3
Kolkata,2024-11-07,220,182,339,20,48,0
Kolkata,2024-11-08,194,61,297,81,48,1
Kolkata,2024-11-09,211,243,136,79,12,4
Kolkata,2024-11-10,217,155,202,55,6,2
Kolkata,2024-11-11,193,179,291,52,5,3
Kolkata,2024-11-12,220,241,340,24,5,0
Kolkata,2024-11-13,242,253,206,38,6,4
Kolkata,2024-11-14,242,218,252,77,11,4
Kolkata,2024-11-15,213,180,177,34,30,3
Kolkata,2024-11-16,203,80,144,26,11,4
Kolkata,2024-11-17,198,288,395,70,25,3
Kolkata,2024-11-18,195,212,104,54,15,4
Kolkata,2024-11-19,244,126,178,63,25,1
Kolkata,2024-11-20,222,126,331,47,23,0
Kolkata,2024-11-21,247,254,241,69,28,1
Kolkata,2024-11-22,242,284,227,93,16,3
Kolkata,2024-11-23,209,159,122,99,44,2
Kolkata,2024-11-24,199,265,80,89,27,4
Kolkata,2024-11-25,193,130,216,59,7,0
Kolkata,2024-11-26,212,159,104,29,22,4
Kolkata,2024-11-27,249,164,399,23,36,3
Kolkata,2024-11-28,196,233,119,78,18,3
Kolkata,2024-11-29,247,297,282,92,17,1
Kolkata,2024-11-30,206,203,184,48,30,0
Kolkata,2024-12-01,200,85,384,85,29,4
Kolkata,2024-12-02,232,277,304,48,19,0
Kolkata,2024-12-03,242,293,216,25,24,0
Kolkata,2024-12-04,220,74,213,91,21,2
Kolkata,2024-12-05,209,215,238,76,43,3
Kolkata,2024-12-06,247,192,194,26,22,4
Kolkata,2024-12-07,217,219,115,39,20,4
Kolkata,2024-12-08,221,277,226,87,13,3
Kolkata,2024-12-09,249,113,88,98,36,2
Kolkata,2024-12-10,223,83,103,53,23,2
Kolkata,2024-12-11,234,279,81,41,9,1
Kolkata,2024-12-12,205,78,194,98,17,0
Kolkata,2024-12-13,202,292,119,22,41,2
Kolkata,2024-12-14,203,152,226,21,8,0
Kolkata,2024-12-15,207,218,326,95,10,1
Kolkata,2024-12-16,246,91,346,66,24,2
Kolkata,2024-12-17,207,212,98,24,10,1
Kolkata,2024-12-18,245,294,219,71,30,0
Kolkata,2024-12-19,223,97,394,38,18,1
Kolkata,2024-12-20,220,158,385,41,27,4
Kolkata,2024-12-21,239,278,320,24,36,0
Kolkata,2024-12-22,214,232,111,29,6,0
Kolkata,2024-12-23,245,75,203,56,26,1
Kolkata,2024-12-24,216,80,308,88,8,1
Kolkata,2024-12-25,247,184,393,91,31,1
Kolkata,2024-12-26,225,250,297,96,7,1
Kolkata,2024-12-27,230,78,325,94,13,0
Kolkata,2024-12-28,219,80,142,76,37,4
Kolkata,2024-12-29,198,168,313,63,23,3
Kolkata,2024-12-30,227,203,359,33,40,4
Kolkata,2024-12-31,191,221,290,59,15,3
